ward_id,district_id,province_id,name,type,legacy_alias
dn_hc_haichau1,dn_haichau,,Hải Châu 1,phường,
dn_hc_thachthang,dn_haichau,,Thạch Thang,phường,
dn_st_thomay,dn_sontra,,Thọ Quang,phường,
dn_tk2_tanthanh,dn_tamky,,Tân Thạnh,phường,
dn_tk_thanhkhedong,dn_thanhkhe,,Thanh Khê Đông,phường,
hcm_bt_thanhda,hcm_binhthanh,,Thanh Đa,phường,
hcm_q1_bennghe,hcm_quan1,,Bến Nghé,phường,
hcm_q1_denthanh,hcm_quan1,,Đa Kao,phường,
hcm_q3_vothiSau,hcm_quan3,,Võ Thị Sáu,phường,
hcm_q5_chobonthanh,hcm_quan5,,Chợ Quán,phường,
hcm_td_binhtho,hcm_thuduc,,Bình Thọ,phường,
hn_bd_dienbien,hn_badinh,,Điện Biên,phường,
hn_bd_ngochoa,hn_badinh,,Ngọc Hà,phường,
hn_cg_dichvong,hn_caugiay,,Dịch Vọng,phường,
hn_dd_khambuoi,hn_dongda,,Khâm Thiên,phường,
hn_hbt_bachmai,hn_haibatrung,,Bạch Mai,phường,
hn_hk_hangbac,hn_hoankiem,,Hàng Bạc,phường,
hn_hk_trangtien,hn_hoankiem,,Tràng Tiền,phường,
osm_ward_10088783,,32,Mỹ Tho,phường,
osm_ward_10088904,,32,Đạo Thạnh,phường,
osm_ward_10088905,,32,Mỹ Phong,phường,
osm_ward_10088908,,32,Thới Sơn,phường,
osm_ward_10088909,,32,Trung An,phường,
osm_ward_10105785,,32,Cai Lậy,phường,
osm_ward_10105898,,32,Nhị Quý,phường,
osm_ward_10105901,,32,Thanh Hòa,phường,
osm_ward_10105980,,32,Mỹ Phước Tây,phường,
osm_ward_10105984,,32,Tân Phú,xã,
osm_ward_10109552,,31,Long Châu,phường,
osm_ward_10109560,,31,Tân Ngãi,phường,
osm_ward_10113771,,31,Cái Vồn,phường,
osm_ward_10113774,,31,Bình Minh,phường,
osm_ward_10113777,,31,Đông Thành,phường,
osm_ward_10136993,,05,Hưng Phú,phường,
osm_ward_10136998,,05,Cái Răng,phường,
osm_ward_10151346,,05,Ngã Bảy,phường,
osm_ward_10151347,,05,Đại Thành,phường,
osm_ward_10329654,,02,Bàu Lâm,xã,
osm_ward_10330034,,02,Hòa Hội,xã,
osm_ward_10522419,,29,Long Phước,xã,
osm_ward_10522449,,30,Nhựt Tảo,xã,
osm_ward_10522450,,30,Tân Long,xã,
osm_ward_10590955,,02,Chánh Hiệp,phường,
osm_ward_10606838,,05,Phú Lợi,phường,
osm_ward_10606842,,05,Sóc Trăng,phường,
osm_ward_10610050,,33,Bạc Liêu,phường,
osm_ward_10610084,,33,Hiệp Thành,phường,
osm_ward_10610085,,33,Vĩnh Trạch,phường,
osm_ward_10614892,,33,Giá Rai,phường,
osm_ward_10614894,,33,Láng Tròn,phường,
osm_ward_10617838,,33,Phong Thạnh,xã,
osm_ward_10623732,,33,Tân Thành,phường,
osm_ward_10623848,,33,An Xuyên,phường,
osm_ward_10623851,,33,Hòa Thành,phường,
osm_ward_10623852,,33,Lý Văn Lâm,phường,
osm_ward_11379195,,02,Bình Châu,xã,
osm_ward_11379196,,02,Hòa Hiệp,xã,
osm_ward_11678981,,05,Hiệp Hưng,xã,
osm_ward_11679164,,32,Thường Phước,xã,
osm_ward_11829799,,24,Lý Sơn,đặc khu,
osm_ward_12033840,,34,Thổ Châu,đặc khu,
osm_ward_12852607,,34,Phú Quốc,đặc khu,
osm_ward_13253186,,29,Tân An,xã,
osm_ward_13254047,,29,Trị An,phường,
osm_ward_13264114,,29,Phú Lý,xã,
osm_ward_13420411,,29,Tân Đông Hiệp,phường,
osm_ward_13452549,,29,Phước Thái,xã,
osm_ward_13452575,,29,Bình An,xã,
osm_ward_13452858,,29,Long Thành,phường,
osm_ward_13452953,,29,An Phước,xã,
osm_ward_13453216,,29,Trảng Bom,phường,
osm_ward_13455517,,02,Phú Lợi,phường,
osm_ward_13455518,,02,Bình Dương,phường,
osm_ward_13470501,,02,Lái Thiêu,phường,
osm_ward_13470503,,02,Bình Hòa,phường,
osm_ward_13470504,,02,An Phú,phường,
osm_ward_13470506,,02,Thuận Giao,phường,
osm_ward_13470588,,02,Thuận An,phường,
osm_ward_13470837,,29,Đại Phước,xã,
osm_ward_13470865,,29,Phước An,xã,
osm_ward_13473319,,29,Gia Kiệm,xã,
osm_ward_13474219,,29,An Viễn,xã,
osm_ward_13474381,,29,Hố Nai,phường,
osm_ward_13474383,,29,Bình Minh,xã,
osm_ward_13474919,,29,Bàu Hàm,xã,
osm_ward_13475043,,29,Hưng Thịnh,xã,
osm_ward_13477425,,02,Tân Uyên,phường,
osm_ward_13477540,,02,Tân Khánh,phường,
osm_ward_13477543,,02,Vĩnh Tân,phường,
osm_ward_13477544,,02,Bình Cơ,phường,
osm_ward_13477545,,02,Tân Hiệp,phường,
osm_ward_13477595,,02,Phú An,phường,
osm_ward_13477596,,02,Tây Nam,phường,
osm_ward_13477612,,02,Hòa Lợi,phường,
osm_ward_13477632,,02,Chánh Phú Hòa,phường,
osm_ward_13477633,,02,Bến Cát,phường,
osm_ward_13477634,,02,Thới Hòa,phường,
osm_ward_13477646,,30,Trảng Bàng,phường,
osm_ward_13480995,,29,Định Quán,xã,
osm_ward_13483630,,32,Sơn Qui,phường,
osm_ward_13483631,,32,Long Thuận,phường,
osm_ward_13483778,,32,Gò Công,phường,
osm_ward_13483786,,32,Bình Xuân,phường,
osm_ward_13499146,,29,Xuân Lộc,phường,
osm_ward_13503856,,27,Mũi Né,phường,
osm_ward_13512181,,32,Long Khánh,xã,
osm_ward_13512185,,32,Long Phú Thuận,xã,
osm_ward_13512226,,32,Hồng Ngự,phường,
osm_ward_13512229,,32,An Bình,phường,
osm_ward_13512339,,31,Tân Quới,xã,
osm_ward_13512379,,05,Cái Khế,phường,
osm_ward_13512464,,05,Ninh Kiều,phường,
osm_ward_13512595,,05,Tân An,phường,
osm_ward_13512619,,05,An Bình,phường,
osm_ward_13514267,,05,Bình Thủy,phường,
osm_ward_13514288,,05,Long Tuyền,phường,
osm_ward_13514289,,05,Thới An Đông,phường,
osm_ward_13514870,,05,Thới Lai,xã,
osm_ward_13514903,,05,Phong Điền,xã,
osm_ward_13514921,,05,Thạnh An,xã,
osm_ward_13514937,,05,Vĩnh Thạnh,xã,
osm_ward_13516506,,05,Lịch Hội Thượng,xã,
osm_ward_13516729,,05,Tân Phước Hưng,xã,
osm_ward_13518151,,31,Mỹ Thuận,xã,
osm_ward_13518493,,31,Tân Lược,xã,
osm_ward_13518623,,31,Cái Nhum,xã,
osm_ward_13518643,,31,Trà Ôn,xã,
osm_ward_13519579,,32,Hòa Long,xã,
osm_ward_13519699,,32,Tân Dương,xã,
osm_ward_13519734,,32,Phong Hòa,xã,
osm_ward_13530999,,05,Phước Thới,phường,
osm_ward_13531000,,05,Ô Môn,phường,
osm_ward_13531122,,05,Thới Long,phường,
osm_ward_13532748,,05,Thuận Hưng,phường,
osm_ward_13533112,,05,Trung Nhứt,phường,
osm_ward_13533113,,05,Thốt Nốt,phường,
osm_ward_13533977,,30,Mỹ An,xã,
osm_ward_13534020,,30,Mỹ Thạnh,xã,
osm_ward_13534034,,30,Thủ Thừa,xã,
osm_ward_13534112,,30,Tân Trụ,xã,
osm_ward_13534131,,30,Vàm Cỏ,xã,
osm_ward_13556150,,05,Nhơn Ái,xã,
osm_ward_13556151,,05,Trường Long,xã,
osm_ward_13556233,,05,Đông Thuận,xã,
osm_ward_13556290,,05,Trường Thành,xã,
osm_ward_13556450,,05,Phụng Hiệp,xã,
osm_ward_13556609,,05,Vĩnh Trinh,xã,
osm_ward_13556814,,05,Thạnh Quới,xã,
osm_ward_13563885,,31,Duyên Hải,phường,
osm_ward_13565174,,31,Long Hữu,xã,
osm_ward_13565259,,31,Trường Long Hòa,phường,
osm_ward_13565357,,31,Long Thành,xã,
osm_ward_13566786,,34,Bình Đức,phường,
osm_ward_13566853,,34,Long Xuyên,phường,
osm_ward_13566998,,34,Mỹ Thới,phường,
osm_ward_13568534,,32,Gia Thuận,xã,
osm_ward_13568695,,32,Tân Đông,xã,
osm_ward_13568838,,32,Tân Điền,xã,
osm_ward_13568839,,32,Gò Công Đông,xã,
osm_ward_13569150,,32,Tân Hòa,xã,
osm_ward_13570537,,05,Long Mỹ,phường,
osm_ward_13570538,,05,Long Bình,phường,
osm_ward_13570713,,05,Long Phú 1,phường,
osm_ward_13594615,,27,Phú Quý,đặc khu,
osm_ward_13645374,,34,Mỹ Đức,xã,
osm_ward_13645654,,34,Vĩnh Thạnh Trung,xã,
osm_ward_13646056,,34,Bình Mỹ,xã,
osm_ward_13646387,,34,Châu Phú,xã,
osm_ward_13646389,,34,Thạnh Mỹ Tây,xã,
osm_ward_13836898,,34,Vĩnh Tế,phường,
osm_ward_13836928,,34,Châu Đốc,phường,
osm_ward_13836972,,34,Vĩnh An,xã,
osm_ward_13841604,,32,Lai Vung,xã,
osm_ward_13967817,,04,Hòa Cường,phường,
osm_ward_13967823,,04,Cẩm Lệ,phường,
osm_ward_13967826,,04,Hòa Xuân,phường,
osm_ward_13967842,,04,Ngũ Hành Sơn,phường,
osm_ward_13969677,,04,Hải Châu,phường,
osm_ward_13981042,,04,An Khê,phường,
osm_ward_13995327,,04,Thanh Khê,phường,
osm_ward_13996723,,04,An Hải,phường,
osm_ward_13996982,,04,Sơn Trà,phường,
osm_ward_14473420,,29,La Ngà,xã,
osm_ward_14473422,,29,Phú Hòa,xã,
osm_ward_14474938,,29,Thống Nhất,xã,
osm_ward_14474939,,29,Phú Vinh,xã,
osm_ward_14475155,,29,Thanh Sơn,xã,
osm_ward_14478484,,27,Phú Thủy,phường,
osm_ward_14478488,,27,Phan Thiết,phường,
osm_ward_14478489,,27,Bình Thuận,phường,
osm_ward_14478613,,27,Tuyên Quang,xã,
osm_ward_14478614,,27,Tiến Thành,phường,
osm_ward_14484095,,29,Tân Phú,phường,
osm_ward_14484096,,29,Đak Lua,xã,
osm_ward_14484097,,29,Nam Cát Tiên,xã,
osm_ward_14488214,,29,Phú Lâm,xã,
osm_ward_14496625,,29,Tà Lài,xã,
osm_ward_14623064,,29,Xuân Định,xã,
osm_ward_14623690,,29,Xuân Phú,xã,
osm_ward_14624273,,29,Xuân Bắc,xã,
osm_ward_14624336,,29,Xuân Thành,xã,
osm_ward_14632280,,29,Xuân Hòa,xã,
osm_ward_14651840,,04,Hòa Khánh,phường,
osm_ward_14651843,,04,Hải Vân,phường,
osm_ward_14663931,,32,Tân Thới,xã,
osm_ward_14663934,,32,Tân Phú Đông,xã,
osm_ward_14669917,,34,An Châu,xã,
osm_ward_14669919,,34,Bình Hòa,xã,
osm_ward_14669922,,34,Cần Đăng,xã,
osm_ward_14669923,,34,Vĩnh Hanh,xã,
osm_ward_14670085,,34,Phú Hòa,xã,
osm_ward_14670089,,34,Vĩnh Trạch,xã,
osm_ward_14671589,,34,Thoại Sơn,xã,
osm_ward_14671592,,34,Óc Eo,xã,
osm_ward_14671681,,34,Tây Phú,xã,
osm_ward_14671684,,34,Định Mỹ,xã,
osm_ward_14672096,,34,Tân Châu,phường,
osm_ward_14672100,,34,Long Phú,phường,
osm_ward_14672152,,34,Châu Phong,xã,
osm_ward_14672448,,34,Tân An,xã,
osm_ward_14672451,,34,Vĩnh Xương,xã,
osm_ward_14672536,,34,An Phú,xã,
osm_ward_14672539,,34,Vĩnh Hậu,xã,
osm_ward_14672541,,34,Phú Hữu,xã,
osm_ward_14672613,,34,Nhơn Hội,xã,
osm_ward_14672615,,34,Khánh Bình,xã,
osm_ward_14675891,,34,Phú Lâm,xã,
osm_ward_14675894,,34,Hòa Lạc,xã,
osm_ward_14675896,,34,Chợ Vàm,xã,
osm_ward_14676453,,34,Phú An,xã,
osm_ward_14676456,,34,Phú Tân,xã,
osm_ward_14676462,,34,Bình Thạnh Đông,xã,
osm_ward_14681507,,32,Đồng Sơn,xã,
osm_ward_14681509,,32,Phú Thành,xã,
osm_ward_14681647,,32,Vĩnh Bình,xã,
osm_ward_14681649,,32,Vĩnh Hựu,xã,
osm_ward_14681651,,32,Long Bình,xã,
osm_ward_14706121,,05,Châu Thành,xã,
osm_ward_14706124,,05,Phú Hữu,xã,
osm_ward_14706126,,05,Đông Phước,xã,
osm_ward_14706461,,05,Thạnh Xuân,xã,
osm_ward_14706492,,05,Tân Hòa,xã,
osm_ward_14706494,,05,Trường Long Tây,xã,
osm_ward_14706916,,05,Thạnh Hòa,xã,
osm_ward_14706918,,05,Tân Bình,xã,
osm_ward_14706959,,05,Hòa An,xã,
osm_ward_14706960,,05,Phương Bình,xã,
osm_ward_14716840,,34,Cô Tô,xã,
osm_ward_14716842,,34,Tri Tôn,xã,
osm_ward_14716847,,34,Ô Lâm,xã,
osm_ward_14718332,,34,Ba Chúc,xã,
osm_ward_14718334,,34,Vĩnh Gia,xã,
osm_ward_14719015,,34,Núi Cấm,xã,
osm_ward_14719019,,34,Chi Lăng,phường,
osm_ward_14719126,,34,An Cư,xã,
osm_ward_14719265,,34,Thới Sơn,phường,
osm_ward_14719269,,34,Tịnh Biên,phường,
osm_ward_14719498,,34,Nhơn Mỹ,xã,
osm_ward_14719501,,34,Chợ Mới,xã,
osm_ward_14719503,,34,Long Điền,xã,
osm_ward_14719554,,34,Long Kiến,xã,
osm_ward_14719557,,34,Cù Lao Giêng,xã,
osm_ward_14719587,,34,Hội An,xã,
osm_ward_14722088,,32,Sa Đéc,phường,
osm_ward_14724643,,32,Lấp Vò,xã,
osm_ward_14724647,,32,Mỹ An Hưng,xã,
osm_ward_14724719,,32,Tân Khánh Trung,xã,
osm_ward_14726383,,32,Tân Phú Trung,xã,
osm_ward_14726872,,32,Tân Nhuận Đông,xã,
osm_ward_14726876,,32,Phú Hựu,xã,
osm_ward_14727692,,30,Tân Tây,xã,
osm_ward_14727695,,30,Thạnh Hóa,xã,
osm_ward_14727698,,30,Thạnh Phước,xã,
osm_ward_14727700,,30,Bình Thành,xã,
osm_ward_14728096,,32,Tân Phước 3,xã,
osm_ward_14728101,,32,Hưng Thạnh,xã,
osm_ward_14728103,,32,Tân Phước 1,xã,
osm_ward_14728105,,32,Tân Phước 2,xã,
osm_ward_14728586,,32,Chợ Gạo,xã,
osm_ward_14736643,,32,Bình Ninh,xã,
osm_ward_14736644,,32,An Thạnh Thủy,xã,
osm_ward_14736648,,32,Tân Thuận Bình,xã,
osm_ward_14741360,,32,Lương Hòa Lạc,xã,
osm_ward_14743456,,32,Mỹ Tịnh An,xã,
osm_ward_14743997,,32,Tân Hương,xã,
osm_ward_14744000,,32,Châu Thành,xã,
osm_ward_14744133,,32,Kim Sơn,xã,
osm_ward_14744136,,32,Vĩnh Kim,xã,
osm_ward_14744137,,32,Long Hưng,xã,
osm_ward_14744208,,32,Long Định,xã,
osm_ward_14744210,,32,Bình Trưng,xã,
osm_ward_14908441,,05,Hỏa Lựu,xã,
osm_ward_14908444,,05,Vị Tân,phường,
osm_ward_14908445,,05,Vị Thanh,phường,
osm_ward_14913483,,05,Vĩnh Tường,xã,
osm_ward_14913489,,05,Vị Thanh 1,xã,
osm_ward_14913491,,05,Vị Thủy,xã,
osm_ward_14920071,,05,Xà Phiên,xã,
osm_ward_14920074,,05,Lương Tâm,xã,
osm_ward_14920076,,05,Vĩnh Thuận Đông,xã,
osm_ward_14920078,,05,Vĩnh Viễn,xã,
osm_ward_14929783,,30,Phước Chỉ,xã,
osm_ward_14929839,,30,Gia Lộc,phường,
osm_ward_14929840,,30,An Tịnh,phường,
osm_ward_14929860,,30,Hưng Thuận,xã,
osm_ward_14985747,,32,Mỹ Đức Tây,xã,
osm_ward_14985750,,32,Mỹ Lợi,xã,
osm_ward_14985753,,32,Thanh Hưng,xã,
osm_ward_14985755,,32,Cái Bè,xã,
osm_ward_14985757,,32,Hội Cư,xã,
osm_ward_14985763,,32,Mỹ Thiện,xã,
osm_ward_14985765,,32,Hậu Mỹ,xã,
osm_ward_14985767,,32,An Hữu,xã,
osm_ward_15011354,,30,Tân Thạnh,xã,
osm_ward_15011357,,30,Nhơn Ninh,xã,
osm_ward_15011362,,30,Nhơn Hòa Lập,xã,
osm_ward_15011364,,30,Hậu Thạnh,xã,
osm_ward_15012310,,30,Tuyên Bình,xã,
osm_ward_15012314,,30,Vĩnh Hưng,xã,
osm_ward_15012318,,30,Khánh Hưng,xã,
osm_ward_15012537,,30,Vĩnh Châu,xã,
osm_ward_15012539,,30,Vĩnh Thạnh,xã,
osm_ward_15012540,,30,Tân Hưng,xã,
osm_ward_15012545,,30,Hưng Điền,xã,
osm_ward_15012708,,32,Hiệp Đức,xã,
osm_ward_15012710,,32,Bình Phú,xã,
osm_ward_15012712,,32,Mỹ Thành,xã,
osm_ward_15012713,,32,Thạnh Phú,xã,
osm_ward_15012716,,32,Long Tiên,xã,
osm_ward_15012719,,32,Ngũ Hiệp,xã,
osm_ward_15044265,,02,Trừ Văn Thố,xã,
osm_ward_15044266,,02,Bàu Bàng,xã,
osm_ward_15044270,,02,Long Nguyên,phường,
osm_ward_15071230,,02,Bắc Tân Uyên,xã,
osm_ward_15071235,,02,Thường Tân,xã,
osm_ward_15080218,,34,Kiên Hải,đặc khu,
osm_ward_15083127,,34,Vĩnh Điều,xã,
osm_ward_15083128,,34,Giang Thành,xã,
osm_ward_15328433,,02,Minh Thạnh,xã,
osm_ward_15328437,,02,Long Hòa,xã,
osm_ward_15328440,,02,Dầu Tiếng,xã,
osm_ward_15328441,,02,Thanh An,xã,
osm_ward_15332655,,34,Tô Châu,phường,
osm_ward_15332659,,34,Tiên Hải,xã,
osm_ward_15350008,,02,Phước Hòa,xã,
osm_ward_15350010,,02,An Long,xã,
osm_ward_15350042,,02,Phước Thành,xã,
osm_ward_15350067,,02,Phú Giáo,xã,
osm_ward_15409349,,34,Kiên Lương,xã,
osm_ward_15409351,,34,Hòn Nghệ,xã,
osm_ward_15409352,,34,Sơn Hải,xã,
osm_ward_15409356,,34,Hòa Điền,xã,
osm_ward_15416579,,34,Bình Sơn,xã,
osm_ward_15416580,,34,Bình Giang,xã,
osm_ward_15416584,,34,Hòn Đất,xã,
osm_ward_15416586,,34,Sơn Kiên,xã,
osm_ward_15416588,,34,Mỹ Thuận,xã,
osm_ward_15429954,,34,Vĩnh Thông,phường,
osm_ward_15429961,,34,Rạch Giá,phường,
osm_ward_15443436,,34,Châu Thành,xã,
osm_ward_15443437,,34,Bình An,xã,
osm_ward_15443445,,34,Thạnh Lộc,xã,
osm_ward_15444877,,30,Tân Ninh,phường,
osm_ward_15445052,,30,Ninh Thạnh,phường,
osm_ward_15445053,,30,Bình Minh,phường,
osm_ward_15448140,,30,Long Hoa,phường,
osm_ward_15448143,,30,Hòa Thành,phường,
osm_ward_15449914,,34,Tân Hiệp,xã,
osm_ward_15449915,,34,Thạnh Đông,xã,
osm_ward_15449921,,34,Tân Hội,xã,
osm_ward_15456045,,29,Bình Phước,phường,
osm_ward_15457893,,29,Đồng Xoài,phường,
osm_ward_15461456,,29,Bình Long,phường,
osm_ward_15461459,,29,An Lộc,phường,
osm_ward_15464567,,29,Phước Long,phường,
osm_ward_15464568,,29,Phước Bình,phường,
osm_ward_15467271,,34,Giồng Riềng,xã,
osm_ward_15467329,,34,Long Thạnh,xã,
osm_ward_15467332,,34,Thạnh Hưng,xã,
osm_ward_15467334,,34,Ngọc Chúc,xã,
osm_ward_15467335,,34,Hòa Thuận,xã,
osm_ward_15467338,,34,Hòa Hưng,xã,
osm_ward_15476021,,34,Gò Quao,xã,
osm_ward_15476022,,34,Định Hòa,xã,
osm_ward_15476028,,34,Vĩnh Hòa Hưng,xã,
osm_ward_15476029,,34,Vĩnh Tuy,xã,
osm_ward_15477728,,29,Chơn Thành,phường,
osm_ward_15477729,,29,Minh Hưng,phường,
osm_ward_15479855,,34,U Minh Thượng,xã,
osm_ward_15479858,,34,Vĩnh Hòa,xã,
osm_ward_15480266,,29,Nha Bích,xã,
osm_ward_15487119,,32,Cao Lãnh,phường,
osm_ward_15487124,,32,Mỹ Ngãi,phường,
osm_ward_15488798,,32,Mỹ Trà,phường,
osm_ward_15504989,,31,An Hội,phường,
osm_ward_15504993,,31,Bến Tre,phường,
osm_ward_15504995,,31,Phú Khương,phường,
osm_ward_15504996,,31,Phú Tân,phường,
osm_ward_15506733,,31,Sơn Đông,phường,
osm_ward_15517137,,34,Tây Yên,xã,
osm_ward_15517141,,34,Đông Thái,xã,
osm_ward_15517145,,34,An Biên,xã,
osm_ward_15534355,,34,Vĩnh Bình,xã,
osm_ward_15534357,,34,Vĩnh Phong,xã,
osm_ward_15534361,,34,Vĩnh Thuận,xã,
osm_ward_15554634,,34,Vân Khánh,xã,
osm_ward_15554636,,34,Đông Hưng,xã,
osm_ward_15554638,,34,An Minh,xã,
osm_ward_15554640,,34,Tân Thạnh,xã,
osm_ward_15554642,,34,Đông Hòa,xã,
osm_ward_15581284,,32,Tân Hồng,xã,
osm_ward_15581286,,32,An Phước,xã,
osm_ward_15581288,,32,Tân Thành,xã,
osm_ward_15581290,,32,Tân Hộ Cơ,xã,
osm_ward_15581561,,32,An Hòa,xã,
osm_ward_15581562,,32,An Long,xã,
osm_ward_15581829,,32,Phú Thọ,xã,
osm_ward_15581830,,32,Tràm Chim,xã,
osm_ward_15581832,,32,Tam Nông,xã,
osm_ward_15581834,,32,Phú Cường,xã,
osm_ward_15582342,,31,Trà Vinh,phường,
osm_ward_15582471,,31,Long Đức,phường,
osm_ward_15583701,,32,Thanh Bình,xã,
osm_ward_15583780,,32,Bình Thành,xã,
osm_ward_15583784,,32,Tân Thạnh,xã,
osm_ward_15583788,,32,Tân Long,xã,
osm_ward_15585703,,05,Ngã Năm,phường,
osm_ward_15585895,,05,Mỹ Quới,phường,
osm_ward_15585896,,05,Tân Long,xã,
osm_ward_15586691,,32,Phong Mỹ,xã,
osm_ward_15586694,,32,Phương Thịnh,xã,
osm_ward_15586695,,32,Ba Sao,xã,
osm_ward_15586817,,32,Mỹ Thọ,xã,
osm_ward_15586822,,32,Bình Hàng Trung,xã,
osm_ward_15586825,,32,Mỹ Hiệp,xã,
osm_ward_15587390,,32,Trường Xuân,xã,
osm_ward_15587393,,32,Mỹ Quí,xã,
osm_ward_15587396,,32,Tháp Mười,xã,
osm_ward_15587398,,32,Đốc Binh Kiều,xã,
osm_ward_15587400,,32,Thanh Mỹ,xã,
osm_ward_15587606,,05,Vĩnh Châu,phường,
osm_ward_15587608,,05,Khánh Hòa,phường,
osm_ward_15587609,,05,Vĩnh Phước,phường,
osm_ward_15587613,,31,Ngũ Lạc,xã,
osm_ward_15587614,,31,Đôn Châu,xã,
osm_ward_15587616,,31,Long Vĩnh,xã,
osm_ward_15587617,,31,Đông Hải,xã,
osm_ward_15587701,,05,Lai Hòa,xã,
osm_ward_15587702,,05,Vĩnh Hải,xã,
osm_ward_15607385,,31,An Bình,xã,
osm_ward_15607389,,31,Thanh Đức,phường,
osm_ward_15607449,,31,Long Hồ,xã,
osm_ward_15607453,,31,Phước Hậu,phường,
osm_ward_15607454,,31,Tân Hạnh,phường,
osm_ward_15607457,,31,Phú Quới,xã,
osm_ward_15607493,,31,Lục Sĩ Thành,xã,
osm_ward_15607649,,31,Ngãi Tứ,xã,
osm_ward_15607653,,31,Tam Bình,xã,
osm_ward_15607659,,31,Song Phú,xã,
osm_ward_15607660,,31,Cái Ngang,xã,
osm_ward_15607664,,31,Hòa Hiệp,xã,
osm_ward_15608373,,31,Nhơn Phú,xã,
osm_ward_15608374,,31,Bình Phước,xã,
osm_ward_15608376,,31,Tân Long Hội,xã,
osm_ward_15610929,,31,Vĩnh Xuân,xã,
osm_ward_15610932,,31,Trà Côn,xã,
osm_ward_15610934,,31,Hòa Bình,xã,
osm_ward_15611093,,33,Thới Bình,xã,
osm_ward_15611095,,33,Tân Lộc,xã,
osm_ward_15611096,,33,Hồ Thị Kỷ,xã,
osm_ward_15611098,,33,Trí Phải,xã,
osm_ward_15611102,,33,Biển Bạch,xã,
osm_ward_15614389,,31,Quới Thiện,xã,
osm_ward_15614393,,31,Trung Thành,xã,
osm_ward_15614394,,31,Trung Ngãi,xã,
osm_ward_15614398,,31,Trung Hiệp,xã,
osm_ward_15614400,,31,Quới An,xã,
osm_ward_15614403,,31,Hiếu Phụng,xã,
osm_ward_15614406,,31,Hiếu Thành,xã,
osm_ward_15617606,,31,Hưng Khánh Trung,xã,
osm_ward_15617732,,31,Phú Phụng,xã,
osm_ward_15617735,,31,Chợ Lách,xã,
osm_ward_15617740,,31,Vĩnh Thành,xã,
osm_ward_15618456,,31,Phú Túc,xã,
osm_ward_15618463,,31,Giao Long,xã,
osm_ward_15620126,,31,Tiên Thủy,xã,
osm_ward_15620128,,31,Tân Phú,xã,
osm_ward_15624322,,31,Nhuận Phú Tân,xã,
osm_ward_15624327,,31,Phước Mỹ Trung,xã,
osm_ward_15624330,,31,Tân Thành Bình,xã,
osm_ward_15628054,,33,Nguyễn Phích,xã,
osm_ward_15628055,,33,Khánh An,xã,
osm_ward_15628056,,33,Khánh Lâm,xã,
osm_ward_15628060,,33,U Minh,xã,
osm_ward_15640145,,33,Trần Văn Thời,xã,
osm_ward_15640147,,33,Khánh Hưng,xã,
osm_ward_15640149,,33,Đá Bạc,xã,
osm_ward_15640151,,33,Khánh Bình,xã,
osm_ward_15640152,,33,Sông Đốc,xã,
osm_ward_15649376,,33,Đất Mũi,xã,
osm_ward_15649485,,33,Phan Ngọc Hiển,xã,
osm_ward_15649488,,33,Tân Ân,xã,
osm_ward_15649576,,33,Đất Mới,xã,
osm_ward_15649578,,33,Năm Căn,xã,
osm_ward_15649581,,33,Tam Giang,xã,
osm_ward_15650993,,33,Nguyễn Việt Khái,xã,
osm_ward_15650997,,33,Phú Tân,xã,
osm_ward_15650998,,33,Phú Mỹ,xã,
osm_ward_15651000,,33,Cái Đôi Vàm,xã,
osm_ward_15657853,,05,Tài Văn,xã,
osm_ward_15657854,,05,Thạnh Thới An,xã,
osm_ward_15658217,,05,Cù Lao Dung,xã,
osm_ward_15658220,,05,An Thạnh,xã,
osm_ward_15659014,,05,Đại Ngãi,xã,
osm_ward_15659016,,05,Trường Khánh,xã,
osm_ward_15659020,,05,Long Phú,xã,
osm_ward_15659023,,05,Tân Thạnh,xã,
osm_ward_15661136,,05,Đại Hải,xã,
osm_ward_15661139,,05,Kế Sách,xã,
osm_ward_15661141,,05,Nhơn Mỹ,xã,
osm_ward_15661143,,05,Thới An Hội,xã,
osm_ward_15661147,,05,An Lạc Thôn,xã,
osm_ward_15661148,,05,Phong Nẫm,xã,
osm_ward_15661433,,05,Hồ Đắc Kiện,xã,
osm_ward_15661434,,05,Thuận Hòa,xã,
osm_ward_15661436,,05,Phú Tâm,xã,
osm_ward_15661439,,05,An Ninh,xã,
osm_ward_15664500,,05,Long Hưng,xã,
osm_ward_15664502,,05,Mỹ Phước,xã,
osm_ward_15664503,,05,Mỹ Tú,xã,
osm_ward_15664505,,05,Mỹ Hương,xã,
osm_ward_15665321,,05,Vĩnh Lợi,xã,
osm_ward_15665325,,05,Phú Lộc,xã,
osm_ward_15665327,,05,Lâm Tân,xã,
osm_ward_15665886,,05,Mỹ Xuyên,phường,
osm_ward_15665889,,05,Nhu Gia,xã,
osm_ward_15665891,,05,Gia Hòa,xã,
osm_ward_15665894,,05,Hòa Tú,xã,
osm_ward_15665896,,05,Ngọc Tố,xã,
osm_ward_15680715,,33,Lương Thế Trân,xã,
osm_ward_15680718,,33,Hưng Mỹ,xã,
osm_ward_15680721,,33,Cái Nước,xã,
osm_ward_15680725,,33,Tân Hưng,xã,
osm_ward_15681834,,33,Ninh Thạnh Lợi,xã,
osm_ward_15681836,,33,Vĩnh Lộc,xã,
osm_ward_15681839,,33,Hồng Dân,xã,
osm_ward_15681840,,33,Ninh Quới,xã,
osm_ward_15682115,,33,Phong Hiệp,xã,
osm_ward_15682117,,33,Vĩnh Phước,xã,
osm_ward_15682119,,33,Phước Long,xã,
osm_ward_15682121,,33,Vĩnh Thanh,xã,
osm_ward_15684558,,33,Hưng Hội,xã,
osm_ward_15684560,,33,Vĩnh Lợi,xã,
osm_ward_15684563,,33,Châu Thới,xã,
osm_ward_15684656,,33,Hòa Bình,xã,
osm_ward_15684659,,33,Vĩnh Mỹ,xã,
osm_ward_15684662,,33,Vĩnh Hậu,xã,
osm_ward_15687977,,33,Đông Hải,xã,
osm_ward_15687980,,33,Gành Hào,xã,
osm_ward_15687982,,33,Long Điền,xã,
osm_ward_15687984,,33,An Trạch,xã,
osm_ward_15687986,,33,Định Thành,xã,
osm_ward_15689346,,33,Trần Phán,xã,
osm_ward_15689348,,33,Quách Phẩm,xã,
osm_ward_15689349,,33,Thanh Tùng,xã,
osm_ward_15689352,,33,Đầm Dơi,xã,
osm_ward_15689354,,33,Tạ An Khương,xã,
osm_ward_15689357,,33,Tân Thuận,xã,
osm_ward_15689358,,33,Tân Tiến,xã,
osm_ward_15712434,,31,Tam Ngãi,xã,
osm_ward_15712435,,31,An Phú Tân,xã,
osm_ward_15712437,,31,Cầu Kè,xã,
osm_ward_15712440,,31,Phong Thạnh,xã,
osm_ward_15718164,,31,Nhị Long,xã,
osm_ward_15718165,,31,Càng Long,xã,
osm_ward_15718168,,31,An Trường,xã,
osm_ward_15718169,,31,Bình Phú,xã,
osm_ward_15718173,,31,Tân An,xã,
osm_ward_15742706,,31,Long Hiệp,xã,
osm_ward_15742709,,31,Tập Sơn,xã,
osm_ward_15742712,,31,Lưu Nghiệp Anh,xã,
osm_ward_15742715,,31,Trà Cú,xã,
osm_ward_15742717,,31,Hàm Giang,xã,
osm_ward_15742720,,31,Đại An,xã,
osm_ward_15749953,,31,Tiểu Cần,xã,
osm_ward_15749956,,31,Tập Ngãi,xã,
osm_ward_15749959,,31,Hùng Hòa,xã,
osm_ward_15749960,,31,Tân Hòa,xã,
osm_ward_15754859,,31,Nguyệt Hóa,phường,
osm_ward_15754861,,31,Song Lộc,xã,
osm_ward_15754865,,31,Châu Thành,xã,
osm_ward_15754869,,31,Hòa Thuận,phường,
osm_ward_15754870,,31,Hưng Mỹ,xã,
osm_ward_15754871,,31,Hòa Minh,xã,
osm_ward_15754872,,31,Long Hòa,xã,
osm_ward_15761595,,31,Mỹ Long,xã,
osm_ward_15761598,,31,Hiệp Mỹ,xã,
osm_ward_15761602,,31,Cầu Ngang,xã,
osm_ward_15761604,,31,Vinh Kim,xã,
osm_ward_15761608,,31,Nhị Trường,xã,
osm_ward_15780618,,31,Mỏ Cày,xã,
osm_ward_15786149,,31,Thới Thuận,xã,
osm_ward_15786151,,31,Thạnh Phước,xã,
osm_ward_15786153,,31,Bình Đại,xã,
osm_ward_15786155,,31,Thạnh Trị,xã,
osm_ward_15786159,,31,Lộc Thuận,xã,
osm_ward_15786164,,31,Châu Hưng,xã,
osm_ward_15786165,,31,Phú Thuận,xã,
osm_ward_15789752,,30,Gò Dầu,phường,
osm_ward_15789753,,30,Phước Thạnh,xã,
osm_ward_15789758,,30,Thạnh Đức,xã,
osm_ward_15790097,,30,Bến Cầu,xã,
osm_ward_15790099,,30,Long Thuận,xã,
osm_ward_15790103,,30,Long Chữ,xã,
osm_ward_15793131,,30,Dương Minh Châu,xã,
osm_ward_15793136,,30,Cầu Khởi,xã,
osm_ward_15793137,,30,Truông Mít,xã,
osm_ward_15793138,,30,Lộc Ninh,xã,
osm_ward_15796260,,30,Thanh Điền,phường,
osm_ward_15796263,,30,Châu Thành,xã,
osm_ward_15796267,,30,Hảo Đước,xã,
osm_ward_15796268,,30,Phước Vinh,xã,
osm_ward_15796271,,30,Hòa Hội,xã,
osm_ward_15796273,,30,Ninh Điền,xã,
osm_ward_15801666,,30,Trà Vong,xã,
osm_ward_15801672,,30,Thạnh Bình,xã,
osm_ward_15801674,,30,Tân Lập,xã,
osm_ward_15801693,,30,Tân Biên,xã,
osm_ward_15817789,,30,Tân Phú,xã,
osm_ward_15817791,,30,Tân Châu,xã,
osm_ward_15817793,,30,Tân Thành,xã,
osm_ward_15817794,,30,Tân Hòa,xã,
osm_ward_15817796,,30,Tân Đông,xã,
osm_ward_15817798,,30,Tân Hội,xã,
osm_ward_15817968,,31,Giồng Trôm,xã,
osm_ward_15817969,,31,Châu Hòa,xã,
osm_ward_15817970,,31,Tân Hào,xã,
osm_ward_15817971,,31,Hưng Nhượng,xã,
osm_ward_15817974,,31,Lương Hòa,xã,
osm_ward_15817979,,31,Lương Phú,xã,
osm_ward_15817982,,31,Phước Long,xã,
osm_ward_15819805,,31,Đồng Khởi,xã,
osm_ward_15819811,,31,Thành Thới,xã,
osm_ward_15819813,,31,An Định,xã,
osm_ward_15819819,,31,Hương Mỹ,xã,
osm_ward_15825254,,31,An Qui,xã,
osm_ward_15825259,,31,Thạnh Phong,xã,
osm_ward_15825261,,31,Thạnh Phú,xã,
osm_ward_15825262,,31,Thạnh Hải,xã,
osm_ward_15825267,,31,Quới Điền,xã,
osm_ward_15825270,,31,Đại Điền,xã,
osm_ward_15828198,,31,An Hiệp,xã,
osm_ward_15828200,,31,Ba Tri,xã,
osm_ward_15828202,,31,An Ngãi Trung,xã,
osm_ward_15828206,,31,Mỹ Chánh Hòa,xã,
osm_ward_15828209,,31,Tân Xuân,xã,
osm_ward_15828216,,31,Tân Thủy,xã,
osm_ward_15828218,,31,Bảo Thạnh,xã,
osm_ward_15848502,,04,Hòa Tiến,xã,
osm_ward_15848504,,04,Hòa Vang,xã,
osm_ward_15848508,,04,Bà Nà,xã,
osm_ward_15848509,,04,Liên Chiểu,phường,
osm_ward_15855151,,29,Bù Gia Mập,xã,
osm_ward_15855152,,29,Đăk Ơ,xã,
osm_ward_15855154,,29,Phú Nghĩa,xã,
osm_ward_15855157,,29,Đa Kia,xã,
osm_ward_15870135,,29,Hưng Phước,xã,
osm_ward_15870136,,29,Thiện Hưng,xã,
osm_ward_15870139,,29,Tân Tiến,xã,
osm_ward_15924739,,29,Lộc Ninh,phường,
osm_ward_15924740,,29,Lộc Tấn,xã,
osm_ward_15924741,,29,Lộc Thạnh,xã,
osm_ward_15924743,,29,Lộc Quang,xã,
osm_ward_15963937,,29,Lộc Thành,xã,
osm_ward_15963938,,29,Lộc Hưng,xã,
osm_ward_15978771,,16,An Tường,phường,
osm_ward_15978773,,16,Nông Tiến,phường,
osm_ward_15980440,,16,Minh Xuân,phường,
osm_ward_16003664,,29,Tân Hưng,xã,
osm_ward_16003666,,29,Tân Quan,xã,
osm_ward_16003667,,29,Tân Khai,phường,
osm_ward_16003670,,29,Minh Đức,xã,
osm_ward_16013452,,16,Hùng Lợi,xã,
osm_ward_16064585,,29,Phú Trung,xã,
osm_ward_16064586,,29,Phú Riềng,xã,
osm_ward_16064587,,29,Bình Tân,xã,
osm_ward_16064592,,29,Long Hà,xã,
osm_ward_16071698,,27,La Gi,phường,
osm_ward_16071699,,27,Phước Hội,phường,
osm_ward_16071900,,27,Tân Hải,xã,
osm_ward_16074366,,26,Bảo An,phường,
osm_ward_16074369,,26,Đô Vinh,phường,
osm_ward_16074980,,26,Đông Hải,phường,
osm_ward_16074981,,26,Phan Rang,phường,
osm_ward_16075211,,26,Ninh Chử,phường,
osm_ward_16126126,,29,Thọ Sơn,xã,
osm_ward_16126127,,29,Đak Nhau,xã,
osm_ward_16126129,,29,Bom Bo,xã,
osm_ward_16126133,,29,Bù Đăng,xã,
osm_ward_16126135,,29,Phước Sơn,xã,
osm_ward_16126139,,29,Nghĩa Trung,xã,
osm_ward_16139016,,25,Nhơn Châu,xã,
osm_ward_16139323,,26,Ba Ngòi,phường,
osm_ward_16139327,,26,Bắc Cam Ranh,phường,
osm_ward_16140100,,26,Cam Ranh,phường,
osm_ward_16140101,,26,Cam Linh,phường,
osm_ward_16140246,,26,Nam Cam Ranh,xã,
osm_ward_16190351,,20,Xuân Cẩm,xã,
osm_ward_16203649,,26,Nha Trang,phường,
osm_ward_16203955,,26,Bắc Nha Trang,phường,
osm_ward_16204932,,29,Đồng Phú,phường,
osm_ward_16204938,,29,Tân Lợi,xã,
osm_ward_16204940,,29,Đồng Tâm,xã,
osm_ward_16204941,,29,Thuận Lợi,xã,
osm_ward_16205486,,26,Nam Nha Trang,phường,
osm_ward_16205487,,26,Tây Nha Trang,phường,
osm_ward_16250896,,27,Cát Tiên 3,xã,
osm_ward_16250897,,27,Cát Tiên 2,xã,
osm_ward_16250901,,27,Cát Tiên,xã,
osm_ward_16269756,,27,Đạ Tẻh 2,xã,
osm_ward_16269759,,27,Đạ Tẻh 3,xã,
osm_ward_16269764,,27,Đạ Tẻh,xã,
osm_ward_16371502,,27,Đạ Huoai 3,xã,
osm_ward_16371504,,27,Đạ Huoai 2,xã,
osm_ward_16371509,,27,Đạ Huoai,xã,
osm_ward_16442348,,27,1 Bảo Lộc,phường,
osm_ward_16442349,,27,2 Bảo Lộc,phường,
osm_ward_16442350,,27,3 Bảo Lộc,phường,
osm_ward_16442351,,27,B Lao,phường,
osm_ward_16622966,,27,Bảo Lâm 4,xã,
osm_ward_16622969,,27,Bảo Lâm 5,xã,
osm_ward_16622972,,27,Bảo Lâm 1,xã,
osm_ward_16635043,,27,Bảo Lâm 3,xã,
osm_ward_16635044,,27,Bảo Lâm 2,xã,
osm_ward_16775081,,27,Hòa Ninh,xã,
osm_ward_16775084,,27,Đinh Trang Thượng,xã,
osm_ward_16782760,,27,Di Linh,xã,
osm_ward_16801799,,27,Hòa Bắc,xã,
osm_ward_16827644,,27,Sơn Điền,xã,
osm_ward_17012706,,27,Xuân Hương Đà Lạt,phường,
osm_ward_17012708,,27,Lâm Viên Đà Lạt,phường,
osm_ward_17012710,,27,Xuân Trường Đà Lạt,phường,
osm_ward_17012712,,27,Cam Ly Đà Lạt,phường,
osm_ward_17013092,,27,Gia Hiệp,xã,
osm_ward_17013093,,27,Bảo Thuận,xã,
osm_ward_17054573,,27,Phan Rí Cửa,xã,
osm_ward_17054743,,27,Tuy Phong,xã,
osm_ward_17054746,,26,Liên Hương,xã,
osm_ward_17054748,,27,Vĩnh Hảo,xã,
osm_ward_17055279,,27,Sơn Mỹ,xã,
osm_ward_17055280,,27,Hàm Tân,xã,
osm_ward_17055609,,27,Tân Minh,xã,
osm_ward_17058448,,27,Tân Thành,xã,
osm_ward_17058450,,27,Tân Lập,xã,
osm_ward_17058452,,27,Hàm Thuận Nam,xã,
osm_ward_17058740,,27,Hàm Kiệm,xã,
osm_ward_17058743,,27,Hàm Thạnh,xã,
osm_ward_17059701,,27,Hòa Thắng,xã,
osm_ward_17061758,,27,Hồng Thái,xã,
osm_ward_17061762,,27,Bắc Bình,xã,
osm_ward_17061765,,27,Hải Ninh,xã,
osm_ward_17064182,,27,Lương Sơn,xã,
osm_ward_17064183,,27,Sông Lũy,xã,
osm_ward_17064186,,27,Phan Sơn,xã,
osm_ward_17070161,,27,Trà Tân,xã,
osm_ward_17070163,,27,Hoài Đức,xã,
osm_ward_17070687,,26,Ninh Hòa,phường,
osm_ward_17070755,,27,Đức Linh,xã,
osm_ward_17070758,,27,Nam Thành,xã,
osm_ward_17073629,,27,Suối Kiết,xã,
osm_ward_17073633,,27,Tánh Linh,xã,
osm_ward_17075632,,27,Đồng Kho,xã,
osm_ward_17075634,,27,Bắc Ruộng,xã,
osm_ward_17075636,,27,Nghị Đức,xã,
osm_ward_17077146,,27,La Dạ,xã,
osm_ward_17077149,,27,Đông Giang,xã,
osm_ward_17077329,,26,Nam Ninh Hòa,xã,
osm_ward_17079641,,26,Hòa Thắng,phường,
osm_ward_17079643,,26,Đông Ninh Hòa,phường,
osm_ward_17079645,,26,Tây Ninh Hòa,xã,
osm_ward_17082270,,26,Bắc Ninh Hòa,xã,
osm_ward_17082272,,26,Hòa Trí,xã,
osm_ward_17082273,,26,Tân Định,xã,
osm_ward_17082758,,27,Hàm Thuận,xã,
osm_ward_17082759,,27,Hàm Thuận Bắc,xã,
osm_ward_17082764,,27,Hồng Sơn,xã,
osm_ward_17083176,,27,Hàm Thắng,phường,
osm_ward_17083178,,27,Hàm Liêm,xã,
osm_ward_17137598,,27,Đức Trọng,xã,
osm_ward_17137600,,27,Tân Hội,xã,
osm_ward_17137603,,27,Tà Hine,xã,
osm_ward_17137604,,27,Ninh Gia,xã,
osm_ward_17150942,,27,Tà Năng,xã,
osm_ward_17191108,,27,Hiệp Thạnh,xã,
osm_ward_17250461,,27,Nam Hà Lâm Hà,xã,
osm_ward_17250462,,27,Nam Ban Lâm Hà,xã,
osm_ward_17250468,,27,Tân Hà Lâm Hà,xã,
osm_ward_17250469,,27,Đinh Văn Lâm Hà,xã,
osm_ward_17269141,,27,Phú Sơn Lâm Hà,xã,
osm_ward_17269144,,27,Phúc Thọ Lâm Hà,xã,
osm_ward_17320342,,27,Đam Rông 1,xã,
osm_ward_17358876,,27,Đam Rông 2,xã,
osm_ward_17358877,,27,Đam Rông 3,xã,
osm_ward_17412026,,27,D Ran,xã,
osm_ward_17412028,,27,Ka Đô,xã,
osm_ward_17412029,,27,Quảng Lập,xã,
osm_ward_17412034,,27,Đơn Dương,xã,
osm_ward_17442730,,27,Lạc Dương,xã,
osm_ward_17442731,,27,Lang Biang Đà Lạt,phường,
osm_ward_17442732,,27,Đam Rông 4,xã,
osm_ward_17500732,,27,Nhân Cơ,xã,
osm_ward_17500734,,27,Kiến Đức,xã,
osm_ward_17500737,,27,Quảng Tín,xã,
osm_ward_17527154,,27,Đông Gia Nghĩa,phường,
osm_ward_17527156,,27,Bắc Gia Nghĩa,phường,
osm_ward_17527157,,27,Nam Gia Nghĩa,phường,
osm_ward_17563765,,27,Quảng Sơn,xã,
osm_ward_17563769,,27,Tà Đùng,xã,
osm_ward_17563770,,27,Quảng Khê,xã,
osm_ward_17563771,,27,Quảng Hòa,xã,
osm_ward_17567483,,28,Buôn Ma Thuột,phường,
osm_ward_17567484,,28,Tân An,phường,
osm_ward_17567485,,28,Tân Lập,phường,
osm_ward_17569012,,28,Hòa Phú,xã,
osm_ward_17569015,,28,Ea Kao,phường,
osm_ward_17569018,,28,Thành Nhất,phường,
osm_ward_17596559,,27,Tuy Đức,xã,
osm_ward_17596561,,27,Quảng Tân,xã,
osm_ward_17596563,,27,Quảng Trực,xã,
osm_ward_17606321,,26,Xuân Hải,xã,
osm_ward_17606327,,26,Vĩnh Hải,xã,
osm_ward_17606330,,26,Công Hải,xã,
osm_ward_17606334,,26,Bác Ái Tây,xã,
osm_ward_17606337,,26,Bác Ái,xã,
osm_ward_17606342,,26,Bác Ái Đông,xã,
osm_ward_17609698,,26,Phước Hà,xã,
osm_ward_17609702,,26,Thuận Nam,xã,
osm_ward_17609703,,26,Cà Ná,xã,
osm_ward_17609705,,26,Phước Dinh,xã,
osm_ward_17609708,,26,Ninh Phước,xã,
osm_ward_17609709,,26,Phước Hữu,xã,
osm_ward_17609713,,26,Phước Hậu,xã,
osm_ward_17609716,,26,Mỹ Sơn,xã,
osm_ward_17609717,,26,Anh Dũng,xã,
osm_ward_17609720,,26,Ninh Sơn,xã,
osm_ward_17609722,,26,Lâm Sơn,xã,
osm_ward_17642797,,27,Nâm Nung,xã,
osm_ward_17642801,,27,Nam Đà,xã,
osm_ward_17642802,,27,Krông Nô,xã,
osm_ward_17642806,,27,Quảng Phú,xã,
osm_ward_17671860,,27,Đắk Song,xã,
osm_ward_17671863,,27,Thuận Hạnh,xã,
osm_ward_17677775,,27,Trường Xuân,xã,
osm_ward_17677776,,27,Đức An,xã,
osm_ward_17715826,,27,Đắk Sắk,xã,
osm_ward_17715828,,27,Đức Lập,xã,
osm_ward_17715829,,27,Thuận An,xã,
osm_ward_17723139,,27,Đắk Mil,xã,
osm_ward_17752042,,27,Đắk Wil,xã,
osm_ward_17752044,,27,Nam Dong,xã,
osm_ward_17752048,,27,Cư Jút,xã,
osm_ward_17776226,,20,Mão Điền,phường,
osm_ward_17776228,,20,Trạm Lộ,phường,
osm_ward_17776230,,20,Ninh Xá,phường,
osm_ward_17777467,,20,Song Liễu,phường,
osm_ward_17777471,,20,Trí Quả,phường,
osm_ward_17781589,,20,Chi Lăng,phường,
osm_ward_17822627,,28,Liên Sơn Lắk,xã,
osm_ward_17822628,,28,Đắk Liêng,xã,
osm_ward_17822630,,28,Đắk Phơi,xã,
osm_ward_17822632,,28,Nam Ka,xã,
osm_ward_17822635,,28,Krông Nô,xã,
osm_ward_17870573,,28,Yang Mao,xã,
osm_ward_17870575,,28,Cư Pui,xã,
osm_ward_17870578,,28,Krông Bông,xã,
osm_ward_17870580,,28,Dang Kang,xã,
osm_ward_17870584,,28,Hòa Sơn,xã,
osm_ward_17916114,,28,Ea Trang,xã,
osm_ward_17916115,,28,Cư M ta,xã,
osm_ward_17916116,,28,M Drắk,xã,
osm_ward_17916117,,28,Ea Riêng,xã,
osm_ward_17916120,,28,Cư Prao,xã,
osm_ward_17916123,,28,Krông Á,xã,
osm_ward_17938381,,28,Ea Na,xã,
osm_ward_17938384,,28,Dur Kmăl,xã,
osm_ward_17938386,,28,Krông Ana,xã,
osm_ward_17965057,,28,Ea Ktur,xã,
osm_ward_17965059,,28,Ea Ning,xã,
osm_ward_17965063,,28,Dray Bhăng,xã,
osm_ward_18022777,,28,Tân Tiến,xã,
osm_ward_18022779,,28,Krông Pắc,xã,
osm_ward_18022783,,28,Ea Knuếc,xã,
osm_ward_18033772,,28,Ea Kly,xã,
osm_ward_18033775,,28,Vụ Bổn,xã,
osm_ward_18033776,,28,Ea Phê,xã,
osm_ward_18115030,,28,Ea Kar,xã,
osm_ward_18115032,,28,Ea Knốp,xã,
osm_ward_18115035,,28,Ea Păl,xã,
osm_ward_18115036,,28,Cư Yang,xã,
osm_ward_18115040,,28,Ea Ô,xã,
osm_ward_18227894,,28,Ea Drông,xã,
osm_ward_18227899,,28,Buôn Hồ,phường,
osm_ward_18227902,,28,Cư Bao,phường,
osm_ward_18256952,,03,Thiên Hương,phường,
osm_ward_18256961,,03,Lưu Kiếm,phường,
osm_ward_18270239,,20,Tam Sơn,phường,
osm_ward_18305003,,20,Phương Liễu,phường,
osm_ward_18305124,,20,Nam Sơn,phường,
osm_ward_18305255,,20,Nhân Hòa,phường,
osm_ward_18305437,,20,Bồng Lai,phường,
osm_ward_18305439,,20,Hạp Lĩnh,phường,
osm_ward_18307849,,20,Vũ Ninh,phường,
osm_ward_18309842,,20,Kinh Bắc,phường,
osm_ward_18309844,,20,Võ Cường,phường,
osm_ward_18312917,,20,Phù Lãng,phường,
osm_ward_18316811,,20,Đại Đồng,xã,
osm_ward_18317420,,20,Đồng Nguyên,phường,
osm_ward_18317425,,20,Phù Khê,phường,
osm_ward_18317719,,20,Đào Viên,phường,
osm_ward_18337738,,28,Ea Kiết,xã,
osm_ward_18337739,,28,Ea M Droh,xã,
osm_ward_18337744,,28,Cư M gar,xã,
osm_ward_18337747,,28,Quảng Phú,xã,
osm_ward_18337751,,28,Ea Tul,xã,
osm_ward_18337753,,28,Cuôr Đăng,xã,
osm_ward_18364393,,28,Buôn Đôn,xã,
osm_ward_18390685,,28,Ea Wer,xã,
osm_ward_18392160,,28,Ea Nuôl,xã,
osm_ward_18439792,,20,Nhân Thắng,phường,
osm_ward_18439966,,20,Đại Lai,xã,
osm_ward_18465772,,20,Cao Đức,xã,
osm_ward_18469581,,20,Đông Cứu,xã,
osm_ward_18469701,,20,Trung Kênh,xã,
osm_ward_18481212,,20,Trung Chính,xã,
osm_ward_18481319,,20,Lâm Thao,xã,
osm_ward_18481557,,20,Tân Chi,xã,
osm_ward_18481850,,20,Phật Tích,xã,
osm_ward_18485891,,20,Liên Bão,xã,
osm_ward_18496865,,28,Cư Pơng,xã,
osm_ward_18496866,,28,Krông Búk,xã,
osm_ward_18496868,,28,Pơng Drang,xã,
osm_ward_18508489,,20,Tam Đa,xã,
osm_ward_18509071,,20,Yên Trung,xã,
osm_ward_18509763,,20,Tam Giang,xã,
osm_ward_18514983,,20,Văn Môn,xã,
osm_ward_18646883,,28,Dliê Ya,xã,
osm_ward_18646887,,28,Tam Giang,xã,
osm_ward_18646890,,28,Krông Năng,xã,
osm_ward_18646892,,28,Phú Xuân,xã,
osm_ward_18649617,,20,Tân Sơn,xã,
osm_ward_18649815,,20,Sa Lý,xã,
osm_ward_18649967,,20,Biển Động,xã,
osm_ward_18653509,,20,Sơn Hải,xã,
osm_ward_18653821,,20,Biên Sơn,xã,
osm_ward_18654013,,20,Phượng Sơn,phường,
osm_ward_18654054,,20,Đèo Gia,xã,
osm_ward_18654095,,20,Nam Dương,xã,
osm_ward_18654096,,20,Kiên Lao,xã,
osm_ward_18658622,,20,Dương Hưu,xã,
osm_ward_18699320,,20,An Lạc,xã,
osm_ward_18699321,,20,Đông Phú,xã,
osm_ward_18699355,,20,Đại Sơn,xã,
osm_ward_18699430,,20,Tây Yên Tử,xã,
osm_ward_18699448,,20,Tuấn Đạo,xã,
osm_ward_18699478,,20,Nghĩa Phương,xã,
osm_ward_18707946,,20,Yên Định,xã,
osm_ward_18707983,,20,Bắc Lũng,xã,
osm_ward_18720279,,28,Ia Rvê,xã,
osm_ward_18720281,,28,Ea Bung,xã,
osm_ward_18720282,,28,Ea Súp,xã,
osm_ward_18726310,,20,Cẩm Lý,xã,
osm_ward_18726331,,20,Trường Sơn,xã,
osm_ward_18726339,,20,Lục Sơn,xã,
osm_ward_18742774,,28,Ia Lốp,xã,
osm_ward_18742775,,28,Ea Rốk,xã,
osm_ward_18758357,,20,Bắc Giang,phường,
osm_ward_18758370,,20,Tân Tiến,phường,
osm_ward_18758380,,20,Tiền Phong,phường,
osm_ward_18759231,,20,Đồng Việt,xã,
osm_ward_18759422,,20,Đa Mai,phường,
osm_ward_18759461,,20,Nhã Nam,xã,
osm_ward_18759494,,20,Vân Sơn,xã,
osm_ward_18759499,,20,Mỹ Thái,xã,
osm_ward_18762684,,20,Tân Dĩnh,xã,
osm_ward_18762724,,20,Tiên Lục,xã,
osm_ward_18763054,,20,Kép,phường,
osm_ward_18763210,,20,Yên Dũng,phường,
osm_ward_18787162,,20,Cảnh Thụy,phường,
osm_ward_18787303,,20,Phúc Hòa,xã,
osm_ward_18787338,,20,Tân An,phường,
osm_ward_18787456,,20,Ngọc Thiện,xã,
osm_ward_18787478,,20,Quang Trung,xã,
osm_ward_18787504,,20,Nếnh,phường,
osm_ward_18788173,,20,Tự Lạn,phường,
osm_ward_18788336,,28,Ea Hiao,xã,
osm_ward_18788341,,28,Ea Khăl,xã,
osm_ward_18788343,,28,Ea Wy,xã,
osm_ward_18788345,,28,Ea Drăng,xã,
osm_ward_18788347,,28,Ea H Leo,xã,
osm_ward_18802196,,20,Tam Tiến,xã,
osm_ward_18802345,,20,Hoàng Vân,xã,
osm_ward_18802476,,20,Bố Hạ,phường,
osm_ward_18802500,,20,Đồng Kỳ,xã,
osm_ward_18820860,,20,Vân Hà,phường,
osm_ward_18846899,,20,Xuân Lương,xã,
osm_ward_18847020,,20,Hợp Thịnh,xã,
osm_ward_18888798,,03,Nguyễn Trãi,phường,
osm_ward_19246057,,23,Đồng Thuận,phường,Quảng Bình
osm_ward_19246058,,23,Đồng Hới,phường,Quảng Bình
osm_ward_19246059,,23,Đồng Sơn,phường,Quảng Bình
osm_ward_19246337,,23,Nam Trạch,xã,Quảng Bình
osm_ward_19246338,,23,Hoàn Lão,xã,Quảng Bình
osm_ward_19249375,,23,Quảng Ninh,xã,Quảng Bình
osm_ward_19249376,,23,Ninh Châu,xã,Quảng Bình
osm_ward_19249377,,23,Trường Ninh,xã,Quảng Bình
osm_ward_19249378,,23,Trường Sơn,xã,Quảng Bình
osm_ward_19256449,,23,Cam Hồng,xã,Quảng Bình
osm_ward_19256450,,23,Lệ Thủy,xã,Quảng Bình
osm_ward_19256451,,23,Lệ Ninh,xã,Quảng Bình
osm_ward_19256452,,23,Kim Ngân,xã,Quảng Bình
osm_ward_19257676,,23,Sen Ngư,xã,Quảng Bình
osm_ward_19257677,,23,Trường Phú,xã,Quảng Bình
osm_ward_19257678,,23,Tân Mỹ,xã,Quảng Bình
osm_ward_19260477,,12,Đào Duy Từ,phường,
osm_ward_19260478,,12,Tĩnh Gia,phường,
osm_ward_19260479,,12,Ngọc Sơn,phường,
osm_ward_19260502,,02,Cầu Ông Lãnh,phường,
osm_ward_19260503,,02,Bến Thành,phường,
osm_ward_19260504,,02,Sài Gòn,phường,
osm_ward_19260505,,02,Tân Định,phường,
osm_ward_19260545,,02,Nhiêu Lộc,phường,
osm_ward_19260546,,02,Xuân Hòa,phường,
osm_ward_19260547,,02,Bàn Cờ,phường,
osm_ward_19260588,,02,Xóm Chiếu,phường,
osm_ward_19260589,,02,Khánh Hội,phường,
osm_ward_19260590,,02,Vĩnh Hội,phường,
osm_ward_19260681,,02,Chợ Lớn,phường,
osm_ward_19260682,,02,An Đông,phường,
osm_ward_19260683,,02,Chợ Quán,phường,
osm_ward_19260733,,02,Bình Phú,phường,
osm_ward_19260734,,02,Phú Lâm,phường,
osm_ward_19260735,,02,Bình Tây,phường,
osm_ward_19260736,,02,Bình Tiên,phường,
osm_ward_19260758,,02,Minh Phụng,phường,
osm_ward_19260759,,02,Bình Thới,phường,
osm_ward_19260760,,02,Hòa Bình,phường,
osm_ward_19260761,,02,Phú Thọ,phường,
osm_ward_19260769,,02,Hòa Hưng,phường,
osm_ward_19260770,,02,Vườn Lài,phường,
osm_ward_19260771,,02,Diên Hồng,phường,
osm_ward_19260925,,02,Chánh Hưng,phường,
osm_ward_19260926,,02,Phú Định,phường,
osm_ward_19260927,,02,Bình Đông,phường,
osm_ward_19260953,,02,Bình Lợi Trung,phường,
osm_ward_19260954,,02,Bình Thạnh,phường,
osm_ward_19260955,,02,Gia Định,phường,
osm_ward_19260956,,02,Thạnh Mỹ Tây,phường,
osm_ward_19260957,,02,Bình Quới,phường,
osm_ward_19261092,,02,An Nhơn,phường,
osm_ward_19261093,,02,Hạnh Thông,phường,
osm_ward_19261094,,02,Gò Vấp,phường,
osm_ward_19261095,,02,An Hội Đông,phường,
osm_ward_19261096,,02,Thông Tây Hội,phường,
osm_ward_19261097,,02,An Hội Tây,phường,
osm_ward_19261233,,02,Tân Hòa,phường,
osm_ward_19261234,,02,Tân Sơn Hòa,phường,
osm_ward_19261235,,02,Tân Sơn Nhất,phường,
osm_ward_19261236,,02,Bảy Hiền,phường,
osm_ward_19261237,,02,Tân Bình,phường,
osm_ward_19261238,,02,Tân Sơn,phường,
osm_ward_19261674,,02,Phú Nhuận,phường,
osm_ward_19261675,,02,Cầu Kiệu,phường,
osm_ward_19261676,,02,Đức Nhuận,phường,
osm_ward_19262130,,03,Gia Viên,phường,
osm_ward_19262131,,03,Ngô Quyền,phường,
osm_ward_19262156,,03,Lê Chân,phường,
osm_ward_19262157,,03,An Biên,phường,
osm_ward_19263155,,03,Hồng Bàng,phường,
osm_ward_19263156,,03,Hồng An,phường,
osm_ward_19263415,,03,Đông Hải,phường,
osm_ward_19263416,,03,Hải An,phường,
osm_ward_19265002,,03,Đồ Sơn,phường,
osm_ward_19265003,,03,Nam Đồ Sơn,phường,
osm_ward_19265171,,03,Kiến An,phường,
osm_ward_19265172,,03,Phù Liễn,phường,
osm_ward_19266158,,03,Hưng Đạo,phường,
osm_ward_19266159,,03,Dương Kinh,phường,
osm_ward_19266304,,03,Bạch Đằng,phường,
osm_ward_19266305,,03,Nam Triệu,phường,
osm_ward_19266306,,03,Hòa Bình,phường,
osm_ward_19266307,,03,Thủy Nguyên,phường,
osm_ward_19266421,,03,Lê Ích Mộc,phường,
osm_ward_19266422,,03,Việt Khê,xã,
osm_ward_19267737,,23,Bố Trạch,xã,Quảng Bình
osm_ward_19267738,,23,Đông Trạch,xã,Quảng Bình
osm_ward_19267739,,23,Bắc Trạch,xã,Quảng Bình
osm_ward_19267740,,23,Phong Nha,xã,Quảng Bình
osm_ward_19267741,,23,Thượng Trạch,xã,Quảng Bình
osm_ward_19268237,,03,An Hải,phường,
osm_ward_19268238,,03,An Dương,phường,
osm_ward_19268239,,03,An Phong,phường,
osm_ward_19269014,,03,Kiến Minh,xã,
osm_ward_19269015,,03,Kiến Thụy,xã,
osm_ward_19269016,,03,Kiến Hải,xã,
osm_ward_19269017,,03,Kiến Hưng,xã,
osm_ward_19269018,,03,Nghi Dương,xã,
osm_ward_19269169,,11,Vân Đồn,đặc khu,
osm_ward_19269185,,11,Cô Tô,đặc khu,
osm_ward_19270509,,23,Nam Gianh,xã,Quảng Bình
osm_ward_19270510,,23,Bắc Gianh,phường,Quảng Bình
osm_ward_19270511,,23,Ba Đồn,phường,Quảng Bình
osm_ward_19270512,,23,Nam Ba Đồn,xã,Quảng Bình
osm_ward_19270513,,23,Quảng Trạch,xã,Quảng Bình
osm_ward_19272121,,11,Quảng La,xã,
osm_ward_19272122,,11,Lương Minh,xã,
osm_ward_19272123,,11,Bình Khê,phường,
osm_ward_19272124,,11,Mạo Khê,phường,
osm_ward_19272125,,11,Hoàng Quế,phường,
osm_ward_19272126,,11,Đông Triều,phường,
osm_ward_19272127,,11,An Sinh,phường,
osm_ward_19272128,,11,Yên Tử,phường,
osm_ward_19272129,,11,Đông Mai,phường,
osm_ward_19272130,,11,Hiệp Hòa,phường,
osm_ward_19272131,,11,Vàng Danh,phường,
osm_ward_19272132,,11,Quảng Yên,phường,
osm_ward_19272133,,11,Uông Bí,phường,
osm_ward_19272134,,11,Phong Cốc,phường,
osm_ward_19272135,,11,Tuần Châu,phường,
osm_ward_19272136,,11,Việt Hưng,phường,
osm_ward_19272137,,11,Bãi Cháy,phường,
osm_ward_19272138,,11,Cao Xanh,phường,
osm_ward_19272139,,11,Kỳ Thượng,xã,
osm_ward_19272140,,11,Hồng Gai,phường,
osm_ward_19272141,,11,Hạ Long,phường,
osm_ward_19272142,,11,Hoành Bồ,phường,
osm_ward_19272143,,11,Thống Nhất,xã,
osm_ward_19272144,,11,Hà Tu,phường,
osm_ward_19272145,,11,Hà Lầm,phường,
osm_ward_19272345,,03,Kinh Môn,phường,
osm_ward_19272346,,03,Nguyễn Đại Năng,phường,
osm_ward_19272347,,03,Phạm Sư Mạnh,phường,
osm_ward_19272348,,03,Nhị Chiểu,phường,
osm_ward_19272349,,03,Lê Đại Hành,phường,
osm_ward_19272353,,03,Chu Văn An,phường,
osm_ward_19272354,,03,Trần Nhân Tông,phường,
osm_ward_19272489,,03,Chí Linh,phường,
osm_ward_19272565,,11,Hà An,phường,
osm_ward_19272566,,11,Liên Hòa,phường,
osm_ward_19273755,,11,Quảng Đức,xã,
osm_ward_19273756,,11,Hoành Mô,xã,
osm_ward_19273757,,11,Lục Hồn,xã,
osm_ward_19273758,,11,Quảng Tân,xã,
osm_ward_19273759,,11,Đầm Hà,xã,
osm_ward_19273760,,11,Hải Ninh,xã,
osm_ward_19273761,,11,Hải Sơn,xã,
osm_ward_19273762,,11,Vĩnh Thực,xã,
osm_ward_19273763,,11,Móng Cái 1,phường,
osm_ward_19273764,,11,Móng Cái 2,phường,
osm_ward_19273765,,11,Móng Cái 3,phường,
osm_ward_19273766,,11,Quang Hanh,phường,
osm_ward_19273767,,11,Cẩm Phả,phường,
osm_ward_19273768,,11,Cửa Ông,phường,
osm_ward_19273769,,11,Mông Dương,phường,
osm_ward_19274223,,03,Bạch Long Vĩ,đặc khu,
osm_ward_19275773,,15,Nùng Trí Cao,phường,
osm_ward_19275774,,15,Thục Phán,phường,
osm_ward_19275775,,15,Tân Giang,phường,
osm_ward_19282552,,03,Nguyễn Bỉnh Khiêm,xã,
osm_ward_19282553,,03,Vĩnh Am,xã,
osm_ward_19282554,,03,Vĩnh Hải,xã,
osm_ward_19282555,,03,Vĩnh Bảo,xã,
osm_ward_19282556,,03,Vĩnh Hòa,xã,
osm_ward_19282557,,03,Vĩnh Thịnh,xã,
osm_ward_19282558,,03,Vĩnh Thuận,xã,
osm_ward_19283378,,03,Hùng Thắng,xã,
osm_ward_19283379,,03,Chấn Hưng,xã,
osm_ward_19283380,,03,Tiên Minh,xã,
osm_ward_19283381,,03,Tiên Lãng,xã,
osm_ward_19283382,,03,Tân Minh,xã,
osm_ward_19283383,,03,Quyết Thắng,xã,
osm_ward_19285504,,03,An Hưng,xã,
osm_ward_19285505,,03,An Khánh,xã,
osm_ward_19285506,,03,An Lão,xã,
osm_ward_19285507,,03,An Trường,xã,
osm_ward_19285508,,03,An Quang,xã,
osm_ward_19287759,,03,Trần Liễu,phường,
osm_ward_19287760,,03,Nam An Phụ,xã,
osm_ward_19287761,,03,Bắc An Phụ,phường,
osm_ward_19291729,,03,Kim Thành,xã,
osm_ward_19291730,,03,An Thành,xã,
osm_ward_19291731,,03,Phú Thái,xã,
osm_ward_19291732,,03,Lai Khê,xã,
osm_ward_19292254,,03,Hà Đông,xã,
osm_ward_19292255,,03,Hà Nam,xã,
osm_ward_19292256,,03,Hà Bắc,xã,
osm_ward_19292257,,03,Hà Tây,xã,
osm_ward_19292258,,03,Thanh Hà,xã,
osm_ward_19297493,,03,Trần Hưng Đạo,phường,
osm_ward_19297517,,03,Hợp Tiến,xã,
osm_ward_19297518,,03,Trần Phú,xã,
osm_ward_19297519,,03,An Phú,xã,
osm_ward_19297520,,03,Thái Tân,xã,
osm_ward_19297521,,03,Nam Sách,xã,
osm_ward_19300139,,03,Ái Quốc,phường,
osm_ward_19300140,,03,Nam Đồng,phường,
osm_ward_19300141,,03,Hải Dương,phường,
osm_ward_19300142,,03,Thành Đông,phường,
osm_ward_19300143,,03,Tân Hưng,phường,
osm_ward_19300144,,03,Lê Thanh Nghị,phường,
osm_ward_19300145,,03,Việt Hòa,phường,
osm_ward_19300146,,03,Tứ Minh,phường,
osm_ward_19300147,,03,Thạch Khôi,phường,
osm_ward_19300827,,03,Đại Sơn,xã,
osm_ward_19300828,,03,Tân Kỳ,xã,
osm_ward_19300829,,03,Tứ Kỳ,xã,
osm_ward_19300830,,03,Chí Minh,xã,
osm_ward_19300831,,03,Lạc Phượng,xã,
osm_ward_19300832,,03,Nguyên Giáp,xã,
osm_ward_19301116,,01,Phúc Lợi,phường,
osm_ward_19301117,,01,Việt Hưng,phường,
osm_ward_19301118,,01,Bồ Đề,phường,
osm_ward_19301119,,01,Long Biên,phường,
osm_ward_19301873,,11,Tiên Yên,xã,
osm_ward_19301874,,11,Đông Ngũ,xã,
osm_ward_19301875,,11,Cái Chiên,xã,
osm_ward_19301876,,11,Điền Xá,xã,
osm_ward_19301877,,11,Hải Lạng,xã,
osm_ward_19301878,,11,Quảng Hà,xã,
osm_ward_19301879,,11,Đường Hoa,xã,
osm_ward_19301880,,11,Bình Liêu,xã,
osm_ward_19302177,,11,Hải Hòa,xã,
osm_ward_19302178,,11,Ba Chẽ,xã,
osm_ward_19307249,,16,Bình Thuận,phường,
osm_ward_19310630,,16,Yên Lập,xã,
osm_ward_19310631,,16,Kiên Đài,xã,
osm_ward_19310632,,16,Tri Phú,xã,
osm_ward_19310633,,16,Kim Bình,xã,
osm_ward_19312346,,16,Hùng Đức,xã,
osm_ward_19312347,,16,Thái Hòa,xã,
osm_ward_19312348,,16,Thái Sơn,xã,
osm_ward_19312422,,16,Sơn Thủy,xã,
osm_ward_19312423,,16,Tân Thanh,xã,
osm_ward_19312424,,16,Sơn Dương,xã,
osm_ward_19314260,,16,Đường Hồng,xã,
osm_ward_19314261,,16,Yên Cường,xã,
osm_ward_19314262,,16,Minh Ngọc,xã,
osm_ward_19314468,,16,Tân Mỹ,xã,
osm_ward_19314469,,16,Trung Hà,xã,
osm_ward_19314470,,16,Tân An,xã,
osm_ward_19315585,,16,Yên Phú,xã,
osm_ward_19315586,,16,Phù Lưu,xã,
osm_ward_19315587,,16,Hàm Yên,xã,
osm_ward_19315588,,16,Bình Xa,xã,
osm_ward_19315589,,16,Bạch Xa,xã,
osm_ward_19316990,,16,Tân Trào,xã,
osm_ward_19316991,,16,Minh Thanh,xã,
osm_ward_19316992,,16,Bình Ca,xã,
osm_ward_19317429,,01,Thuận An,xã,
osm_ward_19317430,,01,Gia Lâm,xã,
osm_ward_19317431,,21,Bát Tràng,xã,
osm_ward_19317432,,01,Phù Đổng,xã,
osm_ward_19317453,,16,Hà Giang 1,phường,
osm_ward_19317454,,16,Hà Giang 2,phường,
osm_ward_19317455,,16,Ngọc Đường,xã,
osm_ward_19317456,,16,Tùng Bá,xã,
osm_ward_19318717,,16,Yên Nguyên,xã,
osm_ward_19318718,,16,Hòa An,xã,
osm_ward_19318719,,16,Chiêm Hóa,xã,
osm_ward_19321890,,16,Vĩnh Tuy,xã,
osm_ward_19321892,,16,Hùng An,xã,
osm_ward_19322691,,03,Gia Lộc,xã,
osm_ward_19322692,,03,Gia Phúc,xã,
osm_ward_19322693,,03,Yết Kiêu,xã,
osm_ward_19322694,,03,Trường Tân,xã,
osm_ward_19322845,,01,Đông Anh,xã,
osm_ward_19322846,,01,Thư Lâm,xã,
osm_ward_19322847,,01,Vĩnh Thanh,xã,
osm_ward_19322848,,01,Thiên Lộc,xã,
osm_ward_19322849,,01,Phúc Thịnh,xã,
osm_ward_19323524,,16,Đông Thọ,xã,
osm_ward_19323525,,16,Hồng Sơn,xã,
osm_ward_19323526,,16,Trường Sinh,xã,
osm_ward_19323527,,16,Phú Lương,xã,
osm_ward_19323778,,16,Minh Sơn,xã,
osm_ward_19323779,,16,Giáp Trung,xã,
osm_ward_19323780,,16,Bắc Mê,xã,
osm_ward_19324108,,06,Dương Nỗ,phường,
osm_ward_19324109,,06,Thủy Xuân,phường,
osm_ward_19324110,,06,Kim Long,phường,
osm_ward_19324111,,06,Hương An,phường,
osm_ward_19324112,,06,An Cựu,phường,
osm_ward_19324113,,06,Vỹ Dạ,phường,
osm_ward_19324114,,06,Thuận Hóa,phường,
osm_ward_19324115,,06,Phú Xuân,phường,
osm_ward_19325120,,16,Bắc Quang,xã,
osm_ward_19325121,,16,Tân Quang,xã,
osm_ward_19325122,,16,Việt Lâm,xã,
osm_ward_19325204,,06,Thanh Thủy,phường,
osm_ward_19325205,,06,Phong Phú,phường,
osm_ward_19325206,,06,Phong Quảng,phường,
osm_ward_19325207,,06,Thuận An,phường,
osm_ward_19325208,,06,Phú Vinh,xã,
osm_ward_19325209,,06,Vinh Lộc,xã,
osm_ward_19325210,,06,Lộc An,xã,
osm_ward_19325211,,06,Hưng Lộc,xã,
osm_ward_19325212,,06,Chân Mây Lăng Cô,xã,
osm_ward_19325213,,06,Phú Lộc,xã,
osm_ward_19325214,,06,Khe Tre,xã,
osm_ward_19325215,,06,Nam Đông,xã,
osm_ward_19325216,,06,Long Quảng,xã,
osm_ward_19325217,,06,Phong Thái,phường,
osm_ward_19325218,,06,A Lưới 5,xã,
osm_ward_19325219,,06,A Lưới 4,xã,
osm_ward_19325220,,06,A Lưới 3,xã,
osm_ward_19325221,,06,A Lưới 2,xã,
osm_ward_19325222,,06,A Lưới 1,xã,
osm_ward_19325223,,06,Phong Điền,phường,
osm_ward_19325224,,06,Phong Dinh,phường,
osm_ward_19325225,,06,Đan Điền,xã,
osm_ward_19325226,,06,Quảng Điền,xã,
osm_ward_19325227,,06,Hóa Châu,phường,
osm_ward_19325228,,06,Kim Trà,phường,
osm_ward_19325229,,06,Hương Trà,phường,
osm_ward_19325230,,06,Bình Điền,xã,
osm_ward_19325231,,06,Phú Bài,phường,
osm_ward_19325232,,06,Hương Thủy,phường,
osm_ward_19325233,,06,Phú Hồ,xã,
osm_ward_19325234,,06,Phú Vang,xã,
osm_ward_19325235,,06,Mỹ Thượng,phường,
osm_ward_19325708,,16,Du Già,xã,
osm_ward_19325709,,16,Ngọc Long,xã,
osm_ward_19325710,,16,Tát Ngà,xã,
osm_ward_19325711,,16,Niêm Sơn,xã,
osm_ward_19326051,,16,Vị Xuyên,xã,
osm_ward_19326052,,16,Cao Bồ,xã,
osm_ward_19326053,,16,Thượng Sơn,xã,
osm_ward_19326054,,16,Phú Linh,xã,
osm_ward_19326055,,16,Linh Hồ,xã,
osm_ward_19326056,,16,Bạch Ngọc,xã,
osm_ward_19326580,,03,Tuệ Tĩnh,xã,
osm_ward_19326581,,03,Cẩm Giang,xã,
osm_ward_19326582,,03,Cẩm Giàng,xã,
osm_ward_19326583,,03,Mao Điền,xã,
osm_ward_19326738,,16,Lũng Cú,xã,
osm_ward_19326739,,16,Đồng Văn,xã,
osm_ward_19326740,,16,Sà Phìn,xã,
osm_ward_19326741,,16,Phố Bảng,xã,
osm_ward_19327822,,16,Xuân Giang,xã,
osm_ward_19327823,,16,Tiên Yên,xã,
osm_ward_19327824,,16,Đồng Yên,xã,
osm_ward_19327825,,16,Bằng Lang,xã,
osm_ward_19331457,,16,Liên Hiệp,xã,
osm_ward_19331458,,16,Bằng Hành,xã,
osm_ward_19331459,,16,Đồng Tâm,xã,
osm_ward_19331543,,21,A Sào,xã,
osm_ward_19331598,,16,Khâu Vai,xã,
osm_ward_19331599,,16,Mèo Vạc,xã,
osm_ward_19331600,,16,Sơn Vĩ,xã,
osm_ward_19331601,,16,Sủng Máng,xã,
osm_ward_19331651,,01,Hoàn Kiếm,phường,
osm_ward_19331652,,01,Ba Đình,phường,
osm_ward_19331653,,01,Cửa Nam,phường,
osm_ward_19331654,,01,Hai Bà Trưng,phường,
osm_ward_19331655,,01,Văn Miếu Quốc Tử Giám,phường,
osm_ward_19331656,,01,Kim Liên,phường,
osm_ward_19331657,,01,Bạch Mai,phường,
osm_ward_19331658,,01,Ô Chợ Dừa,phường,
osm_ward_19331659,,01,Đống Đa,phường,
osm_ward_19332318,,01,Láng,phường,
osm_ward_19332319,,01,Giảng Võ,phường,
osm_ward_19332320,,01,Ngọc Hà,phường,
osm_ward_19332321,,01,Tây Hồ,phường,
osm_ward_19333756,,16,Tân Trịnh,xã,
osm_ward_19333757,,16,Quang Bình,xã,
osm_ward_19333758,,16,Yên Thành,xã,
osm_ward_19333759,,16,Tiên Nguyên,xã,
osm_ward_19334582,,01,Hồng Hà,phường,
osm_ward_19334583,,01,Vĩnh Tuy,phường,
osm_ward_19334584,,01,Tương Mai,phường,
osm_ward_19334585,,01,Phương Liệt,phường,
osm_ward_19334586,,01,Vĩnh Hưng,phường,
osm_ward_19334587,,01,Hoàng Mai,phường,
osm_ward_19334588,,01,Định Công,phường,
osm_ward_19334589,,01,Khương Đình,phường,
osm_ward_19334750,,16,Thanh Thủy,xã,
osm_ward_19334751,,16,Lao Chải,xã,
osm_ward_19334752,,16,Minh Tân,xã,
osm_ward_19335051,,01,Thanh Xuân,phường,
osm_ward_19335052,,01,Yên Hòa,phường,
osm_ward_19335053,,01,Cầu Giấy,phường,
osm_ward_19335054,,01,Nghĩa Đô,phường,
osm_ward_19335055,,01,Xuân Đỉnh,phường,
osm_ward_19335056,,01,Phú Thượng,phường,
osm_ward_19335112,,01,Mê Linh,xã,
osm_ward_19335113,,01,Quang Minh,xã,
osm_ward_19335114,,01,Yên Lãng,xã,
osm_ward_19335115,,01,Tiến Thắng,xã,
osm_ward_19335197,,16,Thắng Mố,xã,
osm_ward_19335198,,16,Bạch Đích,xã,
osm_ward_19335579,,16,Khuôn Lùng,xã,
osm_ward_19335580,,16,Nấm Dẩn,xã,
osm_ward_19335581,,16,Quảng Nguyên,xã,
osm_ward_19337478,,04,Xuân Phú,xã,
osm_ward_19337479,,04,Vu Gia,xã,
osm_ward_19337480,,04,Việt An,xã,
osm_ward_19337481,,04,Trà Vân,xã,
osm_ward_19337482,,04,Trà Tập,xã,
osm_ward_19337483,,04,Trà Tân,xã,
osm_ward_19337484,,04,Trà My,xã,
osm_ward_19337485,,04,Trà Linh,xã,
osm_ward_19337486,,04,Trà Liên,xã,
osm_ward_19337487,,04,Trà Leng,xã,
osm_ward_19337488,,04,Trà Giáp,xã,
osm_ward_19337489,,04,Trà Đốc,xã,
osm_ward_19337490,,04,Tiên Phước,xã,
osm_ward_19337491,,04,Thượng Đức,xã,
osm_ward_19337492,,04,Thu Bồn,xã,
osm_ward_19337493,,04,Thạnh Mỹ,xã,
osm_ward_19337494,,04,Thạnh Bình,xã,
osm_ward_19337495,,04,Thăng Trường,xã,
osm_ward_19337496,,04,Thăng Phú,xã,
osm_ward_19337497,,04,Thăng Điền,xã,
osm_ward_19337498,,04,Thăng Bình,xã,
osm_ward_19337499,,04,Thăng An,xã,
osm_ward_19337500,,04,Tây Hồ,xã,
osm_ward_19337501,,04,Tây Giang,xã,
osm_ward_19337502,,04,Tân Hiệp,xã,
osm_ward_19337503,,04,Tam Xuân,xã,
osm_ward_19337504,,04,Tam Mỹ,xã,
osm_ward_19337505,,04,Tam Kỳ,phường,
osm_ward_19337506,,04,Tam Hải,xã,
osm_ward_19337507,,04,Tam Anh,xã,
osm_ward_19337508,,04,Sông Vàng,xã,
osm_ward_19337509,,04,Sông Kôn,xã,
osm_ward_19337510,,04,Sơn Cẩm Hà,xã,
osm_ward_19337511,,04,Quế Sơn Trung,xã,
osm_ward_19337512,,04,Quế Sơn,xã,
osm_ward_19337513,,04,Quế Phước,xã,
osm_ward_19337514,,04,Quảng Phú,phường,
osm_ward_19337515,,04,Phước Trà,xã,
osm_ward_19337516,,04,Phước Thành,xã,
osm_ward_19337517,,04,Phước Năng,xã,
osm_ward_19337518,,04,Phước Hiệp,xã,
osm_ward_19337519,,04,Phước Chánh,xã,
osm_ward_19337520,,04,Phú Thuận,xã,
osm_ward_19337521,,04,Phú Ninh,xã,
osm_ward_19337522,,04,Núi Thành,xã,
osm_ward_19337523,,04,Nông Sơn,xã,
osm_ward_19337524,,04,Nam Trà My,xã,
osm_ward_19337525,,04,Nam Phước,xã,
osm_ward_19337526,,04,Nam Giang,xã,
osm_ward_19337527,,04,Lãnh Ngọc,xã,
osm_ward_19337528,,04,La Êê,xã,
osm_ward_19337529,,04,La Dêê,xã,
osm_ward_19337530,,04,Khâm Đức,xã,
osm_ward_19337531,,04,Hương Trà,phường,
osm_ward_19337532,,04,Hùng Sơn,xã,
osm_ward_19337533,,04,Hội An Tây,phường,
osm_ward_19337534,,04,Hội An Đông,phường,
osm_ward_19337535,,04,Hội An,phường,
osm_ward_19337536,,04,Hiệp Đức,xã,
osm_ward_19337537,,04,Hà Nha,xã,
osm_ward_19337538,,04,Gò Nổi,xã,
osm_ward_19337539,,04,Duy Xuyên,xã,
osm_ward_19337540,,04,Duy Nghĩa,xã,
osm_ward_19337541,,04,Đức Phú,xã,
osm_ward_19337542,,04,Đông Giang,xã,
osm_ward_19337543,,04,Đồng Dương,xã,
osm_ward_19337544,,04,Điện Bàn Tây,xã,
osm_ward_19337545,,04,Điện Bàn Đông,phường,
osm_ward_19337546,,04,Điện Bàn Bắc,phường,
osm_ward_19337547,,04,Điện Bàn,phường,
osm_ward_19337548,,04,Đại Lộc,xã,
osm_ward_19337549,,04,Đắc Pring,xã,
osm_ward_19337550,,04,Chiên Đàn,xã,
osm_ward_19337551,,04,Bến Hiên,xã,
osm_ward_19337552,,04,Bến Giằng,xã,
osm_ward_19337553,,04,Bàn Thạch,phường,
osm_ward_19337554,,04,An Thắng,phường,
osm_ward_19337555,,04,Avương,xã,
osm_ward_19338086,,01,Nội Bài,xã,
osm_ward_19338087,,01,Sóc Sơn,xã,
osm_ward_19338088,,01,Đa Phúc,xã,
osm_ward_19338089,,01,Trung Giã,xã,
osm_ward_19338090,,01,Kim Anh,xã,
osm_ward_19338313,,01,Từ Liêm,phường,
osm_ward_19338314,,01,Đại Mỗ,phường,
osm_ward_19338315,,01,Thanh Liệt,phường,
osm_ward_19338316,,01,Hoàng Liệt,phường,
osm_ward_19338317,,01,Yên Sở,phường,
osm_ward_19338318,,01,Lĩnh Nam,phường,
osm_ward_19338319,,01,Phú Diễn,phường,
osm_ward_19338320,,01,Đông Ngạc,phường,
osm_ward_19339969,,15,Bạch Đằng,xã,
osm_ward_19340144,,16,Tùng Vài,xã,
osm_ward_19340145,,16,Nghĩa Thuận,xã,
osm_ward_19340146,,16,Cán Tỷ,xã,
osm_ward_19340535,,16,Pà Vầy Sủ,xã,
osm_ward_19340536,,16,Xín Mần,xã,
osm_ward_19340537,,16,Bản Máy,xã,
osm_ward_19340538,,16,Thàng Tín,xã,
osm_ward_19340539,,16,Trung Thịnh,xã,
osm_ward_19340568,,15,Minh Tâm,xã,
osm_ward_19340981,,16,Thuận Hòa,xã,
osm_ward_19340982,,16,Quản Bạ,xã,
osm_ward_19340983,,16,Lùng Tám,xã,
osm_ward_19340984,,16,Đường Thượng,xã,
osm_ward_19341242,,16,Thông Nguyên,xã,
osm_ward_19341243,,16,Pờ Ly Ngài,xã,
osm_ward_19341244,,16,Hồ Thầu,xã,
osm_ward_19341250,,01,Thượng Cát,phường,
osm_ward_19341251,,01,Tây Tựu,phường,
osm_ward_19341252,,01,Xuân Phương,phường,
osm_ward_19341253,,01,Tây Mỗ,phường,
osm_ward_19341254,,01,Dương Nội,phường,
osm_ward_19341520,,16,Mậu Duệ,xã,
osm_ward_19341521,,16,Yên Minh,xã,
osm_ward_19341522,,16,Lũng Phìn,xã,
osm_ward_19341817,,16,Nậm Dịch,xã,
osm_ward_19341818,,16,Tân Tiến,xã,
osm_ward_19341819,,16,Hoàng Su Phì,xã,
osm_ward_19341924,,01,Hà Đông,phường,
osm_ward_19341926,,01,Kiến Hưng,phường,
osm_ward_19341927,,01,Yên Nghĩa,phường,
osm_ward_19341928,,01,Phú Lương,phường,
osm_ward_19343152,,28,Sông Hinh,xã,
osm_ward_19343153,,28,Đức Bình,xã,
osm_ward_19343154,,28,Ea Bá,xã,
osm_ward_19343155,,28,Ea Ly,xã,
osm_ward_19343244,,15,Quảng Lâm,xã,
osm_ward_19343245,,15,Nam Quang,xã,
osm_ward_19343246,,15,Bảo Lâm,xã,
osm_ward_19343759,,15,Yên Thổ,xã,
osm_ward_19343760,,15,Sơn Lộ,xã,
osm_ward_19344390,,15,Lý Bôn,xã,
osm_ward_19344391,,15,Cốc Pàng,xã,
osm_ward_19344392,,15,Cô Ba,xã,
osm_ward_19344393,,15,Bảo Lạc,xã,
osm_ward_19345698,,15,Hưng Đạo,xã,
osm_ward_19345699,,15,Huy Giáp,xã,
osm_ward_19345700,,15,Khánh Xuân,xã,
osm_ward_19345701,,15,Xuân Trường,xã,
osm_ward_19345803,,16,Yên Sơn,xã,
osm_ward_19345804,,16,Tân Long,xã,
osm_ward_19345805,,16,Xuân Vân,xã,
osm_ward_19345806,,16,Lực Hành,xã,
osm_ward_19345807,,16,Kiến Thiết,xã,
osm_ward_19345808,,16,Trung Sơn,xã,
osm_ward_19345809,,16,Thái Bình,xã,
osm_ward_19345810,,16,Nà Hang,xã,
osm_ward_19345811,,16,Hồng Thái,xã,
osm_ward_19345812,,16,Yên Hoa,xã,
osm_ward_19345813,,16,Thượng Nông,xã,
osm_ward_19345814,,16,Côn Lôn,xã,
osm_ward_19345815,,16,Thượng Lâm,xã,
osm_ward_19345816,,16,Lâm Bình,xã,
osm_ward_19345817,,16,Bình An,xã,
osm_ward_19345818,,16,Minh Quang,xã,
osm_ward_19345856,,16,Mỹ Lâm,phường,
osm_ward_19345857,,16,Nhữ Khê,xã,
osm_ward_19346194,,18,Bằng Thành,xã,
osm_ward_19346195,,18,Cao Minh,xã,
osm_ward_19346196,,18,Nghiên Loan,xã,
osm_ward_19346197,,18,Ba Bể,xã,
osm_ward_19346198,,18,Chợ Rã,xã,
osm_ward_19346500,,18,Phúc Lộc,xã,
osm_ward_19346501,,18,Nà Phặc,xã,
osm_ward_19346502,,18,Ngân Sơn,xã,
osm_ward_19346503,,18,Bằng Vân,xã,
osm_ward_19346504,,18,Thượng Quan,xã,
osm_ward_19346505,,18,Hiệp Lực,xã,
osm_ward_19346925,,18,Thượng Minh,xã,
osm_ward_19346926,,18,Đồng Phúc,xã,
osm_ward_19346927,,18,Nam Cường,xã,
osm_ward_19346928,,18,Phủ Thông,xã,
osm_ward_19348192,,18,Yên Thịnh,xã,
osm_ward_19348193,,18,Quảng Bạch,xã,
osm_ward_19348194,,18,Chợ Đồn,xã,
osm_ward_19348292,,18,Cường Lợi,xã,
osm_ward_19348293,,18,Na Rì,xã,
osm_ward_19348294,,18,Văn Lang,xã,
osm_ward_19348295,,18,Vĩnh Thông,xã,
osm_ward_19348643,,18,Cẩm Giàng,xã,
osm_ward_19348644,,18,Phong Quang,xã,
osm_ward_19348645,,18,Đức Xuân,phường,
osm_ward_19348646,,18,Bắc Kạn,phường,
osm_ward_19348647,,18,Bạch Thông,xã,
osm_ward_19348941,,03,Kẻ Sặt,xã,
osm_ward_19348942,,03,Bình Giang,xã,
osm_ward_19348943,,03,Đường An,xã,
osm_ward_19348944,,03,Thượng Hồng,xã,
osm_ward_19348945,,03,Nguyễn Lương Bằng,xã,
osm_ward_19349044,,03,Hải Hưng,xã,
osm_ward_19349045,,03,Bắc Thanh Miện,xã,
osm_ward_19349046,,03,Thanh Miện,xã,
osm_ward_19349047,,03,Nam Thanh Miện,xã,
osm_ward_19349120,,03,Hồng Châu,xã,
osm_ward_19349121,,03,Tân An,xã,
osm_ward_19349122,,03,Vĩnh Lại,xã,
osm_ward_19349123,,03,Khúc Thừa Dụ,xã,
osm_ward_19349124,,03,Ninh Giang,xã,
osm_ward_19351794,,18,Trần Phú,xã,
osm_ward_19351795,,18,Côn Minh,xã,
osm_ward_19351796,,18,Xuân Dương,xã,
osm_ward_19351797,,18,Tân Kỳ,xã,
osm_ward_19351798,,18,Thanh Mai,xã,
osm_ward_19354130,,18,Nghĩa Tá,xã,
osm_ward_19354131,,18,Yên Phong,xã,
osm_ward_19354132,,18,Thanh Thịnh,xã,
osm_ward_19354133,,18,Yên Bình,xã,
osm_ward_19354134,,18,Chợ Mới,xã,
osm_ward_19355108,,10,Đoàn Kết,xã,
osm_ward_19355109,,10,Tân Tiến,xã,
osm_ward_19355110,,10,Quý Hòa,xã,
osm_ward_19357306,,18,Sảng Mộc,xã,
osm_ward_19357307,,18,Nghinh Tường,xã,
osm_ward_19358815,,10,Tràng Định,xã,
osm_ward_19358816,,10,Hoa Thám,xã,
osm_ward_19368812,,10,Thiện Hòa,xã,
osm_ward_19368813,,10,Thiện Long,xã,
osm_ward_19369584,,24,Ya Ly,xã,
osm_ward_19369585,,24,Xốp,xã,
osm_ward_19369586,,24,Vệ Giang,xã,
osm_ward_19369587,,24,Vạn Tường,xã,
osm_ward_19369588,,24,Tư Nghĩa,xã,
osm_ward_19369589,,24,Tu Mơ Rông,xã,
osm_ward_19369590,,24,Trương Quang Trọng,phường,
osm_ward_19369591,,24,Trường Giang,xã,
osm_ward_19369592,,24,Trà Giang,xã,
osm_ward_19369593,,24,Trà Câu,phường,
osm_ward_19369594,,24,Trà Bồng,xã,
osm_ward_19369595,,24,Tịnh Khê,xã,
osm_ward_19369596,,24,Thọ Phong,xã,
osm_ward_19369597,,24,Thiện Tín,xã,
osm_ward_19369598,,24,Thanh Bồng,xã,
osm_ward_19369599,,24,Tây Trà Bồng,xã,
osm_ward_19369600,,24,Tây Trà,xã,
osm_ward_19369601,,24,Sơn Tịnh,xã,
osm_ward_19369602,,24,Sơn Thủy,xã,
osm_ward_19369603,,24,Sơn Tây Thượng,xã,
osm_ward_19369604,,24,Sơn Tây Hạ,xã,
osm_ward_19369605,,24,Sơn Tây,xã,
osm_ward_19369606,,24,Sơn Mai,xã,
osm_ward_19369607,,24,Sơn Linh,xã,
osm_ward_19369608,,24,Sơn Kỳ,xã,
osm_ward_19369609,,24,Sơn Hạ,xã,
osm_ward_19369610,,24,Sơn Hà,xã,
osm_ward_19369611,,24,Sa Thầy,xã,
osm_ward_19369612,,24,Sa Loong,xã,
osm_ward_19369613,,24,Sa Huỳnh,phường,
osm_ward_19369614,,24,Sa Bình,xã,
osm_ward_19369615,,24,Phước Giang,xã,
osm_ward_19369616,,24,Nguyễn Nghiêm,xã,
osm_ward_19369617,,24,Ngọk Tụ,xã,
osm_ward_19369618,,24,Ngọk Réo,xã,
osm_ward_19369619,,24,Ngọk Bay,xã,
osm_ward_19369620,,24,Ngọc Linh,xã,
osm_ward_19369621,,24,Nghĩa Lộ,phường,
osm_ward_19369622,,24,Nghĩa Hành,xã,
osm_ward_19369623,,24,Nghĩa Giang,xã,
osm_ward_19369624,,24,Mô Rai,xã,
osm_ward_19369625,,24,Mộ Đức,xã,
osm_ward_19369626,,24,Mỏ Cày,xã,
osm_ward_19369627,,24,Minh Long,xã,
osm_ward_19369628,,24,Măng Ri,xã,
osm_ward_19369629,,24,Măng Đen,xã,
osm_ward_19369630,,24,Măng Bút,xã,
osm_ward_19369631,,24,Long Phụng,xã,
osm_ward_19369632,,24,Lân Phong,xã,
osm_ward_19369633,,24,Kon Tum,phường,
osm_ward_19369634,,24,Kon Plông,xã,
osm_ward_19369635,,24,Kon Đào,xã,
osm_ward_19369636,,24,Kon Braih,xã,
osm_ward_19369637,,24,Khánh Cường,xã,
osm_ward_19369638,,24,Ia Tơi,xã,
osm_ward_19369639,,24,Ia Đal,xã,
osm_ward_19369640,,24,Ia Chim,xã,
osm_ward_19369641,,24,Đức Phổ,phường,
osm_ward_19369642,,24,Dục Nông,xã,
osm_ward_19369643,,24,Đông Trà Bồng,xã,
osm_ward_19369644,,24,Đông Sơn,xã,
osm_ward_19369645,,24,Đình Cương,xã,
osm_ward_19369646,,24,Đặng Thùy Trâm,xã,
osm_ward_19369647,,24,Đăk Ui,xã,
osm_ward_19369648,,24,Đăk Tờ Kan,xã,
osm_ward_19369649,,24,Đăk Tô,xã,
osm_ward_19369650,,24,Đăk Sao,xã,
osm_ward_19369651,,24,Đăk Rve,xã,
osm_ward_19369652,,24,Đăk Rơ Wa,xã,
osm_ward_19369653,,24,Đăk Pxi,xã,
osm_ward_19369654,,24,Đăk Plô,xã,
osm_ward_19369655,,24,Đăk Pék,xã,
osm_ward_19369656,,24,Đăk Môn,xã,
osm_ward_19369657,,24,Đăk Mar,xã,
osm_ward_19369658,,24,Đăk Long,xã,
osm_ward_19369659,,24,Đăk Kôi,xã,
osm_ward_19369660,,24,Đăk Hà,xã,
osm_ward_19369661,,24,Đăk Cấm,phường,
osm_ward_19369662,,24,Đăk Bla,phường,
osm_ward_19369663,,24,Cẩm Thành,phường,
osm_ward_19369664,,24,Cà Đam,xã,
osm_ward_19369665,,24,Bờ Y,xã,
osm_ward_19369666,,24,Bình Sơn,xã,
osm_ward_19369667,,24,Bình Minh,xã,
osm_ward_19369668,,24,Bình Chương,xã,
osm_ward_19369669,,24,Ba Xa,xã,
osm_ward_19369670,,24,Ba Vinh,xã,
osm_ward_19369671,,24,Ba Vì,xã,
osm_ward_19369672,,24,Ba Tơ,xã,
osm_ward_19369673,,24,Ba Tô,xã,
osm_ward_19369674,,24,Ba Gia,xã,
osm_ward_19369675,,24,Ba Động,xã,
osm_ward_19369676,,24,Ba Dinh,xã,
osm_ward_19369677,,24,An Phú,xã,
osm_ward_19370814,,18,Kim Phượng,xã,
osm_ward_19370815,,18,Lam Vỹ,xã,
osm_ward_19371355,,10,Tân Tri,xã,
osm_ward_19371356,,10,Vũ Lễ,xã,
osm_ward_19371712,,10,Thái Bình,xã,
osm_ward_19371713,,10,Châu Sơn,xã,
osm_ward_19371714,,10,Đình Lập,xã,
osm_ward_19371715,,10,Kiên Mộc,xã,
osm_ward_19372356,,25,Ya Ma,xã,
osm_ward_19372357,,25,Ya Hội,xã,
osm_ward_19372358,,25,Xuân An,xã,
osm_ward_19372359,,25,Vĩnh Thịnh,xã,
osm_ward_19372360,,25,Vĩnh Thạnh,xã,
osm_ward_19372361,,25,Vĩnh Sơn,xã,
osm_ward_19372362,,25,Vĩnh Quang,xã,
osm_ward_19372363,,25,Vạn Đức,xã,
osm_ward_19372364,,25,Vân Canh,xã,
osm_ward_19372365,,25,Uar,xã,
osm_ward_19372366,,25,Tuy Phước Tây,xã,
osm_ward_19372367,,25,Tuy Phước Đông,xã,
osm_ward_19372368,,25,Tuy Phước Bắc,xã,
osm_ward_19372369,,25,Tuy Phước,xã,
osm_ward_19372370,,25,Tơ Tung,xã,
osm_ward_19372371,,25,Thống Nhất,phường,
osm_ward_19372372,,25,Tây Sơn,xã,
osm_ward_19372373,,25,Tam Quan,phường,
osm_ward_19372374,,25,Sró,xã,
osm_ward_19372375,,25,Sơn Lang,xã,
osm_ward_19372376,,25,Quy Nhơn Tây,phường,
osm_ward_19372377,,25,Quy Nhơn Nam,phường,
osm_ward_19372378,,25,Quy Nhơn Đông,phường,
osm_ward_19372379,,25,Quy Nhơn Bắc,phường,
osm_ward_19372380,,25,Quy Nhơn,phường,
osm_ward_19372381,,25,Pờ Tó,xã,
osm_ward_19372382,,25,Pleiku,phường,
osm_ward_19372383,,25,Phú Túc,xã,
osm_ward_19372384,,25,Phú Thiện,xã,
osm_ward_19372385,,25,Phù Mỹ Tây,xã,
osm_ward_19372386,,25,Phù Mỹ Nam,xã,
osm_ward_19372387,,25,Phù Mỹ Đông,xã,
osm_ward_19372388,,25,Phù Mỹ Bắc,xã,
osm_ward_19372389,,25,Phù Mỹ,xã,
osm_ward_19372390,,25,Phù Cát,xã,
osm_ward_19372392,,25,Ngô Mây,xã,
osm_ward_19372393,,25,Mang Yang,xã,
osm_ward_19372394,,25,Lơ Pang,xã,
osm_ward_19372395,,25,Krong,xã,
osm_ward_19372396,,25,Kông Chro,xã,
osm_ward_19372397,,25,Kông Bơ La,xã,
osm_ward_19372398,,25,Kon Gang,xã,
osm_ward_19372399,,25,Kon Chiêng,xã,
osm_ward_19372400,,25,Kim Sơn,xã,
osm_ward_19372401,,25,KDang,xã,
osm_ward_19372402,,25,Kbang,xã,
osm_ward_19372403,,25,Ia Tul,xã,
osm_ward_19372404,,25,Ia Tôr,xã,
osm_ward_19372405,,25,Ia Sao,xã,
osm_ward_19372406,,25,Ia Rsai,xã,
osm_ward_19372407,,25,Ia Rbol,xã,
osm_ward_19372408,,25,Ia Púch,xã,
osm_ward_19372409,,25,Ia Pnôn,xã,
osm_ward_19372410,,25,Ia Pia,xã,
osm_ward_19372411,,25,Ia Phí,xã,
osm_ward_19372412,,25,Ia Pa,xã,
osm_ward_19372413,,25,Ia O,xã,
osm_ward_19372414,,25,Ia Nan,xã,
osm_ward_19372415,,25,Ia Mơ,xã,
osm_ward_19372416,,25,Ia Ly,xã,
osm_ward_19372417,,25,Ia Le,xã,
osm_ward_19372418,,25,Ia Lâu,xã,
osm_ward_19372419,,25,Ia Krêl,xã,
osm_ward_19372420,,25,Ia Krái,xã,
osm_ward_19372421,,25,Ia Ko,xã,
osm_ward_19372422,,25,Ia Khươl,xã,
osm_ward_19372423,,25,Ia Hrung,xã,
osm_ward_19372424,,25,Ia Hrú,xã,
osm_ward_19372425,,25,Ia Hiao,xã,
osm_ward_19372426,,25,Ia Grai,xã,
osm_ward_19372427,,25,Ia Dreh,xã,
osm_ward_19372428,,25,Ia Dom,xã,
osm_ward_19372429,,25,Ia Dơk,xã,
osm_ward_19372430,,25,Ia Chia,xã,
osm_ward_19372431,,25,Ia Boòng,xã,
osm_ward_19372432,,25,Ia Băng,xã,
osm_ward_19372433,,25,Hra,xã,
osm_ward_19372434,,25,Hội Sơn,xã,
osm_ward_19372435,,25,Hội Phú,phường,
osm_ward_19372436,,25,Hoài Nhơn Tây,phường,
osm_ward_19372437,,25,Hoài Nhơn Nam,phường,
osm_ward_19372438,,25,Hoài Nhơn Đông,phường,
osm_ward_19372439,,25,Hoài Nhơn Bắc,phường,
osm_ward_19372440,,25,Hoài Nhơn,phường,
osm_ward_19372441,,25,Hoài Ân,xã,
osm_ward_19372442,,25,Hòa Hội,xã,
osm_ward_19372443,,25,Gào,xã,
osm_ward_19372444,,25,Đức Cơ,xã,
osm_ward_19372445,,25,Diên Hồng,phường,
osm_ward_19372446,,25,Đề Gi,xã,
osm_ward_19372447,,25,Đăk Song,xã,
osm_ward_19372448,,25,Đak Sơmei,xã,
osm_ward_19372449,,25,Đak Rong,xã,
osm_ward_19372450,,25,Đak Pơ,xã,
osm_ward_19372451,,25,Đak Đoa,xã,
osm_ward_19372452,,25,Cửu An,xã,
osm_ward_19372453,,25,Chư Sê,xã,
osm_ward_19372454,,25,Chư Pưh,xã,
osm_ward_19372455,,25,Chư Prông,xã,
osm_ward_19372456,,25,Chư Păh,xã,
osm_ward_19372457,,25,Chư Krey,xã,
osm_ward_19372458,,25,Chư A Thai,xã,
osm_ward_19372459,,25,Chơ Long,xã,
osm_ward_19372460,,25,Cát Tiến,xã,
osm_ward_19372461,,25,Canh Vinh,xã,
osm_ward_19372462,,25,Canh Liên,xã,
osm_ward_19372463,,25,Bồng Sơn,phường,
osm_ward_19372464,,25,Bờ Ngoong,xã,
osm_ward_19372465,,25,Bình Phú,xã,
osm_ward_19372466,,25,Bình Khê,xã,
osm_ward_19372467,,25,Bình Hiệp,xã,
osm_ward_19372468,,25,Bình Dương,xã,
osm_ward_19372469,,25,Bình Định,phường,
osm_ward_19372470,,25,Bình An,xã,
osm_ward_19372471,,25,Biển Hồ,xã,
osm_ward_19372472,,25,Bàu Cạn,xã,
osm_ward_19372473,,25,Ayun Pa,phường,
osm_ward_19372474,,25,Ayun,xã,
osm_ward_19372475,,25,An Vinh,xã,
osm_ward_19372476,,25,Ân Tường,xã,
osm_ward_19372477,,25,An Toàn,xã,
osm_ward_19372478,,25,An Phú,phường,
osm_ward_19372479,,25,An Nhơn Tây,xã,
osm_ward_19372480,,25,An Nhơn Nam,phường,
osm_ward_19372481,,25,An Nhơn Đông,phường,
osm_ward_19372482,,25,An Nhơn Bắc,phường,
osm_ward_19372483,,25,An Nhơn,phường,
osm_ward_19372484,,25,An Lương,xã,
osm_ward_19372485,,25,An Lão,xã,
osm_ward_19372486,,25,An Khê,phường,
osm_ward_19372487,,25,An Hòa,xã,
osm_ward_19372488,,25,Ân Hảo,xã,
osm_ward_19372489,,25,An Bình,phường,
osm_ward_19372490,,25,Al Bá,xã,
osm_ward_19375227,,10,Tuấn Sơn,xã,
osm_ward_19376976,,10,Nhất Hòa,xã,
osm_ward_19376977,,10,Yên Bình,xã,
osm_ward_19377767,,20,Quế Võ,phường,
osm_ward_19377875,,10,Thiện Tân,xã,
osm_ward_19377876,,10,Vân Nham,xã,
osm_ward_19381793,,10,Hữu Lũng,xã,
osm_ward_19381794,,10,Tân Thành,xã,
osm_ward_19383906,,15,Ca Thành,xã,
osm_ward_19385093,,10,Chi Lăng,xã,
osm_ward_19387712,,20,Quan Sơn,xã,
osm_ward_19387713,,10,Thống Nhất,xã,
osm_ward_19390428,,15,Thạch An,xã,
osm_ward_19390429,,15,Đông Khê,xã,
osm_ward_19390430,,15,Đức Long,xã,
osm_ward_19390431,,15,Minh Khai,xã,
osm_ward_19390451,,10,Xuân Dương,xã,
osm_ward_19390452,,10,Lợi Bác,xã,
osm_ward_19390614,,10,Thất Khê,xã,
osm_ward_19390615,,10,Quốc Khánh,xã,
osm_ward_19390616,,10,Kháng Chiến,xã,
osm_ward_19391684,,10,Thiện Thuật,xã,
osm_ward_19391685,,10,Hồng Phong,xã,
osm_ward_19392086,,10,Đông Kinh,phường,
osm_ward_19392087,,10,Kỳ Lừa,phường,
osm_ward_19392091,,28,Xuân Thọ,xã,
osm_ward_19392092,,28,Xuân Phước,xã,
osm_ward_19392093,,28,Xuân Lộc,xã,
osm_ward_19392094,,28,Xuân Lãnh,xã,
osm_ward_19392095,,28,Xuân Đài,phường,
osm_ward_19392096,,28,Xuân Cảnh,xã,
osm_ward_19392097,,28,Vân Hòa,xã,
osm_ward_19392098,,28,Tuy Hòa,phường,
osm_ward_19392099,,28,Tuy An Tây,xã,
osm_ward_19392100,,28,Tuy An Nam,xã,
osm_ward_19392101,,28,Tuy An Đông,xã,
osm_ward_19392102,,28,Tuy An Bắc,xã,
osm_ward_19392103,,28,Tây Sơn,xã,
osm_ward_19392104,,28,Tây Hòa,xã,
osm_ward_19392105,,28,Suối Trai,xã,
osm_ward_19392106,,28,Sông Cầu,phường,
osm_ward_19392107,,28,Sơn Thành,xã,
osm_ward_19392108,,28,Sơn Hòa,xã,
osm_ward_19392109,,28,Phú Yên,phường,
osm_ward_19392110,,28,Phú Mỡ,xã,
osm_ward_19392111,,28,Phú Hòa 2,xã,
osm_ward_19392112,,28,Phú Hòa 1,xã,
osm_ward_19392113,,28,Ô Loan,xã,
osm_ward_19392114,,28,Hòa Xuân,xã,
osm_ward_19392115,,28,Hòa Thịnh,xã,
osm_ward_19392116,,28,Hòa Mỹ,xã,
osm_ward_19392117,,28,Hòa Hiệp,phường,
osm_ward_19392118,,28,Đồng Xuân,xã,
osm_ward_19392119,,28,Đông Hòa,phường,
osm_ward_19392120,,28,Bình Kiến,phường,
osm_ward_19392144,,10,Tam Thanh,phường,
osm_ward_19392145,,10,Lương Văn Tri,phường,
osm_ward_19392430,,10,Cai Kinh,xã,
osm_ward_19392431,,10,Hữu Liên,xã,
osm_ward_19393769,,10,Bình Gia,xã,
osm_ward_19393770,,10,Bắc Sơn,xã,
osm_ward_19393771,,10,Tân Văn,xã,
osm_ward_19393804,,10,Vũ Lăng,xã,
osm_ward_19393805,,10,Hưng Vũ,xã,
osm_ward_19393806,,10,Tri Lễ,xã,
osm_ward_19393932,,10,Vạn Linh,xã,
osm_ward_19393933,,10,Bằng Mạc,xã,
osm_ward_19393934,,10,Yên Phúc,xã,
osm_ward_19394030,,10,Khánh Khê,xã,
osm_ward_19394031,,10,Tân Đoàn,xã,
osm_ward_19394032,,10,Nhân Lý,xã,
osm_ward_19394033,,10,Chiến Thắng,xã,
osm_ward_19394647,,10,Văn Quan,xã,
osm_ward_19394648,,10,Điềm He,xã,
osm_ward_19394649,,10,Hội Hoan,xã,
osm_ward_19395740,,26,Tây Khánh Sơn,xã,
osm_ward_19395741,,26,Khánh Sơn,xã,
osm_ward_19395742,,26,Đông Khánh Sơn,xã,
osm_ward_19395743,,26,Đại Lãnh,xã,
osm_ward_19395744,,26,Tu Bông,xã,
osm_ward_19395745,,26,Vạn Thắng,xã,
osm_ward_19395746,,26,Vạn Ninh,xã,
osm_ward_19395747,,26,Vạn Hưng,xã,
osm_ward_19395748,,26,Diên Lâm,xã,
osm_ward_19395749,,26,Diên Điền,xã,
osm_ward_19395750,,26,Diên Thọ,xã,
osm_ward_19395751,,26,Diên Khánh,xã,
osm_ward_19395752,,26,Diên Lạc,xã,
osm_ward_19395753,,26,Suối Hiệp,xã,
osm_ward_19395754,,26,Suối Dầu,xã,
osm_ward_19395755,,26,Cam Lâm,xã,
osm_ward_19395756,,26,Cam Hiệp,xã,
osm_ward_19395757,,26,Cam An,xã,
osm_ward_19395758,,26,Bắc Khánh Vĩnh,xã,
osm_ward_19395759,,26,Trung Khánh Vĩnh,xã,
osm_ward_19395760,,26,Tây Khánh Vĩnh,xã,
osm_ward_19395761,,26,Nam Khánh Vĩnh,xã,
osm_ward_19395762,,26,Khánh Vĩnh,xã,
osm_ward_19395763,,26,Ninh Hải,xã,
osm_ward_19395764,,26,Thuận Bắc,xã,
osm_ward_19407095,,10,Đồng Đăng,xã,
osm_ward_19407096,,10,Hoàng Văn Thụ,xã,
osm_ward_19407109,,10,Văn Lãng,xã,
osm_ward_19407110,,10,Na Sầm,xã,
osm_ward_19407111,,10,Thụy Hùng,xã,
osm_ward_19407112,,10,Quốc Việt,xã,
osm_ward_19410210,,23,Dân Hóa,xã,Quảng Bình
osm_ward_19410211,,23,Kim Điền,xã,Quảng Bình
osm_ward_19410212,,23,Kim Phú,xã,Quảng Bình
osm_ward_19410213,,23,Minh Hóa,xã,Quảng Bình
osm_ward_19410214,,23,Tuyên Lâm,xã,Quảng Bình
osm_ward_19410215,,23,Tuyên Sơn,xã,Quảng Bình
osm_ward_19410216,,23,Đồng Lê,xã,Quảng Bình
osm_ward_19410217,,23,Tuyên Phú,xã,Quảng Bình
osm_ward_19410218,,23,Tuyên Bình,xã,Quảng Bình
osm_ward_19410219,,23,Tuyên Hóa,xã,Quảng Bình
osm_ward_19410220,,23,Tân Gianh,xã,Quảng Bình
osm_ward_19410221,,23,Trung Thuần,xã,Quảng Bình
osm_ward_19410222,,23,Hòa Trạch,xã,Quảng Bình
osm_ward_19410223,,23,Phú Trạch,xã,Quảng Bình
osm_ward_19410224,,23,Đông Hà,phường,Quảng Trị
osm_ward_19410225,,23,Nam Đông Hà,phường,Quảng Trị
osm_ward_19410226,,23,Quảng Trị,phường,Quảng Trị
osm_ward_19410992,,14,Thành Sen,phường,
osm_ward_19410993,,14,Trần Phú,phường,
osm_ward_19410994,,14,Hà Huy Tập,phường,
osm_ward_19410995,,14,Sông Trí,phường,
osm_ward_19410996,,14,Hải Ninh,phường,
osm_ward_19410997,,14,Hoành Sơn,phường,
osm_ward_19410998,,14,Vũng Áng,phường,
osm_ward_19410999,,14,Bắc Hồng Lĩnh,phường,
osm_ward_19411000,,14,Nam Hồng Lĩnh,phường,
osm_ward_19411135,,10,Khuất Xá,xã,
osm_ward_19411136,,10,Na Dương,xã,
osm_ward_19411137,,10,Lộc Bình,xã,
osm_ward_19411380,,01,Thường Tín,xã,
osm_ward_19411381,,01,Thượng Phúc,xã,
osm_ward_19411382,,01,Chương Dương,xã,
osm_ward_19411383,,01,Phượng Dực,xã,
osm_ward_19411384,,01,Phú Xuyên,xã,
osm_ward_19411385,,01,Đại Xuyên,xã,
osm_ward_19411386,,01,Chuyên Mỹ,xã,
osm_ward_19411387,,01,Ứng Hòa,xã,
osm_ward_19411388,,01,Hòa Xá,xã,
osm_ward_19411532,,23,Cửa Tùng,xã,Quảng Trị
osm_ward_19411533,,23,Vĩnh Hoàng,xã,Quảng Trị
osm_ward_19411534,,23,Vĩnh Thủy,xã,Quảng Trị
osm_ward_19411535,,23,Bến Quan,xã,Quảng Trị
osm_ward_19411536,,23,Vĩnh Linh,xã,Quảng Trị
osm_ward_19411537,,23,Cồn Tiên,xã,Quảng Trị
osm_ward_19411538,,23,Cửa Việt,xã,Quảng Trị
osm_ward_19411539,,23,Gio Linh,xã,Quảng Trị
osm_ward_19411540,,23,Bến Hải,xã,Quảng Trị
osm_ward_19411541,,23,Cam Lộ,xã,Quảng Trị
osm_ward_19411542,,23,Hiếu Giang,xã,Quảng Trị
osm_ward_19411543,,06,La Lay,xã,
osm_ward_19411544,,23,Tà Rụt,xã,Quảng Trị
osm_ward_19411545,,23,Đakrông,xã,Quảng Trị
osm_ward_19411546,,23,Ba Lòng,xã,Quảng Trị
osm_ward_19411547,,23,Hướng Hiệp,xã,Quảng Trị
osm_ward_19411548,,23,Hướng Lập,xã,Quảng Trị
osm_ward_19411549,,23,Hướng Phùng,xã,Quảng Trị
osm_ward_19411550,,23,Khe Sanh,xã,Quảng Trị
osm_ward_19411551,,23,Tân Lập,xã,Quảng Trị
osm_ward_19411552,,23,Lao Bảo,xã,Quảng Trị
osm_ward_19411553,,23,Lìa,xã,Quảng Trị
osm_ward_19411554,,23,A Dơi,xã,Quảng Trị
osm_ward_19411555,,23,Triệu Phong,xã,Quảng Trị
osm_ward_19411557,,23,Triệu Bình,xã,Quảng Trị
osm_ward_19411558,,23,Triệu Cơ,xã,Quảng Trị
osm_ward_19411559,,23,Nam Cửa Việt,xã,Quảng Trị
osm_ward_19411560,,23,Diên Sanh,xã,Quảng Trị
osm_ward_19411561,,23,Mỹ Thủy,xã,Quảng Trị
osm_ward_19411562,,23,Hải Lăng,xã,Quảng Trị
osm_ward_19411563,,23,Nam Hải Lăng,xã,Quảng Trị
osm_ward_19411564,,23,Vĩnh Định,xã,Quảng Trị
osm_ward_19413618,,15,Kim Đồng,xã,
osm_ward_19413619,,15,Canh Tân,xã,
osm_ward_19415095,,15,Tam Kim,xã,
osm_ward_19415096,,15,Thành Công,xã,
osm_ward_19415097,,15,Nguyên Bình,xã,
osm_ward_19415098,,15,Tĩnh Túc,xã,
osm_ward_19415099,,15,Phan Thanh,xã,
osm_ward_19416466,,15,Thông Nông,xã,
osm_ward_19416467,,15,Thanh Long,xã,
osm_ward_19416468,,15,Cần Yên,xã,
osm_ward_19416469,,15,Trường Hà,xã,
osm_ward_19416470,,15,Lũng Nặm,xã,
osm_ward_19416471,,15,Tổng Cọt,xã,
osm_ward_19416472,,15,Nam Tuấn,xã,
osm_ward_19416473,,15,Hòa An,xã,
osm_ward_19416474,,15,Nguyễn Huệ,xã,
osm_ward_19417461,,15,Đình Phong,xã,
osm_ward_19417462,,15,Đàm Thủy,xã,
osm_ward_19417463,,15,Đoài Dương,xã,
osm_ward_19417464,,15,Trùng Khánh,xã,
osm_ward_19417465,,15,Quang Trung,xã,
osm_ward_19417466,,15,Trà Lĩnh,xã,
osm_ward_19417467,,15,Quang Hán,xã,
osm_ward_19421858,,15,Bế Văn Đàn,xã,
osm_ward_19421859,,15,Phục Hòa,xã,
osm_ward_19421860,,15,Hạnh Phúc,xã,
osm_ward_19421861,,15,Độc Lập,xã,
osm_ward_19421862,,15,Quảng Uyên,xã,
osm_ward_19421863,,15,Lý Quốc,xã,
osm_ward_19421864,,15,Quang Long,xã,
osm_ward_19421865,,15,Vinh Quý,xã,
osm_ward_19421866,,15,Hạ Lang,xã,
osm_ward_19425468,,10,Cao Lộc,xã,
osm_ward_19425469,,10,Công Sơn,xã,
osm_ward_19425470,,10,Ba Sơn,xã,
osm_ward_19425471,,10,Mẫu Sơn,xã,
osm_ward_19425493,,15,Hà Quảng,xã,
osm_ward_19425625,,20,Lục Ngạn,xã,
osm_ward_19425626,,20,Chũ,phường,
osm_ward_19425627,,20,Lạng Giang,phường,
osm_ward_19425628,,20,Bảo Đài,xã,
osm_ward_19425629,,20,Lục Nam,phường,
osm_ward_19425630,,20,Yên Thế,xã,
osm_ward_19425631,,20,Tân Yên,xã,
osm_ward_19425632,,20,Việt Yên,phường,
osm_ward_19425633,,20,Hiệp Hòa,phường,
osm_ward_19425634,,20,Yên Phong,phường,
osm_ward_19425635,,20,Tiên Du,phường,
osm_ward_19425636,,20,Thuận Thành,phường,
osm_ward_19425637,,20,Lương Tài,phường,
osm_ward_19425638,,20,Gia Bình,phường,
osm_ward_19425704,,20,Sơn Động,xã,
osm_ward_19427477,,07,Khoen On,xã,
osm_ward_19427880,,07,Mường Kim,xã,
osm_ward_19428203,,17,Lào Cai,phường,Lào Cai
osm_ward_19428210,,17,Cam Đường,phường,Lào Cai
osm_ward_19428211,,17,Hợp Thành,xã,Lào Cai
osm_ward_19428212,,17,Tả Van,xã,Lào Cai
osm_ward_19428213,,17,Bản Hồ,xã,Lào Cai
osm_ward_19428214,,17,Mường Bo,xã,Lào Cai
osm_ward_19428215,,17,Tả Phìn,xã,Lào Cai
osm_ward_19428216,,17,Ngũ Chỉ Sơn,xã,Lào Cai
osm_ward_19428217,,17,Sa Pa,phường,Lào Cai
osm_ward_19428254,,07,Than Uyên,xã,
osm_ward_19428255,,07,Mường Than,xã,
osm_ward_19428256,,07,Pắc Ta,xã,
osm_ward_19428281,,07,Tân Phong,phường,
osm_ward_19428374,,18,Quan Triều,phường,
osm_ward_19428375,,18,Quyết Thắng,phường,
osm_ward_19428376,,18,Tích Lương,phường,
osm_ward_19428377,,18,Gia Sàng,phường,
osm_ward_19428378,,18,Linh Sơn,phường,
osm_ward_19428379,,18,Phan Đình Phùng,phường,
osm_ward_19428399,,07,Nậm Sỏ,xã,
osm_ward_19428400,,07,Mường Khoa,xã,
osm_ward_19428401,,07,Tân Uyên,xã,
osm_ward_19428481,,07,Bản Bo,xã,
osm_ward_19428482,,07,Khun Há,xã,
osm_ward_19428571,,07,Bình Lư,xã,
osm_ward_19428572,,07,Tả Lèng,xã,
osm_ward_19428573,,07,Đoàn Kết,phường,
osm_ward_19428617,,12,Đông Tiến,phường,
osm_ward_19428618,,12,Đông Sơn,phường,
osm_ward_19428619,,12,Đông Quang,phường,
osm_ward_19428620,,12,Quảng Phú,phường,
osm_ward_19428621,,12,Nguyệt Viên,phường,
osm_ward_19428622,,12,Hàm Rồng,phường,
osm_ward_19428623,,12,Sầm Sơn,phường,
osm_ward_19428624,,12,Tân Dân,phường,
osm_ward_19428625,,12,Các Sơn,xã,
osm_ward_19428626,,12,Hải Lĩnh,phường,
osm_ward_19428627,,12,Trúc Lâm,phường,
osm_ward_19428628,,12,Hải Bình,phường,
osm_ward_19428629,,12,Trường Lâm,xã,
osm_ward_19428630,,12,Nghi Sơn,phường,
osm_ward_19428631,,12,Hạc Thành,phường,
osm_ward_19430405,,07,Sin Suối Hồ,xã,
osm_ward_19430406,,07,Khổng Lào,xã,
osm_ward_19430462,,07,Dào San,xã,
osm_ward_19430463,,07,Sì Lở Lầu,xã,
osm_ward_19430464,,07,Phong Thổ,xã,
osm_ward_19430679,,07,Nậm Cuổi,xã,
osm_ward_19430680,,07,Nậm Mạ,xã,
osm_ward_19430937,,07,Pu Sam Cáp,xã,
osm_ward_19430938,,07,Nậm Tăm,xã,
osm_ward_19431184,,07,Hồng Thu,xã,
osm_ward_19431185,,07,Sìn Hồ,xã,
osm_ward_19431186,,07,Tủa Sín Chải,xã,
osm_ward_19431272,,07,Lê Lợi,xã,
osm_ward_19431273,,07,Pa Tần,xã,
osm_ward_19431655,,22,Giao Minh,xã,
osm_ward_19431656,,22,Giao Hòa,xã,
osm_ward_19431657,,22,Giao Phúc,xã,
osm_ward_19431658,,22,Giao Hưng,xã,
osm_ward_19431659,,22,Giao Bình,xã,
osm_ward_19431660,,22,Giao Ninh,xã,
osm_ward_19431661,,22,Giao Thủy,xã,
osm_ward_19431722,,07,Nậm Hàng,xã,
osm_ward_19431723,,07,Mường Mô,xã,
osm_ward_19431928,,07,Hua Bum,xã,
osm_ward_19431929,,07,Bum Nưa,xã,
osm_ward_19431930,,07,Bum Tở,xã,
osm_ward_19435356,,07,Tà Tổng,xã,
osm_ward_19435357,,07,Mường Tè,xã,
osm_ward_19435358,,07,Pa Ủ,xã,
osm_ward_19435359,,07,Thu Lũm,xã,
osm_ward_19435360,,07,Mù Cả,xã,
osm_ward_19435863,,01,Quốc Oai,xã,
osm_ward_19435864,,01,Hưng Đạo,xã,
osm_ward_19435883,,20,Từ Sơn,phường,
osm_ward_19437088,,01,Thanh Trì,xã,
osm_ward_19437089,,01,Đại Thanh,xã,
osm_ward_19437090,,01,An Khánh,xã,
osm_ward_19437091,,01,Sơn Đồng,xã,
osm_ward_19437092,,01,Hoài Đức,xã,
osm_ward_19437093,,01,Ô Diên,xã,
osm_ward_19437094,,01,Ngọc Hồi,xã,
osm_ward_19437095,,01,Nam Phù,xã,
osm_ward_19437096,,01,Hồng Vân,xã,
osm_ward_19437783,,22,Xuân Hồng,xã,
osm_ward_19437784,,22,Xuân Giang,xã,
osm_ward_19437785,,22,Xuân Hưng,xã,
osm_ward_19437786,,22,Xuân Trường,xã,
osm_ward_19437787,,22,Hải Thịnh,xã,
osm_ward_19437788,,22,Hải An,xã,
osm_ward_19437789,,22,Hải Anh,xã,
osm_ward_19437790,,22,Hải Xuân,xã,
osm_ward_19437791,,22,Hải Tiến,xã,
osm_ward_19437792,,22,Hải Quang,xã,
osm_ward_19437793,,22,Hải Hưng,xã,
osm_ward_19437794,,22,Hải Hậu,xã,
osm_ward_19440107,,23,Tân Thành,xã,Quảng Bình
osm_ward_19440108,,23,Ái Tử,xã,Quảng Trị
osm_ward_19446382,,01,Đan Phượng,xã,
osm_ward_19446383,,01,Dương Hòa,xã,
osm_ward_19446384,,01,Chương Mỹ,phường,
osm_ward_19446385,,01,Phú Nghĩa,xã,
osm_ward_19446386,,01,Xuân Mai,xã,
osm_ward_19446782,,14,Yên Hòa,xã,
osm_ward_19446783,,14,Xuân Lộc,xã,
osm_ward_19446784,,14,Vũ Quang,xã,
osm_ward_19446785,,14,Việt Xuyên,xã,
osm_ward_19446786,,14,Tùng Lộc,xã,
osm_ward_19446787,,14,Tứ Mỹ,xã,
osm_ward_19446788,,14,Trường Lưu,xã,
osm_ward_19446789,,14,Toàn Lưu,xã,
osm_ward_19446790,,14,Tiên Điền,xã,
osm_ward_19446791,,14,Thượng Đức,xã,
osm_ward_19446792,,14,Thiên Cầm,xã,
osm_ward_19446793,,14,Thạch Xuân,xã,
osm_ward_19446794,,14,Thạch Lạc,xã,
osm_ward_19446795,,14,Thạch Khê,xã,
osm_ward_19446796,,14,Thạch Hà,xã,
osm_ward_19446797,,14,Sơn Tiến,xã,
osm_ward_19446798,,14,Sơn Tây,xã,
osm_ward_19446799,,14,Sơn Kim 2,xã,
osm_ward_19446800,,14,Sơn Kim 1,xã,
osm_ward_19446801,,14,Sơn Hồng,xã,
osm_ward_19446802,,14,Sơn Giang,xã,
osm_ward_19446803,,14,Phúc Trạch,xã,
osm_ward_19446804,,14,Nghi Xuân,xã,
osm_ward_19446805,,14,Mai Phụ,xã,
osm_ward_19446806,,14,Mai Hoa,xã,
osm_ward_19446807,,14,Lộc Hà,xã,
osm_ward_19446808,,14,Kỳ Xuân,xã,
osm_ward_19446809,,14,Kỳ Văn,xã,
osm_ward_19446810,,14,Kỳ Thượng,xã,
osm_ward_19446811,,14,Kỳ Lạc,xã,
osm_ward_19446812,,14,Kỳ Khang,xã,
osm_ward_19446813,,14,Kỳ Hoa,xã,
osm_ward_19446814,,14,Kỳ Anh,xã,
osm_ward_19446815,,14,Kim Hoa,xã,
osm_ward_19446816,,14,Hương Xuân,xã,
osm_ward_19446817,,14,Hương Sơn,xã,
osm_ward_19446818,,14,Hương Phố,xã,
osm_ward_19446819,,14,Hương Khê,xã,
osm_ward_19446820,,14,Hương Đô,xã,
osm_ward_19446821,,14,Hương Bình,xã,
osm_ward_19446822,,14,Hồng Lộc,xã,
osm_ward_19446823,,14,Hà Linh,xã,
osm_ward_19446824,,14,Gia Hanh,xã,
osm_ward_19446825,,14,Đức Thọ,xã,
osm_ward_19446826,,14,Đức Thịnh,xã,
osm_ward_19446827,,14,Đức Quang,xã,
osm_ward_19446828,,14,Đức Minh,xã,
osm_ward_19446829,,14,Đức Đồng,xã,
osm_ward_19446830,,14,Đồng Tiến,xã,
osm_ward_19446831,,14,Đồng Lộc,xã,
osm_ward_19446832,,14,Đông Kinh,xã,
osm_ward_19446833,,14,Đan Hải,xã,
osm_ward_19446834,,14,Cổ Đạm,xã,
osm_ward_19446835,,14,Can Lộc,xã,
osm_ward_19446836,,14,Cẩm Xuyên,xã,
osm_ward_19446837,,14,Cẩm Trung,xã,
osm_ward_19446838,,14,Cẩm Lạc,xã,
osm_ward_19446839,,14,Cẩm Hưng,xã,
osm_ward_19446840,,14,Cẩm Duệ,xã,
osm_ward_19446841,,14,Cẩm Bình,xã,
osm_ward_19449211,,22,Thiên Trường,phường,
osm_ward_19449392,,22,Chất Bình,xã,
osm_ward_19449393,,22,Kim Sơn,xã,
osm_ward_19449394,,22,Quang Thiện,xã,
osm_ward_19449395,,22,Phát Diệm,xã,
osm_ward_19449396,,22,Lai Thành,xã,
osm_ward_19449397,,22,Định Hóa,xã,
osm_ward_19449398,,22,Bình Minh,xã,
osm_ward_19449399,,22,Kim Đông,xã,
osm_ward_19463170,,21,Hồng Châu,phường,
osm_ward_19463171,,21,Phố Hiến,phường,
osm_ward_19465639,,22,Nam Định,phường,
osm_ward_19465642,,22,Đông A,phường,
osm_ward_19465643,,22,Mỹ Lộc,phường,
osm_ward_19465645,,22,Trường Thi,phường,
osm_ward_19465646,,22,Vị Khê,phường,
osm_ward_19468560,,13,Yên Xuân,xã,
osm_ward_19468561,,13,Yên Trung,xã,
osm_ward_19468562,,13,Yên Thành,xã,
osm_ward_19468563,,13,Yên Na,xã,
osm_ward_19468564,,13,Yên Hòa,xã,
osm_ward_19468565,,13,Xuân Lâm,xã,
osm_ward_19468566,,13,Vĩnh Tường,xã,
osm_ward_19468567,,13,Vinh Phú,phường,
osm_ward_19468568,,13,Vinh Lộc,phường,
osm_ward_19468569,,13,Vinh Hưng,phường,
osm_ward_19468570,,13,Vân Tụ,xã,
osm_ward_19468571,,13,Văn Kiều,xã,
osm_ward_19468572,,13,Văn Hiến,xã,
osm_ward_19468573,,13,Vân Du,xã,
osm_ward_19468574,,13,Vạn An,xã,
osm_ward_19468575,,13,Tương Dương,xã,
osm_ward_19468576,,13,Trường Vinh,phường,
osm_ward_19468577,,13,Trung Lộc,xã,
osm_ward_19468578,,13,Tri Lễ,xã,
osm_ward_19468579,,13,Tiền Phong,xã,
osm_ward_19468580,,13,Tiên Đồng,xã,
osm_ward_19468581,,13,Thuần Trung,xã,
osm_ward_19468582,,13,Thông Thụ,xã,
osm_ward_19468583,,13,Thiên Nhẫn,xã,
osm_ward_19468584,,13,Thành Vinh,phường,
osm_ward_19468585,,13,Thành Bình Thọ,xã,
osm_ward_19468586,,13,Thần Lĩnh,xã,
osm_ward_19468587,,13,Thái Hòa,phường,
osm_ward_19468588,,13,Tây Hiếu,phường,
osm_ward_19468589,,13,Tân Phú,xã,
osm_ward_19468590,,13,Tân Mai,phường,
osm_ward_19468591,,13,Tân Kỳ,xã,
osm_ward_19468592,,13,Tân Châu,xã,
osm_ward_19468593,,13,Tân An,xã,
osm_ward_19468594,,13,Tam Thái,xã,
osm_ward_19468595,,13,Tam Quang,xã,
osm_ward_19468596,,13,Tam Hợp,xã,
osm_ward_19468597,,13,Tam Đồng,xã,
osm_ward_19468598,,13,Sơn Lâm,xã,
osm_ward_19468599,,13,Quỳnh Văn,xã,
osm_ward_19468600,,13,Quỳnh Thắng,xã,
osm_ward_19468601,,13,Quỳnh Tam,xã,
osm_ward_19468602,,13,Quỳnh Sơn,xã,
osm_ward_19468603,,13,Quỳnh Phú,xã,
osm_ward_19468604,,13,Quỳnh Mai,phường,
osm_ward_19468605,,13,Quỳnh Lưu,xã,
osm_ward_19468606,,13,Quỳnh Anh,xã,
osm_ward_19468607,,13,Quỳ Hợp,xã,
osm_ward_19468608,,13,Quỳ Châu,xã,
osm_ward_19468609,,13,Quế Phong,xã,
osm_ward_19468610,,13,Quang Đồng,xã,
osm_ward_19468611,,13,Quảng Châu,xã,
osm_ward_19468612,,13,Quan Thành,xã,
osm_ward_19468613,,13,Phúc Lộc,xã,
osm_ward_19468614,,13,Nhôn Mai,xã,
osm_ward_19468615,,13,Nhân Hòa,xã,
osm_ward_19468616,,13,Nghĩa Thọ,xã,
osm_ward_19468617,,13,Nghĩa Mai,xã,
osm_ward_19468618,,13,Nghĩa Lộc,xã,
osm_ward_19468619,,13,Nghĩa Lâm,xã,
osm_ward_19468620,,13,Nghĩa Khánh,xã,
osm_ward_19468621,,13,Nghĩa Hưng,xã,
osm_ward_19468622,,13,Nghĩa Hành,xã,
osm_ward_19468623,,13,Nghĩa Đồng,xã,
osm_ward_19468624,,13,Nghĩa Đàn,xã,
osm_ward_19468625,,13,Nghi Lộc,xã,
osm_ward_19468626,,13,Nga My,xã,
osm_ward_19468627,,13,Nam Đàn,xã,
osm_ward_19468628,,13,Nậm Cắn,xã,
osm_ward_19468629,,13,Na Ngoi,xã,
osm_ward_19468630,,13,Na Loi,xã,
osm_ward_19468631,,13,Mỹ Lý,xã,
osm_ward_19468632,,13,Mường Xén,xã,
osm_ward_19468633,,13,Mường Típ,xã,
osm_ward_19468634,,13,Mường Quàng,xã,
osm_ward_19468635,,13,Mường Lống,xã,
osm_ward_19468636,,13,Mường Ham,xã,
osm_ward_19468637,,13,Mường Chọng,xã,
osm_ward_19468638,,13,Môn Sơn,xã,
osm_ward_19468639,,13,Minh Hợp,xã,
osm_ward_19468640,,13,Minh Châu,xã,
osm_ward_19468641,,13,Mậu Thạch,xã,
osm_ward_19468642,,13,Lương Sơn,xã,
osm_ward_19468643,,13,Lượng Minh,xã,
osm_ward_19468644,,13,Lam Thành,xã,
osm_ward_19468645,,13,Kim Liên,xã,
osm_ward_19468646,,13,Kim Bảng,xã,
osm_ward_19468647,,13,Keng Đu,xã,
osm_ward_19468648,,13,Hữu Kiệm,xã,
osm_ward_19468649,,13,Hữu Khuông,xã,
osm_ward_19468650,,13,Huồi Tụ,xã,
osm_ward_19468651,,13,Hưng Nguyên Nam,xã,
osm_ward_19468652,,13,Hưng Nguyên,xã,
osm_ward_19468653,,13,Hùng Châu,xã,
osm_ward_19468654,,13,Hùng Chân,xã,
osm_ward_19468655,,13,Hợp Minh,xã,
osm_ward_19468656,,13,Hoàng Mai,phường,
osm_ward_19468657,,13,Hoa Quân,xã,
osm_ward_19468658,,13,Hạnh Lâm,xã,
osm_ward_19468659,,13,Hải Lộc,xã,
osm_ward_19468660,,13,Hải Châu,xã,
osm_ward_19468661,,13,Giai Xuân,xã,
osm_ward_19468662,,13,Giai Lạc,xã,
osm_ward_19468663,,13,Đức Châu,xã,
osm_ward_19468664,,13,Đông Thành,xã,
osm_ward_19468665,,13,Đông Lộc,xã,
osm_ward_19468666,,13,Đông Hiếu,xã,
osm_ward_19468667,,13,Đô Lương,xã,
osm_ward_19468668,,13,Diễn Châu,xã,
osm_ward_19468669,,13,Đại Huệ,xã,
osm_ward_19468670,,13,Đại Đồng,xã,
osm_ward_19468671,,13,Cửa Lò,phường,
osm_ward_19468672,,13,Con Cuông,xã,
osm_ward_19468673,,13,Chiêu Lưu,xã,
osm_ward_19468674,,13,Châu Tiến,xã,
osm_ward_19468675,,13,Châu Lộc,xã,
osm_ward_19468676,,13,Châu Khê,xã,
osm_ward_19468677,,13,Châu Hồng,xã,
osm_ward_19468678,,13,Châu Bình,xã,
osm_ward_19468679,,13,Cát Ngạn,xã,
osm_ward_19468680,,13,Cam Phục,xã,
osm_ward_19468681,,13,Bình Minh,xã,
osm_ward_19468682,,13,Bình Chuẩn,xã,
osm_ward_19468683,,13,Bích Hào,xã,
osm_ward_19468684,,13,Bạch Ngọc,xã,
osm_ward_19468685,,13,Bạch Hà,xã,
osm_ward_19468686,,13,Bắc Lý,xã,
osm_ward_19468687,,13,Anh Sơn Đông,xã,
osm_ward_19468688,,13,Anh Sơn,xã,
osm_ward_19468689,,13,An Châu,xã,
osm_ward_19514767,,01,Phú Cát,xã,
osm_ward_19514768,,01,Yên Xuân,xã,
osm_ward_19514769,,01,Kiều Phú,xã,
osm_ward_19514770,,01,Hòa Lạc,xã,
osm_ward_19514771,,01,Hạ Bằng,xã,
osm_ward_19514772,,01,Thạch Thất,xã,
osm_ward_19514773,,01,Tây Phương,xã,
osm_ward_19514774,,01,Đoài Phương,xã,
osm_ward_19514775,,01,Yên Bài,xã,
osm_ward_19514776,,01,Tùng Thiện,phường,
osm_ward_19514777,,01,Phúc Thọ,xã,
osm_ward_19514778,,01,Hát Môn,xã,
osm_ward_19514779,,01,Liên Minh,xã,
osm_ward_19514780,,01,Phúc Lộc,xã,
osm_ward_19514781,,01,Sơn Tây,phường,
osm_ward_19514782,,01,Ba Vì,xã,
osm_ward_19514783,,01,Suối Hai,xã,
osm_ward_19514784,,01,Bất Bạt,xã,
osm_ward_19514785,,01,Quảng Oai,xã,
osm_ward_19514786,,01,Minh Châu,xã,
osm_ward_19514787,,01,Vật Lại,xã,
osm_ward_19514788,,01,Cổ Đô,xã,
osm_ward_19514789,,01,Hương Sơn,xã,
osm_ward_19514790,,01,Mỹ Đức,xã,
osm_ward_19514791,,01,Hồng Sơn,xã,
osm_ward_19514792,,01,Vân Đình,xã,
osm_ward_19514793,,01,Phúc Sơn,xã,
osm_ward_19514794,,01,Ứng Thiên,xã,
osm_ward_19514795,,01,Dân Hòa,xã,
osm_ward_19514796,,01,Thanh Oai,xã,
osm_ward_19514797,,01,Hòa Phú,xã,
osm_ward_19514798,,01,Trần Phú,xã,
osm_ward_19514799,,01,Quảng Bị,xã,
osm_ward_19514800,,01,Tam Hưng,xã,
osm_ward_19514801,,01,Bình Minh,xã,
osm_ward_19521036,,12,Yên Trường,xã,
osm_ward_19521037,,12,Yên Thọ,xã,
osm_ward_19521038,,12,Yên Thắng,xã,
osm_ward_19521039,,12,Yên Phú,xã,
osm_ward_19521040,,12,Yên Ninh,xã,
osm_ward_19521041,,12,Yên Nhân,xã,
osm_ward_19521042,,12,Yên Khương,xã,
osm_ward_19521043,,12,Yên Định,xã,
osm_ward_19521044,,12,Xuân Tín,xã,
osm_ward_19521045,,12,Xuân Thái,xã,
osm_ward_19521046,,12,Xuân Lập,xã,
osm_ward_19521047,,12,Xuân Hòa,xã,
osm_ward_19521048,,12,Xuân Du,xã,
osm_ward_19521049,,12,Xuân Chinh,xã,
osm_ward_19521050,,12,Xuân Bình,xã,
osm_ward_19521051,,12,Vĩnh Lộc,xã,
osm_ward_19521052,,12,Vạn Xuân,xã,
osm_ward_19521053,,12,Văn Phú,xã,
osm_ward_19521054,,12,Văn Nho,xã,
osm_ward_19521055,,12,Vạn Lộc,xã,
osm_ward_19521056,,12,Vân Du,xã,
osm_ward_19521057,,12,Tượng Lĩnh,xã,
osm_ward_19521058,,12,Trường Văn,xã,
osm_ward_19521059,,12,Trung Thành,xã,
osm_ward_19521060,,12,Trung Sơn,xã,
osm_ward_19521061,,12,Trung Lý,xã,
osm_ward_19521062,,12,Trung Hạ,xã,
osm_ward_19521063,,12,Trung Chính,xã,
osm_ward_19521064,,12,Triệu Sơn,xã,
osm_ward_19521065,,12,Triệu Lộc,xã,
osm_ward_19521066,,12,Tống Sơn,xã,
osm_ward_19521067,,12,Tiên Trang,xã,
osm_ward_19521068,,12,Thường Xuân,xã,
osm_ward_19521069,,12,Thượng Ninh,xã,
osm_ward_19521070,,12,Thọ Xuân,xã,
osm_ward_19521071,,12,Thọ Phú,xã,
osm_ward_19521072,,12,Thọ Ngọc,xã,
osm_ward_19521073,,12,Thọ Long,xã,
osm_ward_19521074,,12,Thọ Lập,xã,
osm_ward_19521075,,12,Thọ Bình,xã,
osm_ward_19521076,,12,Thiệu Trung,xã,
osm_ward_19521077,,12,Thiệu Toán,xã,
osm_ward_19521078,,12,Thiệu Tiến,xã,
osm_ward_19521079,,12,Thiệu Quang,xã,
osm_ward_19521080,,12,Thiệu Hóa,xã,
osm_ward_19521081,,12,Thiết Ống,xã,
osm_ward_19521082,,12,Thiên Phủ,xã,
osm_ward_19521083,,12,Thành Vinh,xã,
osm_ward_19521084,,12,Thanh Quân,xã,
osm_ward_19521085,,12,Thanh Phong,xã,
osm_ward_19521086,,12,Thanh Kỳ,xã,
osm_ward_19521087,,12,Thắng Lợi,xã,
osm_ward_19521088,,12,Thắng Lộc,xã,
osm_ward_19521089,,12,Thăng Bình,xã,
osm_ward_19521090,,12,Thạch Quảng,xã,
osm_ward_19521091,,12,Thạch Lập,xã,
osm_ward_19521092,,12,Thạch Bình,xã,
osm_ward_19521093,,12,Tây Đô,xã,
osm_ward_19521094,,12,Tân Tiến,xã,
osm_ward_19521095,,12,Tân Thành,xã,
osm_ward_19521096,,12,Tân Ninh,xã,
osm_ward_19521097,,12,Tam Thanh,xã,
osm_ward_19521098,,12,Tam Lư,xã,
osm_ward_19521099,,12,Tam Chung,xã,
osm_ward_19521100,,12,Sơn Thủy,xã,
osm_ward_19521101,,12,Sơn Điện,xã,
osm_ward_19521102,,12,Sao Vàng,xã,
osm_ward_19521103,,12,Quý Lương,xã,
osm_ward_19521104,,12,Quý Lộc,xã,
osm_ward_19521105,,12,Quảng Yên,xã,
osm_ward_19521106,,12,Quang Trung,phường,
osm_ward_19521107,,12,Quảng Ninh,xã,
osm_ward_19521108,,12,Quảng Ngọc,xã,
osm_ward_19521109,,12,Quảng Chính,xã,
osm_ward_19521110,,12,Quang Chiểu,xã,
osm_ward_19521111,,12,Quảng Bình,xã,
osm_ward_19521112,,12,Quan Sơn,xã,
osm_ward_19521113,,12,Pù Nhi,xã,
osm_ward_19521114,,12,Pù Luông,xã,
osm_ward_19521115,,12,Phú Xuân,xã,
osm_ward_19521116,,12,Phú Lệ,xã,
osm_ward_19521117,,12,Nông Cống,xã,
osm_ward_19521118,,12,Như Xuân,xã,
osm_ward_19521119,,12,Như Thanh,xã,
osm_ward_19521120,,12,Nhi Sơn,xã,
osm_ward_19521121,,12,Nguyệt Ấn,xã,
osm_ward_19521122,,12,Ngọc Trạo,xã,
osm_ward_19521123,,12,Ngọc Liên,xã,
osm_ward_19521124,,12,Ngọc Lặc,xã,
osm_ward_19521125,,12,Nga Thắng,xã,
osm_ward_19521126,,12,Nga Sơn,xã,
osm_ward_19521127,,12,Nga An,xã,
osm_ward_19521128,,12,Nam Xuân,xã,
osm_ward_19521129,,12,Nam Sầm Sơn,phường,
osm_ward_19521130,,12,Na Mèo,xã,
osm_ward_19521131,,12,Mường Mìn,xã,
osm_ward_19521132,,12,Mường Lý,xã,
osm_ward_19521133,,12,Mường Lát,xã,
osm_ward_19521134,,12,Mường Chanh,xã,
osm_ward_19521135,,12,Minh Sơn,xã,
osm_ward_19521136,,12,Mậu Lâm,xã,
osm_ward_19521137,,12,Lưu Vệ,xã,
osm_ward_19521138,,12,Lương Sơn,xã,
osm_ward_19521139,,12,Luận Thành,xã,
osm_ward_19521140,,12,Lĩnh Toại,xã,
osm_ward_19521141,,12,Linh Sơn,xã,
osm_ward_19521142,,12,Lam Sơn,xã,
osm_ward_19521143,,12,Kim Tân,xã,
osm_ward_19521144,,12,Kiên Thọ,xã,
osm_ward_19521145,,12,Hợp Tiến,xã,
osm_ward_19521146,,12,Hồi Xuân,xã,
osm_ward_19521147,,12,Hoạt Giang,xã,
osm_ward_19521148,,12,Hoằng Tiến,xã,
osm_ward_19521149,,12,Hoằng Thanh,xã,
osm_ward_19521150,,12,Hoằng Sơn,xã,
osm_ward_19521151,,12,Hoằng Phú,xã,
osm_ward_19521152,,12,Hoằng Lộc,xã,
osm_ward_19521153,,12,Hoằng Hóa,xã,
osm_ward_19521154,,12,Hoằng Giang,xã,
osm_ward_19521155,,12,Hoằng Châu,xã,
osm_ward_19521156,,12,Hóa Quỳ,xã,
osm_ward_19521157,,12,Hoa Lộc,xã,
osm_ward_19521158,,12,Hồ Vương,xã,
osm_ward_19521159,,12,Hiền Kiệt,xã,
osm_ward_19521160,,12,Hậu Lộc,xã,
osm_ward_19521161,,12,Hà Trung,xã,
osm_ward_19521162,,12,Hà Long,xã,
osm_ward_19521163,,12,Giao An,xã,
osm_ward_19521164,,12,Đồng Tiến,xã,
osm_ward_19521165,,12,Đông Thành,xã,
osm_ward_19521166,,12,Đồng Lương,xã,
osm_ward_19521167,,12,Định Tân,xã,
osm_ward_19521168,,12,Định Hòa,xã,
osm_ward_19521169,,12,Điền Quang,xã,
osm_ward_19521170,,12,Điền Lư,xã,
osm_ward_19521171,,12,Công Chính,xã,
osm_ward_19521172,,12,Cổ Lũng,xã,
osm_ward_19521173,,12,Cẩm Vân,xã,
osm_ward_19521174,,12,Cẩm Tú,xã,
osm_ward_19521175,,12,Cẩm Thủy,xã,
osm_ward_19521176,,12,Cẩm Thạch,xã,
osm_ward_19521177,,12,Cẩm Tân,xã,
osm_ward_19521178,,12,Bỉm Sơn,phường,
osm_ward_19521179,,12,Biện Thượng,xã,
osm_ward_19521180,,12,Bát Mọt,xã,
osm_ward_19521181,,12,Bá Thước,xã,
osm_ward_19521182,,12,Ba Đình,xã,
osm_ward_19521183,,12,An Nông,xã,
osm_ward_19522998,,18,Trung Thành,phường,
osm_ward_19523082,,18,Vạn Xuân,phường,
osm_ward_19526247,,18,Phổ Yên,phường,
osm_ward_19526283,,18,Phúc Thuận,phường,
osm_ward_19526291,,18,Thành Công,xã,
osm_ward_19529171,,18,Phượng Tiến,xã,
osm_ward_19529172,,18,Định Hóa,xã,
osm_ward_19537811,,08,Sín Thầu,xã,
osm_ward_19537914,,08,Mường Nhé,xã,
osm_ward_19537915,,07,Mường Toong,xã,
osm_ward_19537916,,08,Nậm Kè,xã,
osm_ward_19539140,,22,Yên Từ,xã,
osm_ward_19539141,,22,Yên Thắng,phường,
osm_ward_19539142,,22,Yên Sơn,phường,
osm_ward_19539143,,22,Yên Mô,xã,
osm_ward_19539144,,22,Yên Mạc,xã,
osm_ward_19539145,,22,Yên Khánh,xã,
osm_ward_19539146,,22,Yên Đồng,xã,
osm_ward_19539147,,22,Yên Cường,xã,
osm_ward_19539148,,22,Ý Yên,xã,
osm_ward_19539149,,22,Vũ Dương,xã,
osm_ward_19539150,,22,Vụ Bản,xã,
osm_ward_19539151,,22,Vĩnh Trụ,xã,
osm_ward_19539152,,22,Vạn Thắng,xã,
osm_ward_19539153,,22,Trung Sơn,phường,
osm_ward_19539154,,22,Trực Ninh,xã,
osm_ward_19539155,,22,Trần Thương,xã,
osm_ward_19539156,,22,Tiên Sơn,phường,
osm_ward_19539157,,22,Thanh Sơn,xã,
osm_ward_19539158,,22,Thành Nam,phường,
osm_ward_19539159,,22,Thanh Liêm,xã,
osm_ward_19539160,,22,Thanh Lâm,xã,
osm_ward_19539161,,22,Thanh Bình,xã,
osm_ward_19539162,,22,Tây Hoa Lư,phường,
osm_ward_19539163,,22,Tân Thanh,xã,
osm_ward_19539164,,22,Tân Minh,xã,
osm_ward_19539165,,22,Tam Điệp,phường,
osm_ward_19539166,,22,Tam Chúc,phường,
osm_ward_19539167,,22,Rạng Đông,xã,
osm_ward_19539168,,22,Quỳnh Lưu,xã,
osm_ward_19539169,,22,Quỹ Nhất,xã,
osm_ward_19539170,,22,Quang Hưng,xã,
osm_ward_19539171,,22,Phù Vân,phường,
osm_ward_19539172,,22,Phú Sơn,xã,
osm_ward_19539173,,22,Phủ Lý,phường,
osm_ward_19539174,,22,Phú Long,xã,
osm_ward_19539175,,22,Phong Doanh,xã,
osm_ward_19539176,,22,Ninh Giang,xã,
osm_ward_19539177,,22,Ninh Cường,xã,
osm_ward_19539178,,22,Nho Quan,xã,
osm_ward_19539179,,22,Nhân Hà,xã,
osm_ward_19539180,,22,Nguyễn Úy,phường,
osm_ward_19539181,,22,Nghĩa Sơn,xã,
osm_ward_19539182,,22,Nghĩa Lâm,xã,
osm_ward_19539183,,22,Nghĩa Hưng,xã,
osm_ward_19539184,,22,Nam Xang,xã,
osm_ward_19539185,,22,Nam Trực,xã,
osm_ward_19539186,,22,Nam Ninh,xã,
osm_ward_19539187,,22,Nam Minh,xã,
osm_ward_19539188,,22,Nam Lý,xã,
osm_ward_19539189,,22,Nam Hồng,xã,
osm_ward_19539190,,22,Nam Hoa Lư,phường,
osm_ward_19539191,,22,Nam Đồng,xã,
osm_ward_19539192,,22,Minh Thái,xã,
osm_ward_19539193,,22,Minh Tân,xã,
osm_ward_19539194,,22,Lý Thường Kiệt,phường,
osm_ward_19539195,,22,Lý Nhân,xã,
osm_ward_19539196,,22,Liên Minh,xã,
osm_ward_19539197,,22,Liêm Tuyền,phường,
osm_ward_19539198,,22,Liêm Hà,xã,
osm_ward_19539199,,22,Lê Hồ,phường,
osm_ward_19539200,,22,Kim Thanh,phường,
osm_ward_19539201,,22,Kim Bảng,phường,
osm_ward_19539202,,22,Khánh Trung,xã,
osm_ward_19539203,,22,Khánh Thiện,xã,
osm_ward_19539204,,22,Khánh Nhạc,xã,
osm_ward_19539205,,22,Khánh Hội,xã,
osm_ward_19539206,,22,Hồng Quang,phường,
osm_ward_19539207,,22,Hồng Phong,xã,
osm_ward_19539208,,22,Hoa Lư,phường,
osm_ward_19539209,,22,Hiển Khánh,xã,
osm_ward_19539210,,22,Hà Nam,phường,
osm_ward_19539211,,22,Gia Viễn,xã,
osm_ward_19539212,,22,Gia Vân,xã,
osm_ward_19539213,,22,Gia Tường,xã,
osm_ward_19539214,,22,Gia Trấn,xã,
osm_ward_19539215,,22,Gia Phong,xã,
osm_ward_19539216,,22,Gia Lâm,xã,
osm_ward_19539217,,22,Gia Hưng,xã,
osm_ward_19539218,,22,Duy Tiên,phường,
osm_ward_19539219,,22,Duy Tân,phường,
osm_ward_19539220,,22,Duy Hà,phường,
osm_ward_19539221,,22,Đồng Văn,phường,
osm_ward_19539222,,22,Đồng Thịnh,xã,
osm_ward_19539223,,22,Đồng Thái,xã,
osm_ward_19539224,,22,Đông Hoa Lư,phường,
osm_ward_19539225,,22,Đại Hoàng,xã,
osm_ward_19539226,,22,Cúc Phương,xã,
osm_ward_19539227,,22,Cổ Lễ,xã,
osm_ward_19539228,,22,Châu Sơn,phường,
osm_ward_19539229,,22,Cát Thành,xã,
osm_ward_19539230,,22,Bình Sơn,xã,
osm_ward_19539231,,22,Bình Mỹ,xã,
osm_ward_19539232,,22,Bình Lục,xã,
osm_ward_19539233,,22,Bình Giang,xã,
osm_ward_19539234,,22,Bình An,xã,
osm_ward_19539235,,22,Bắc Lý,xã,
osm_ward_19541827,,21,Yên Mỹ,xã,
osm_ward_19541828,,21,Xuân Trúc,xã,
osm_ward_19541829,,21,Vũ Tiên,xã,
osm_ward_19541830,,21,Vũ Thư,xã,
osm_ward_19541831,,21,Vũ Quý,xã,
osm_ward_19541832,,21,Vũ Phúc,phường,
osm_ward_19541833,,21,Việt Yên,xã,
osm_ward_19541834,,21,Việt Tiến,xã,
osm_ward_19541835,,21,Vạn Xuân,xã,
osm_ward_19541836,,21,Văn Giang,xã,
osm_ward_19541837,,21,Triệu Việt Vương,xã,
osm_ward_19541838,,21,Trần Lãm,phường,
osm_ward_19541839,,21,Trần Hưng Đạo,phường,
osm_ward_19541840,,21,Trà Lý,phường,
osm_ward_19541841,,21,Trà Giang,xã,
osm_ward_19541842,,21,Tống Trân,xã,
osm_ward_19541843,,21,Tiên Tiến,xã,
osm_ward_19541844,,21,Tiên Lữ,xã,
osm_ward_19541845,,21,Tiên La,xã,
osm_ward_19541846,,21,Tiên Hưng,xã,
osm_ward_19541847,,21,Tiên Hoa,xã,
osm_ward_19541848,,21,Tiền Hải,xã,
osm_ward_19541849,,21,Thụy Anh,xã,
osm_ward_19541850,,21,Thượng Hồng,phường,
osm_ward_19541851,,21,Thư Vũ,xã,
osm_ward_19541852,,21,Thư Trì,xã,
osm_ward_19541853,,21,Thần Khê,xã,
osm_ward_19541854,,21,Thái Thụy,xã,
osm_ward_19541855,,21,Thái Ninh,xã,
osm_ward_19541856,,21,Thái Bình,phường,
osm_ward_19541857,,21,Tây Tiền Hải,xã,
osm_ward_19541858,,21,Tây Thụy Anh,xã,
osm_ward_19541859,,21,Tây Thái Ninh,xã,
osm_ward_19541860,,21,Tân Tiến,xã,
osm_ward_19541861,,21,Tân Thuận,xã,
osm_ward_19541862,,21,Tân Hưng,xã,
osm_ward_19541863,,21,Sơn Nam,phường,
osm_ward_19541864,,21,Quỳnh Phụ,xã,
osm_ward_19541865,,21,Quỳnh An,xã,
osm_ward_19541866,,21,Quang Lịch,xã,
osm_ward_19541867,,21,Quang Hưng,xã,
osm_ward_19541868,,21,Phụng Công,xã,
osm_ward_19541869,,21,Phụ Dực,xã,
osm_ward_19541870,,21,Phạm Ngũ Lão,xã,
osm_ward_19541871,,21,Như Quỳnh,xã,
osm_ward_19541872,,21,Nguyễn Văn Linh,xã,
osm_ward_19541873,,21,Nguyễn Trãi,xã,
osm_ward_19541874,,21,Nguyễn Du,xã,
osm_ward_19541875,,21,Ngự Thiên,xã,
osm_ward_19541876,,21,Ngọc Lâm,xã,
osm_ward_19541877,,21,Nghĩa Trụ,xã,
osm_ward_19541878,,21,Nghĩa Dân,xã,
osm_ward_19541879,,21,Nam Tiên Hưng,xã,
osm_ward_19541880,,21,Nam Tiền Hải,xã,
osm_ward_19541881,,21,Nam Thụy Anh,xã,
osm_ward_19541882,,21,Nam Thái Ninh,xã,
osm_ward_19541883,,21,Nam Đông Hưng,xã,
osm_ward_19541884,,21,Nam Cường,xã,
osm_ward_19541885,,21,Mỹ Hào,phường,
osm_ward_19541886,,21,Minh Thọ,xã,
osm_ward_19541887,,21,Mễ Sở,xã,
osm_ward_19541888,,21,Lương Bằng,xã,
osm_ward_19541889,,21,Long Hưng,xã,
osm_ward_19541890,,21,Lê Quý Đôn,xã,
osm_ward_19541891,,21,Lê Lợi,xã,
osm_ward_19541892,,21,Lạc Đạo,xã,
osm_ward_19541893,,21,Kiến Xương,xã,
osm_ward_19541894,,21,Khoái Châu,xã,
osm_ward_19541895,,21,Hưng Phú,xã,
osm_ward_19541896,,21,Hưng Hà,xã,
osm_ward_19541897,,21,Hồng Vũ,xã,
osm_ward_19541898,,21,Hồng Quang,xã,
osm_ward_19541899,,21,Hồng Minh,xã,
osm_ward_19541900,,21,Hoàng Hoa Thám,xã,
osm_ward_19541901,,21,Hoàn Long,xã,
osm_ward_19541902,,21,Hiệp Cường,xã,
osm_ward_19541903,,21,Đường Hào,phường,
osm_ward_19541904,,21,Đức Hợp,xã,
osm_ward_19541905,,21,Đông Tiên Hưng,xã,
osm_ward_19541906,,21,Đông Tiền Hải,xã,
osm_ward_19541907,,21,Đông Thụy Anh,xã,
osm_ward_19541908,,21,Đông Thái Ninh,xã,
osm_ward_19541909,,21,Đông Quan,xã,
osm_ward_19541910,,21,Đông Hưng,xã,
osm_ward_19541911,,21,Đồng Châu,xã,
osm_ward_19541912,,21,Đồng Bằng,xã,
osm_ward_19541913,,21,Đoàn Đào,xã,
osm_ward_19541914,,21,Diên Hà,xã,
osm_ward_19541915,,21,Đại Đồng,xã,
osm_ward_19541916,,21,Chí Minh,xã,
osm_ward_19541917,,21,Châu Ninh,xã,
osm_ward_19541918,,21,Bình Thanh,xã,
osm_ward_19541919,,21,Bình Nguyên,xã,
osm_ward_19541920,,21,Bình Định,xã,
osm_ward_19541921,,21,Bắc Tiên Hưng,xã,
osm_ward_19541922,,21,Bắc Thụy Anh,xã,
osm_ward_19541923,,21,Bắc Thái Ninh,xã,
osm_ward_19541924,,21,Bắc Đông Quan,xã,
osm_ward_19541925,,21,Bắc Đông Hưng,xã,
osm_ward_19541926,,21,Ân Thi,xã,
osm_ward_19541927,,21,Ái Quốc,xã,
osm_ward_19542969,,19,Yên Trị,xã,Hòa Bình
osm_ward_19542970,,19,Yên Thủy,xã,Hòa Bình
osm_ward_19542971,,19,Yên Sơn,xã,
osm_ward_19542972,,19,Yên Phú,xã,Hòa Bình
osm_ward_19542973,,19,Yên Lập,xã,
osm_ward_19542974,,19,Yên Lãng,xã,
osm_ward_19542975,,19,Yên Lạc,xã,
osm_ward_19542976,,19,Yên Kỳ,xã,
osm_ward_19542977,,19,Xuân Viên,xã,
osm_ward_19542978,,19,Xuân Lũng,xã,
osm_ward_19542979,,19,Xuân Lãng,xã,
osm_ward_19542980,,19,Xuân Hòa,phường,
osm_ward_19542981,,19,Xuân Đài,xã,
osm_ward_19542982,,19,Võ Miếu,xã,
osm_ward_19542983,,19,Vĩnh Yên,phường,
osm_ward_19542984,,19,Vĩnh Tường,xã,
osm_ward_19542985,,19,Vĩnh Thành,xã,
osm_ward_19542986,,19,Vĩnh Phúc,phường,
osm_ward_19542987,,19,Vĩnh Phú,xã,
osm_ward_19542988,,19,Vĩnh Hưng,xã,
osm_ward_19542989,,19,Vĩnh Chân,xã,
osm_ward_19542990,,19,Vĩnh An,xã,
osm_ward_19542991,,19,Việt Trì,phường,
osm_ward_19542992,,19,Vạn Xuân,xã,
osm_ward_19542993,,19,Vân Sơn,xã,Hòa Bình
osm_ward_19542994,,19,Vân Phú,phường,
osm_ward_19542995,,19,Văn Miếu,xã,
osm_ward_19542996,,19,Văn Lang,xã,
osm_ward_19542997,,19,Vân Bán,xã,
osm_ward_19542998,,19,Tu Vũ,xã,
osm_ward_19542999,,19,Trung Sơn,xã,
osm_ward_19543000,,19,Trạm Thản,xã,
osm_ward_19543001,,19,Toàn Thắng,xã,Hòa Bình
osm_ward_19543002,,19,Tiền Phong,xã,Hòa Bình
osm_ward_19543003,,19,Tiên Lương,xã,
osm_ward_19543004,,19,Tiên Lữ,xã,
osm_ward_19543005,,19,Thượng Long,xã,
osm_ward_19543006,,19,Thượng Cốc,xã,Hòa Bình
osm_ward_19543007,,19,Thung Nai,xã,Hòa Bình
osm_ward_19543008,,19,Thu Cúc,xã,
osm_ward_19543009,,19,Thống Nhất,phường,Hòa Bình
osm_ward_19543010,,19,Thọ Văn,xã,
osm_ward_19543011,,19,Thổ Tang,xã,
osm_ward_19543012,,19,Thịnh Minh,xã,Hòa Bình
osm_ward_19543013,,19,Thanh Thủy,xã,
osm_ward_19543014,,19,Thanh Sơn,xã,
osm_ward_19543015,,19,Thanh Miếu,phường,
osm_ward_19543016,,19,Thanh Ba,xã,
osm_ward_19543017,,19,Thái Hòa,xã,
osm_ward_19543018,,19,Tề Lỗ,xã,
osm_ward_19543019,,19,Tây Cốc,xã,
osm_ward_19543020,,19,Tân Sơn,xã,
osm_ward_19543021,,19,Tân Pheo,xã,Hòa Bình
osm_ward_19543022,,19,Tân Mai,xã,Hòa Bình
osm_ward_19543023,,19,Tân Lạc,xã,Hòa Bình
osm_ward_19543024,,19,Tân Hòa,phường,Hòa Bình
osm_ward_19543025,,19,Tam Sơn,xã,
osm_ward_19543026,,19,Tam Nông,xã,
osm_ward_19543027,,19,Tam Hồng,xã,
osm_ward_19543028,,19,Tam Dương Bắc,xã,
osm_ward_19543029,,19,Tam Dương,xã,
osm_ward_19543030,,19,Tam Đảo,xã,
osm_ward_19543031,,19,Sông Lô,xã,
osm_ward_19543032,,19,Sơn Lương,xã,
osm_ward_19543033,,19,Sơn Đông,xã,
osm_ward_19543034,,19,Quyết Thắng,xã,Hòa Bình
osm_ward_19543035,,19,Quy Đức,xã,Hòa Bình
osm_ward_19543036,,19,Quảng Yên,xã,
osm_ward_19543037,,19,Phùng Nguyên,xã,
osm_ward_19543038,,19,Phúc Yên,phường,
osm_ward_19543039,,19,Phú Thọ,phường,
osm_ward_19543040,,19,Phù Ninh,xã,
osm_ward_19543041,,19,Phú Mỹ,xã,
osm_ward_19543042,,19,Phú Khê,xã,
osm_ward_19543043,,19,Phong Châu,phường,
osm_ward_19543044,,19,Pà Cò,xã,Hòa Bình
osm_ward_19543045,,19,Nông Trang,phường,
osm_ward_19543046,,19,Nhân Nghĩa,xã,Hòa Bình
osm_ward_19543047,,19,Nguyệt Đức,xã,
osm_ward_19543048,,19,Ngọc Sơn,xã,Hòa Bình
osm_ward_19543049,,19,Nật Sơn,xã,Hòa Bình
osm_ward_19543050,,19,Mường Vang,xã,Hòa Bình
osm_ward_19543051,,19,Mường Thàng,xã,Hòa Bình
osm_ward_19543052,,19,Mường Hoa,xã,Hòa Bình
osm_ward_19543053,,19,Mường Động,xã,Hòa Bình
osm_ward_19543054,,19,Mường Bi,xã,Hòa Bình
osm_ward_19543055,,19,Minh Hòa,xã,
osm_ward_19543056,,19,Minh Đài,xã,
osm_ward_19543057,,19,Mai Hạ,xã,Hòa Bình
osm_ward_19543058,,19,Mai Châu,xã,Hòa Bình
osm_ward_19543059,,19,Lương Sơn,xã,Hòa Bình
osm_ward_19543060,,19,Long Cốc,xã,
osm_ward_19543061,,19,Liên Sơn,xã,Hòa Bình
osm_ward_19543062,,19,Liên Minh,xã,
osm_ward_19543063,,19,Liên Hòa,xã,
osm_ward_19543064,,19,Liên Châu,xã,
osm_ward_19543065,,19,Lập Thạch,xã,
osm_ward_19543066,,19,Lâm Thao,xã,
osm_ward_19543067,,19,Lai Đồng,xã,
osm_ward_19543068,,19,Lạc Thủy,xã,Hòa Bình
osm_ward_19543069,,19,Lạc Sơn,xã,Hòa Bình
osm_ward_19543070,,19,Lạc Lương,xã,Hòa Bình
osm_ward_19543071,,19,Kỳ Sơn,phường,Hòa Bình
osm_ward_19543072,,19,Kim Bôi,xã,Hòa Bình
osm_ward_19543073,,19,Khả Cửu,xã,
osm_ward_19543074,,19,Hy Cương,xã,
osm_ward_19543075,,19,Hương Cần,xã,
osm_ward_19543076,,19,Hùng Việt,xã,
osm_ward_19543077,,19,Hợp Lý,xã,
osm_ward_19543078,,19,Hợp Kim,xã,Hòa Bình
osm_ward_19543079,,19,Hội Thịnh,xã,
osm_ward_19543080,,19,Hoàng Cương,xã,
osm_ward_19543081,,19,Hoàng An,xã,
osm_ward_19543082,,19,Hòa Bình,phường,Hòa Bình
osm_ward_19543083,,19,Hiền Quan,xã,
osm_ward_19543084,,19,Hiền Lương,xã,
osm_ward_19543085,,19,Hải Lựu,xã,
osm_ward_19543086,,19,Hạ Hòa,xã,
osm_ward_19543087,,19,Dũng Tiến,xã,Hòa Bình
osm_ward_19543088,,19,Đức Nhàn,xã,Hòa Bình
osm_ward_19543089,,19,Đông Thành,xã,
osm_ward_19543090,,19,Đồng Lương,xã,
osm_ward_19543091,,19,Đoan Hùng,xã,
osm_ward_19543092,,19,Đào Xá,xã,
osm_ward_19543093,,19,Đạo Trù,xã,
osm_ward_19543094,,19,Đan Thượng,xã,
osm_ward_19543095,,19,Dân Chủ,xã,
osm_ward_19543096,,19,Đại Đồng,xã,Hòa Bình
osm_ward_19543097,,19,Đại Đình,xã,
osm_ward_19543098,,19,Đà Bắc,xã,Hòa Bình
osm_ward_19543099,,19,Cự Đồng,xã,
osm_ward_19543100,,19,Chí Tiên,xã,
osm_ward_19543101,,19,Chí Đám,xã,
osm_ward_19543102,,19,Chân Mộng,xã,
osm_ward_19543103,,19,Cao Sơn,xã,Hòa Bình
osm_ward_19543104,,19,Cao Phong,xã,Hòa Bình
osm_ward_19543105,,19,Cao Dương,xã,Hòa Bình
osm_ward_19543106,,19,Cẩm Khê,xã,
osm_ward_19543107,,19,Bình Xuyên,xã,
osm_ward_19543108,,19,Bình Tuyền,xã,
osm_ward_19543109,,19,Bình Phú,xã,
osm_ward_19543110,,19,Bình Nguyên,xã,
osm_ward_19543111,,19,Bao La,xã,Hòa Bình
osm_ward_19543112,,19,Bằng Luân,xã,
osm_ward_19543113,,19,Bản Nguyên,xã,
osm_ward_19543114,,19,Âu Cơ,phường,
osm_ward_19543115,,19,An Nghĩa,xã,Hòa Bình
osm_ward_19543116,,19,An Bình,xã,Hòa Bình
osm_ward_19552392,,18,Yên Trạch,xã,
osm_ward_19552393,,18,Trung Hội,xã,
osm_ward_19552394,,18,Bình Thành,xã,
osm_ward_19552395,,18,Phú Đình,xã,
osm_ward_19552396,,18,Bình Yên,xã,
osm_ward_19556682,,18,Quang Sơn,xã,
osm_ward_19556683,,18,Văn Lăng,xã,
osm_ward_19556684,,18,Vô Tranh,xã,
osm_ward_19556685,,18,Phú Lạc,xã,
osm_ward_19556686,,18,Phú Xuyên,xã,
osm_ward_19556687,,18,Phú Thịnh,xã,
osm_ward_19556688,,18,Phú Lương,xã,
osm_ward_19556689,,18,Hợp Thành,xã,
osm_ward_19556690,,18,Đức Lương,xã,
osm_ward_19556691,,18,Tràng Xá,xã,
osm_ward_19556692,,18,Dân Tiến,xã,
osm_ward_19556693,,18,Võ Nhai,xã,
osm_ward_19556694,,18,La Hiên,xã,
osm_ward_19556695,,18,Thần Sa,xã,
osm_ward_19563922,,09,Yên Sơn,xã,
osm_ward_19563923,,09,Yên Châu,xã,
osm_ward_19563924,,09,Xuân Nha,xã,
osm_ward_19563925,,09,Xím Vàng,xã,
osm_ward_19563926,,09,Vân Sơn,phường,
osm_ward_19563927,,09,Vân Hồ,xã,
osm_ward_19563928,,09,Tường Hạ,xã,
osm_ward_19563929,,09,Tô Múa,xã,
osm_ward_19563930,,09,Tô Hiệu,phường,
osm_ward_19563931,,09,Thuận Châu,xã,
osm_ward_19563932,,09,Thảo Nguyên,phường,
osm_ward_19563933,,09,Tân Yên,xã,
osm_ward_19563934,,09,Tân Phong,xã,
osm_ward_19563935,,09,Tà Xùa,xã,
osm_ward_19563936,,09,Tạ Khoa,xã,
osm_ward_19563937,,09,Tà Hộc,xã,
osm_ward_19563938,,09,Suối Tọ,xã,
osm_ward_19563939,,09,Sốp Cộp,xã,
osm_ward_19563940,,09,Sông Mã,xã,
osm_ward_19563941,,09,Song Khủa,xã,
osm_ward_19563942,,09,Quỳnh Nhai,xã,
osm_ward_19563943,,09,Púng Bánh,xã,
osm_ward_19563944,,09,Phù Yên,xã,
osm_ward_19563945,,09,Phiêng Pằn,xã,
osm_ward_19563946,,09,Phiêng Khoài,xã,
osm_ward_19563947,,09,Phiêng Cằm,xã,
osm_ward_19563948,,09,Pắc Ngà,xã,
osm_ward_19563949,,09,Ngọc Chiến,xã,
osm_ward_19563950,,09,Nậm Ty,xã,
osm_ward_19563951,,09,Nậm Lầu,xã,
osm_ward_19563952,,09,Mường Sại,xã,
osm_ward_19563953,,09,Mường Lèo,xã,
osm_ward_19563954,,09,Mường Lạn,xã,
osm_ward_19563955,,09,Mường Lầm,xã,
osm_ward_19563956,,09,Mường La,xã,
osm_ward_19563957,,09,Mường Khiêng,xã,
osm_ward_19563958,,09,Mường Hung,xã,
osm_ward_19563959,,09,Mường Giôn,xã,
osm_ward_19563960,,09,Mường É,xã,
osm_ward_19563961,,09,Mường Cơi,xã,
osm_ward_19563962,,09,Mường Chiên,xã,
osm_ward_19563963,,09,Mường Chanh,xã,
osm_ward_19563964,,09,Mường Bú,xã,
osm_ward_19563965,,09,Mường Bang,xã,
osm_ward_19563966,,09,Mường Bám,xã,
osm_ward_19563967,,09,Muổi Nọi,xã,
osm_ward_19563968,,09,Mộc Sơn,phường,
osm_ward_19563969,,09,Mộc Châu,phường,
osm_ward_19563970,,09,Mai Sơn,xã,
osm_ward_19563971,,09,Lóng Sập,xã,
osm_ward_19563972,,09,Lóng Phiêng,xã,
osm_ward_19563973,,09,Long Hẹ,xã,
osm_ward_19563974,,09,Kim Bon,xã,
osm_ward_19563975,,09,Huổi Một,xã,
osm_ward_19563976,,09,Gia Phù,xã,
osm_ward_19563977,,09,Đoàn Kết,xã,
osm_ward_19563978,,09,Co Mạ,xã,
osm_ward_19563979,,09,Chiềng Sung,xã,
osm_ward_19563980,,09,Chiềng Sơn,xã,
osm_ward_19563981,,09,Chiềng Sơ,xã,
osm_ward_19563982,,09,Chiềng Sinh,phường,
osm_ward_19563983,,09,Chiềng Sại,xã,
osm_ward_19563984,,09,Chiềng Mung,xã,
osm_ward_19563985,,09,Chiềng Mai,xã,
osm_ward_19563986,,09,Chiềng Lao,xã,
osm_ward_19563987,,09,Chiềng La,xã,
osm_ward_19563988,,09,Chiềng Khương,xã,
osm_ward_19563989,,09,Chiềng Khoong,xã,
osm_ward_19563990,,09,Chiềng Hoa,xã,
osm_ward_19563991,,09,Chiềng Hặc,xã,
osm_ward_19563992,,09,Chiềng Cơi,phường,
osm_ward_19563993,,09,Chiềng An,phường,
osm_ward_19563994,,09,Bó Sinh,xã,
osm_ward_19563995,,09,Bình Thuận,xã,
osm_ward_19563996,,09,Bắc Yên,xã,
osm_ward_19567356,,18,Kha Sơn,xã,
osm_ward_19567357,,18,Phú Bình,xã,
osm_ward_19567358,,18,Điềm Thụy,xã,
osm_ward_19567359,,18,Bách Quang,phường,
osm_ward_19567360,,18,Sông Công,phường,
osm_ward_19567361,,18,Bá Xuyên,phường,
osm_ward_19567362,,18,Tân Khánh,xã,
osm_ward_19567363,,18,Tân Thành,xã,
osm_ward_19567364,,18,Trại Cau,xã,
osm_ward_19567365,,18,Nam Hòa,xã,
osm_ward_19567366,,18,Văn Hán,xã,
osm_ward_19567367,,18,Đồng Hỷ,xã,
osm_ward_19567368,,18,Tân Cương,xã,
osm_ward_19567369,,18,Quân Chu,xã,
osm_ward_19567370,,18,Vạn Phú,xã,
osm_ward_19567371,,18,Đại Phúc,xã,
osm_ward_19567372,,18,Đại Từ,xã,
osm_ward_19567373,,18,La Bằng,xã,
osm_ward_19567374,,18,An Khánh,xã,
osm_ward_19571184,,08,Xa Dung,xã,
osm_ward_19571185,,08,Tuần Giáo,xã,
osm_ward_19571186,,08,Tủa Thàng,xã,
osm_ward_19571187,,08,Tủa Chùa,xã,
osm_ward_19571188,,08,Tìa Dình,xã,
osm_ward_19571189,,08,Thanh Yên,xã,
osm_ward_19571190,,08,Thanh Nưa,xã,
osm_ward_19571191,,08,Thanh An,xã,
osm_ward_19571192,,08,Sính Phình,xã,
osm_ward_19571193,,08,Sín Chải,xã,
osm_ward_19571194,,08,Si Pa Phìn,xã,
osm_ward_19571195,,08,Sáng Nhè,xã,
osm_ward_19571196,,08,Sam Mứn,xã,
osm_ward_19571197,,08,Quảng Lâm,xã,
osm_ward_19571198,,08,Quài Tở,xã,
osm_ward_19571199,,08,Pú Nhung,xã,
osm_ward_19571200,,08,Pu Nhi,xã,
osm_ward_19571201,,08,Phình Giàng,xã,
osm_ward_19571202,,08,Pa Ham,xã,
osm_ward_19571203,,08,Núa Ngam,xã,
osm_ward_19571204,,08,Nậm Nèn,xã,
osm_ward_19571205,,08,Nà Tấu,xã,
osm_ward_19571206,,08,Na Son,xã,
osm_ward_19571207,,08,Na Sang,xã,
osm_ward_19571208,,08,Nà Hỳ,xã,
osm_ward_19571209,,08,Nà Bủng,xã,
osm_ward_19571210,,08,Mường Tùng,xã,
osm_ward_19571211,,08,Mường Thanh,phường,
osm_ward_19571212,,08,Mường Pồn,xã,
osm_ward_19571213,,08,Mường Phăng,xã,
osm_ward_19571214,,08,Mường Nhà,xã,
osm_ward_19571215,,08,Mường Mùn,xã,
osm_ward_19571216,,08,Mường Luân,xã,
osm_ward_19571217,,08,Mường Lay,phường,
osm_ward_19571218,,08,Mường Lạn,xã,
osm_ward_19571219,,08,Mường Chà,xã,
osm_ward_19571220,,08,Mường Ảng,xã,
osm_ward_19571221,,08,Điện Biên Phủ,phường,
osm_ward_19571222,,08,Chiềng Sinh,xã,
osm_ward_19571223,,08,Chà Tở,xã,
osm_ward_19571224,,08,Búng Lao,xã,
osm_ward_19571500,,17,Yên Thành,xã,Yên Bái
osm_ward_19571501,,17,Yên Bình,xã,Yên Bái
osm_ward_19571502,,17,Yên Bái,phường,Yên Bái
osm_ward_19571503,,17,Y Tý,xã,Lào Cai
osm_ward_19571504,,17,Xuân Quang,xã,Lào Cai
osm_ward_19571505,,17,Xuân Hòa,xã,Lào Cai
osm_ward_19571506,,17,Xuân Ái,xã,Yên Bái
osm_ward_19571507,,17,Võ Lao,xã,Lào Cai
osm_ward_19571508,,17,Việt Hồng,xã,Yên Bái
osm_ward_19571509,,17,Văn Phú,phường,Yên Bái
osm_ward_19571510,,17,Văn Chấn,xã,Yên Bái
osm_ward_19571511,,17,Văn Bàn,xã,Lào Cai
osm_ward_19571512,,17,Tú Lệ,xã,Yên Bái
osm_ward_19571513,,17,Trung Tâm,phường,Yên Bái
osm_ward_19571514,,17,Trịnh Tường,xã,Lào Cai
osm_ward_19571515,,17,Trấn Yên,xã,Yên Bái
osm_ward_19571516,,17,Trạm Tấu,xã,Yên Bái
osm_ward_19571517,,17,Thượng Hà,xã,Lào Cai
osm_ward_19571518,,17,Thượng Bằng La,xã,Yên Bái
osm_ward_19571519,,17,Thác Bà,xã,Yên Bái
osm_ward_19571520,,17,Tằng Loỏng,xã,Lào Cai
osm_ward_19571521,,17,Tân Lĩnh,xã,Yên Bái
osm_ward_19571522,,17,Tân Hợp,xã,Yên Bái
osm_ward_19571523,,17,Tà Xi Láng,xã,Yên Bái
osm_ward_19571524,,17,Tả Củ Tỷ,xã,Lào Cai
osm_ward_19571525,,17,Sơn Lương,xã,Yên Bái
osm_ward_19571526,,17,Sín Chéng,xã,Lào Cai
osm_ward_19571527,,17,Si Ma Cai,xã,Lào Cai
osm_ward_19571528,,17,Quy Mông,xã,Yên Bái
osm_ward_19571529,,17,Púng Luông,xã,Yên Bái
osm_ward_19571530,,17,Phúc Lợi,xã,Yên Bái
osm_ward_19571531,,17,Phúc Khánh,xã,Lào Cai
osm_ward_19571532,,17,Phong Hải,xã,Lào Cai
osm_ward_19571533,,17,Phong Dụ Thượng,xã,Yên Bái
osm_ward_19571534,,17,Phong Dụ Hạ,xã,Yên Bái
osm_ward_19571535,,17,Phình Hồ,xã,Yên Bái
osm_ward_19571536,,17,Pha Long,xã,Lào Cai
osm_ward_19571537,,17,Nghĩa Tâm,xã,Yên Bái
osm_ward_19571538,,17,Nghĩa Lộ,phường,Yên Bái
osm_ward_19571539,,17,Nghĩa Đô,xã,Lào Cai
osm_ward_19571540,,17,Nậm Xé,xã,Lào Cai
osm_ward_19571541,,17,Nam Cường,phường,Yên Bái
osm_ward_19571542,,17,Nậm Có,xã,Yên Bái
osm_ward_19571543,,17,Nậm Chày,xã,Lào Cai
osm_ward_19571544,,17,Mường Lai,xã,Yên Bái
osm_ward_19571545,,17,Mường Khương,xã,Lào Cai
osm_ward_19571546,,17,Mường Hum,xã,Lào Cai
osm_ward_19571547,,17,Mù Cang Chải,xã,Yên Bái
osm_ward_19571548,,17,Mỏ Vàng,xã,Yên Bái
osm_ward_19571549,,17,Minh Lương,xã,Lào Cai
osm_ward_19571550,,17,Mậu A,xã,Yên Bái
osm_ward_19571551,,17,Lương Thịnh,xã,Yên Bái
osm_ward_19571552,,17,Lùng Phình,xã,Lào Cai
osm_ward_19571553,,17,Lục Yên,xã,Yên Bái
osm_ward_19571554,,17,Liên Sơn,xã,Yên Bái
osm_ward_19571555,,17,Lao Chải,xã,Yên Bái
osm_ward_19571556,,17,Lâm Thượng,xã,Yên Bái
osm_ward_19571557,,17,Lâm Giang,xã,Yên Bái
osm_ward_19571558,,17,Khao Mang,xã,Yên Bái
osm_ward_19571559,,17,Khánh Yên,xã,Lào Cai
osm_ward_19571560,,17,Khánh Hòa,xã,Yên Bái
osm_ward_19571561,,17,Hưng Khánh,xã,Yên Bái
osm_ward_19571562,,17,Hạnh Phúc,xã,Yên Bái
osm_ward_19571563,,17,Gia Phú,xã,Lào Cai
osm_ward_19571564,,17,Gia Hội,xã,Yên Bái
osm_ward_19571565,,17,Dương Quỳ,xã,Lào Cai
osm_ward_19571566,,17,Đông Cuông,xã,Yên Bái
osm_ward_19571567,,17,Dền Sáng,xã,Lào Cai
osm_ward_19571568,,17,Cốc San,xã,Lào Cai
osm_ward_19571569,,17,Cốc Lầu,xã,Lào Cai
osm_ward_19571570,,17,Chiềng Ken,xã,Lào Cai
osm_ward_19571571,,17,Chế Tạo,xã,Yên Bái
osm_ward_19571572,,17,Châu Quế,xã,Yên Bái
osm_ward_19571573,,17,Chấn Thịnh,xã,Yên Bái
osm_ward_19571574,,17,Cầu Thia,phường,Yên Bái
osm_ward_19571575,,17,Cát Thịnh,xã,Yên Bái
osm_ward_19571576,,17,Cao Sơn,xã,Lào Cai
osm_ward_19571577,,17,Cảm Nhân,xã,Yên Bái
osm_ward_19571578,,17,Bát Xát,xã,Lào Cai
osm_ward_19571579,,17,Bảo Yên,xã,Lào Cai
osm_ward_19571580,,17,Bảo Thắng,xã,Lào Cai
osm_ward_19571581,,17,Bảo Nhai,xã,Lào Cai
osm_ward_19571582,,17,Bảo Hà,xã,Lào Cai
osm_ward_19571583,,17,Bảo Ái,xã,Yên Bái
osm_ward_19571584,,17,Bản Xèo,xã,Lào Cai
osm_ward_19571585,,17,Bản Liền,xã,Lào Cai
osm_ward_19571586,,17,Bản Lầu,xã,Lào Cai
osm_ward_19571587,,17,Bắc Hà,xã,Lào Cai
osm_ward_19571588,,17,Âu Lâu,phường,Yên Bái
osm_ward_19571589,,17,A Mú Sung,xã,Lào Cai
osm_ward_2766949,,02,Phú Thuận,phường,
osm_ward_2766950,,02,Tân Hưng,phường,
osm_ward_2766953,,02,Tân Mỹ,phường,
osm_ward_2766956,,02,Tân Thuận,phường,
osm_ward_3610160,,02,Rạch Dừa,phường,
osm_ward_3610162,,02,Vũng Tàu,phường,
osm_ward_3610170,,02,Phước Thắng,phường,
osm_ward_3610360,,02,Long Sơn,xã,
osm_ward_3610394,,02,Long Điền,xã,
osm_ward_3612628,,02,Côn Đảo,đặc khu,
osm_ward_3616747,,02,Tam Thắng,phường,
osm_ward_3769311,,03,Cát Hải,đặc khu,
osm_ward_3870770,,02,Đông Hòa,phường,
osm_ward_4132582,,02,Long Hương,phường,
osm_ward_4137054,,02,Tam Long,phường,
osm_ward_4139667,,02,Bà Rịa,phường,
osm_ward_5485503,,02,Long Hải,xã,
osm_ward_5485644,,02,Phú Mỹ,phường,
osm_ward_5485645,,02,Tân Phước,phường,
osm_ward_6190340,,02,Đất Đỏ,xã,
osm_ward_6890889,,02,Phú Thạnh,phường,
osm_ward_6890890,,02,Phú Thọ Hòa,phường,
osm_ward_6890891,,02,Tân Phú,phường,
osm_ward_6892359,,02,Tân Sơn Nhì,phường,
osm_ward_6892362,,02,Tây Thạnh,phường,
osm_ward_6915821,,02,An Lạc,phường,
osm_ward_6915823,,02,Bình Hưng Hòa,phường,
osm_ward_6915940,,02,Bình Tân,phường,
osm_ward_6915941,,02,Bình Trị Đông,phường,
osm_ward_6915944,,02,Tân Tạo,phường,
osm_ward_6928030,,02,Trung Mỹ Tây,phường,
osm_ward_6928153,,02,Đông Hưng Thuận,phường,
osm_ward_6928155,,02,Tân Thới Hiệp,phường,
osm_ward_6941014,,02,Thới An,phường,
osm_ward_6941018,,02,An Phú Đông,phường,
osm_ward_7045696,,23,Cồn Cỏ,đặc khu,Quảng Trị
osm_ward_7063089,,24,Rờ Kơi,xã,
osm_ward_7138136,,02,Thủ Đức,phường,
osm_ward_7138137,,02,Hiệp Bình,phường,
osm_ward_7144243,,02,Tam Bình,phường,
osm_ward_7148165,,05,Trường Xuân,xã,
osm_ward_7148173,,05,Thạnh Phú,xã,
osm_ward_7148174,,05,Thới Hưng,xã,
osm_ward_7148204,,05,Cờ Đỏ,xã,
osm_ward_7148208,,05,Trung Hưng,xã,
osm_ward_7148210,,05,Đông Hiệp,xã,
osm_ward_7149406,,05,Liêu Tú,xã,
osm_ward_7342307,,02,Long Bình,phường,
osm_ward_7342308,,02,Long Phước,phường,
osm_ward_7342511,,02,Long Trường,phường,
osm_ward_7342567,,02,Phước Long,phường,
osm_ward_7343271,,02,Tăng Nhơn Phú,phường,
osm_ward_7351897,,02,An Khánh,phường,
osm_ward_7364739,,02,Bình Trưng,phường,
osm_ward_7370760,,02,Cát Lái,phường,
osm_ward_7462674,,02,Bình Chánh,xã,
osm_ward_7462675,,02,Bình Hưng,xã,
osm_ward_7462676,,02,Bình Lợi,xã,
osm_ward_7462678,,02,Hưng Long,xã,
osm_ward_7463544,,02,Tân Nhựt,xã,
osm_ward_7463546,,02,Vĩnh Lộc,xã,
osm_ward_7463547,,02,Tân Vĩnh Lộc,xã,
osm_ward_7468177,,02,Cần Giờ,xã,
osm_ward_7468178,,02,An Thới Đông,xã,
osm_ward_7468179,,02,Bình Khánh,xã,
osm_ward_7468247,,02,Thạnh An,xã,
osm_ward_7621976,,02,An Nhơn Tây,xã,
osm_ward_7621978,,02,Bình Mỹ,xã,
osm_ward_7627377,,02,Nhuận Đức,xã,
osm_ward_7627379,,02,Phú Hòa Đông,xã,
osm_ward_7629221,,02,Tân An Hội,xã,
osm_ward_7629287,,02,Củ Chi,xã,
osm_ward_7629288,,30,Thái Mỹ,xã,
osm_ward_7638093,,02,Hóc Môn,xã,
osm_ward_7638094,,02,Bà Điểm,xã,
osm_ward_7638095,,02,Đông Thạnh,xã,
osm_ward_7638253,,02,Xuân Thới Sơn,xã,
osm_ward_7650792,,02,Nhà Bè,xã,
osm_ward_7650793,,02,Hiệp Phước,xã,
osm_ward_7867844,,02,Phước Hải,xã,
osm_ward_8051119,,02,Châu Pha,xã,
osm_ward_8051120,,02,Tân Hải,phường,
osm_ward_8077536,,02,Nghĩa Thành,xã,
osm_ward_8081287,,02,Tân Thành,phường,
osm_ward_8115640,,02,Ngãi Giao,xã,
osm_ward_8121764,,02,Kim Long,xã,
osm_ward_8145048,,02,Bình Giã,xã,
osm_ward_8162714,,02,Châu Đức,xã,
osm_ward_8165423,,02,Xuân Sơn,xã,
osm_ward_8165499,,02,Hồ Tràm,xã,
osm_ward_8385623,,02,Xuyên Mộc,xã,
osm_ward_8390212,,29,Trấn Biên,phường,
osm_ward_8392610,,29,Long Bình,phường,
osm_ward_8392612,,29,Tam Hiệp,phường,
osm_ward_8392663,,29,Tân Triều,phường,
osm_ward_8392664,,29,Biên Hòa,phường,
osm_ward_8392665,,29,Trảng Dài,phường,
osm_ward_8392688,,29,Long Hưng,phường,
osm_ward_8393474,,29,Phước Tân,phường,
osm_ward_8393475,,29,Tam Phước,phường,
osm_ward_8398438,,29,Long Khánh,phường,
osm_ward_8398481,,29,Bảo Vinh,phường,
osm_ward_8398548,,29,Bình Lộc,phường,
osm_ward_8398549,,29,Hàng Gòn,phường,
osm_ward_8398551,,29,Xuân Lập,phường,
osm_ward_8401810,,29,Cẩm Mỹ,xã,
osm_ward_8401868,,29,Sông Ray,xã,
osm_ward_8405611,,29,Xuân Đông,xã,
osm_ward_8405612,,29,Xuân Đường,xã,
osm_ward_8405614,,29,Xuân Quế,xã,
osm_ward_8405646,,30,Long An,phường,
osm_ward_8427050,,02,Linh Xuân,phường,
osm_ward_8433923,,30,Tân An,phường,
osm_ward_8433924,,30,Khánh Hậu,phường,
osm_ward_8435439,,30,Kiến Tường,phường,
osm_ward_8435442,,30,Bình Hiệp,xã,
osm_ward_8435446,,30,Tuyên Thạnh,xã,
osm_ward_8435467,,30,Bến Lức,xã,
osm_ward_8435469,,30,Bình Đức,xã,
osm_ward_8436658,,30,Lương Hòa,xã,
osm_ward_8436659,,30,Mỹ Yên,xã,
osm_ward_8436860,,30,Thạnh Lợi,xã,
osm_ward_8437717,,30,Cần Đước,xã,
osm_ward_8437718,,30,Long Cang,xã,
osm_ward_8437720,,30,Rạch Kiến,xã,
osm_ward_8437766,,30,Long Hựu,xã,
osm_ward_8437913,,30,Mỹ Lệ,xã,
osm_ward_8439056,,30,Tân Lân,xã,
osm_ward_8439058,,30,Cần Giuộc,xã,
osm_ward_8439082,,30,Mỹ Lộc,xã,
osm_ward_8445820,,30,Phước Lý,xã,
osm_ward_8445867,,30,Phước Vĩnh Tây,xã,
osm_ward_8445869,,30,Tân Tập,xã,
osm_ward_8447699,,30,Tầm Vu,xã,
osm_ward_8447700,,30,An Lục Long,xã,
osm_ward_8448188,,02,Thủ Dầu Một,phường,
osm_ward_8448992,,02,Dĩ An,phường,
osm_ward_8449152,,30,Thuận Mỹ,xã,
osm_ward_8449153,,30,Vĩnh Công,xã,
osm_ward_8449154,,30,Đức Hòa,xã,
osm_ward_8449155,,30,Hậu Nghĩa,xã,
osm_ward_8449156,,30,Hiệp Hòa,xã,
osm_ward_9210503,,32,Thường Lạc,phường,
osm_ward_9501588,,30,An Ninh,xã,
osm_ward_9502982,,30,Đức Lập,xã,
osm_ward_9502986,,30,Hòa Khánh,xã,
osm_ward_9507785,,30,Mỹ Hạnh,xã,
osm_ward_9582191,,05,Trần Đề,xã,
osm_ward_9590585,,05,Tân Lộc,phường,
osm_ward_9602746,,29,Dầu Giây,phường,
osm_ward_9678494,,34,Mỹ Hòa Hưng,xã,
osm_ward_9800200,,30,Đông Thành,xã,
osm_ward_9800201,,30,Đức Huệ,xã,
osm_ward_9800207,,30,Mỹ Quý,xã,
osm_ward_9804117,,30,Bình Hòa,xã,
osm_ward_9804123,,30,Mộc Hóa,xã,
osm_ward_9806927,,29,Nhơn Trạch,phường,
