id,text,category,subcategory,entity,entity_id,province,province_legacy,district,ward,street,address,sentence_type,template_id,variation,name_variant,number_style,register,source,seed_cell
7d5cc1a0aaa2f859,"mình đang đứng ở đây, gần một trăm tám mươi sáu ngách tám mươi ba ngõ ba trăm hai mươi tư đường Phương Canh ở thành phố Hà Nội không ta",address,house_address,một trăm tám mươi sáu ngách tám mươi ba ngõ ba trăm hai mươi tư đường Phương Canh ở thành phố Hà Nội,osm_street_way_1138572605,Hà Nội,,,,Ngách 83 Ngõ 324 Đường Phương Canh,186 Ngách 83 Ngõ 324 Đường Phương Canh,contextual,contextual_casual_long_008,current+cardinal+prefix+casual,current,cardinal,casual,osm,01|address|contextual|casual_long
776dec4f9632a39e,gần số một trăm chín mươi chín xuyệt chín mươi tư ngõ một trăm mười tám Đê Tả Hồng ở thủ đô lắm không,address,house_address,số một trăm chín mươi chín xuyệt chín mươi tư ngõ một trăm mười tám Đê Tả Hồng ở thủ đô,osm_street_way_1038696370,Hà Nội,,,,Ngõ 118 Đê Tả Hồng,199/94 Ngõ 118 Đê Tả Hồng,contextual,contextual_casual_short_009,spoken_alias+cardinal+prefix+casual,spoken_alias,cardinal,casual,osm,01|address|contextual|casual_short
0fb9304a3754424e,xin hỏi khu vực này gần số một tám ba ngách hai một xuyệt bốn phố Thanh Am ở thủ đô không,address,house_address,số một tám ba ngách hai một xuyệt bốn phố Thanh Am ở thủ đô,osm_street_way_36727835,Hà Nội,,,,Ngách 21/4 Phố Thanh Am,183 Ngách 21/4 Phố Thanh Am,contextual,contextual_formal_medium_005,spoken_alias+digit_by_digit+prefix+formal,spoken_alias,digit_by_digit,formal,osm,01|address|contextual|formal_medium
bf898419bce0bc94,chỗ này có gần một trăm ba mươi tư đường Bắc Thăng Long - Hải Bối ở thành phố Hà Nội không,address,house_address,một trăm ba mươi tư đường Bắc Thăng Long - Hải Bối ở thành phố Hà Nội,osm_street_way_48115472,Hà Nội,,,,Đường Bắc Thăng Long - Hải Bối,134 Đường Bắc Thăng Long - Hải Bối,contextual,contextual_neutral_medium_001,current+cardinal+prefix+neutral,current,cardinal,neutral,osm,01|address|contextual|neutral_medium
ef758c95ede40000,số hai bảy chín ngách sáu bốn không xuyệt bốn mươi ba đường Nguyễn Văn Cừ ở thành phố Hà Nội gần đây không,address,house_address,số hai bảy chín ngách sáu bốn không xuyệt bốn mươi ba đường Nguyễn Văn Cừ ở thành phố Hà Nội,osm_street_way_602349617,Hà Nội,,,,Ngách 640/43 Đường Nguyễn Văn Cừ,279 Ngách 640/43 Đường Nguyễn Văn Cừ,contextual,contextual_neutral_short_003,current+mixed+prefix+neutral,current,mixed,neutral,osm,01|address|contextual|neutral_short
f1e7a47a11980a8e,"ơ mình đang cần gấp, ai biết đường đến hai chín bảy đường Đại Việt ở thành phố Hà Nội chỉ mình với",address,house_address,hai chín bảy đường Đại Việt ở thành phố Hà Nội,osm_street_way_776941613,Hà Nội,,,,Đường Đại Việt,297 Đường Đại Việt,conversational,conversational_casual_long_006,current+digit_by_digit+prefix+casual,current,digit_by_digit,casual,osm,01|address|conversational|casual_long
fad3a8d57b91b8ee,đường tới số mười sáu ép ngõ hai đường Kim Ngọc ở thành phố Hà Nội sao,address,house_address,số mười sáu ép ngõ hai đường Kim Ngọc ở thành phố Hà Nội,osm_street_way_599089378,Hà Nội,,,,Ngõ 2 Đường Kim Ngọc,16F Ngõ 2 Đường Kim Ngọc,conversational,conversational_casual_short_009,current+cardinal+prefix+casual,current,cardinal,casual,osm,01|address|conversational|casual_short
0bdbd69cba255ecd,tôi đang cần hỏi đường đến một trăm chín mươi mốt ngõ mười chín phố Tây Trà ở thành phố Hà Nội xin cảm ơn,address,house_address,một trăm chín mươi mốt ngõ mười chín phố Tây Trà ở thành phố Hà Nội,osm_street_way_602000728,Hà Nội,,,,Ngõ 19 Phố Tây Trà,191 Ngõ 19 Phố Tây Trà,conversational,conversational_formal_medium_003,current+cardinal+prefix+formal,current,cardinal,formal,osm,01|address|conversational|formal_medium
58080cb144dbaba9,cho tôi xin đường đi số chín mươi tư ngõ một trăm lẻ năm phố Hoàng Liên ở tỉnh Hà Tây với,address,house_address,số chín mươi tư ngõ một trăm lẻ năm phố Hoàng Liên ở tỉnh Hà Tây,osm_street_way_420953928,Hà Nội,,,,Ngõ 105 Phố Hoàng Liên,94 Ngõ 105 Phố Hoàng Liên,conversational,conversational_neutral_medium_008,spoken_alias+cardinal+prefix+neutral,spoken_alias,cardinal,neutral,osm,01|address|conversational|neutral_medium
2c5d85eaa069a161,tôi đang hỏi đường tới số bảy mươi bảy a ngách ba mươi lăm ngõ một trăm bốn mươi mốt Nam Dư ở thành phố Hà Nội,address,house_address,số bảy mươi bảy a ngách ba mươi lăm ngõ một trăm bốn mươi mốt Nam Dư ở thành phố Hà Nội,osm_street_way_1493007369,Hà Nội,,,,Ngách 35 Ngõ 141 Nam Dư,77A Ngách 35 Ngõ 141 Nam Dư,conversational,conversational_neutral_medium_010,current+cardinal+prefix+neutral,current,cardinal,neutral,osm,01|address|conversational|neutral_medium
470e7eb38df35f6c,cho hỏi ngả tới hai trăm ba mươi hai ngõ hai trăm chín mươi bảy đường Nguyễn Chí Thanh,address,house_address,hai trăm ba mươi hai ngõ hai trăm chín mươi bảy đường Nguyễn Chí Thanh,osm_street_way_1508164857,Hà Nội,,,,Ngõ 297 Đường Nguyễn Chí Thanh,232 Ngõ 297 Đường Nguyễn Chí Thanh,conversational,conversational_neutral_short_009,current+cardinal+prefix+neutral,current,cardinal,neutral,osm,01|address|conversational|neutral_short
c02137824e6dc376,cho hỏi đường đến hai mươi bảy xuyệt tám mươi hai ngõ một trăm bảy mươi bảy ở thành phố Hà Nội với,address,house_address,hai mươi bảy xuyệt tám mươi hai ngõ một trăm bảy mươi bảy ở thành phố Hà Nội,osm_street_way_961872823,Hà Nội,,,,Ngõ 177,27/82 Ngõ 177,conversational,conversational_neutral_short_001,current+cardinal+prefix+neutral,current,cardinal,neutral,osm,01|address|conversational|neutral_short
73a64d2e7ea90f81,"ơ chỉ đường tới một trăm bảy mươi ba ngõ một phố Nguyễn Thị Định ở thành phố Hà Nội với, mình chạy xe máy thôi nha",address,house_address,một trăm bảy mươi ba ngõ một phố Nguyễn Thị Định ở thành phố Hà Nội,osm_street_way_570572167,Hà Nội,,,,Ngõ 1 Phố Nguyễn Thị Định,173 Ngõ 1 Phố Nguyễn Thị Định,nav_command,nav_command_casual_long_005,current+cardinal+prefix+casual,current,cardinal,casual,osm,01|address|nav_command|casual_long
cdf306d69cb6a015,chỉ đường chín mươi bảy ngõ một trăm chín mươi mốt đường Phương Trạch ở thành phố Hà Nội đi mà,address,house_address,chín mươi bảy ngõ một trăm chín mươi mốt đường Phương Trạch ở thành phố Hà Nội,osm_street_way_896916901,Hà Nội,,,,Ngõ 191 Đường Phương Trạch,97 Ngõ 191 Đường Phương Trạch,nav_command,nav_command_casual_short_004,current+cardinal+prefix+casual,current,cardinal,casual,osm,01|address|nav_command|casual_short
5088acb6d0ec1b09,qua số hai trăm hai mươi chín ngõ mười sáu Đa Lộc ở thành phố Hà Nội giúp mình,address,house_address,số hai trăm hai mươi chín ngõ mười sáu Đa Lộc ở thành phố Hà Nội,osm_street_way_1525458463,Hà Nội,,,,Ngõ 16 Đa Lộc,229 Ngõ 16 Đa Lộc,nav_command,nav_command_casual_short_003,current+cardinal+prefix+casual,current,cardinal,casual,osm,01|address|nav_command|casual_short
aa1e53bbcd131a14,xin cho hỏi xin được chỉ đường đi tới mười sáu xuyệt bốn mươi mốt ngõ một trăm sáu mươi hai đường Nguyễn Văn Cừ ở thành phố Hà Nội được không ạ,address,house_address,mười sáu xuyệt bốn mươi mốt ngõ một trăm sáu mươi hai đường Nguyễn Văn Cừ ở thành phố Hà Nội,osm_street_way_36727145,Hà Nội,,,,Ngõ 162 Đường Nguyễn Văn Cừ,16/41 Ngõ 162 Đường Nguyễn Văn Cừ,nav_command,nav_command_formal_medium_010,current+cardinal+prefix+formal,current,cardinal,formal,osm,01|address|nav_command|formal_medium
7299de220e169a57,hướng dẫn đường đến số hai một tám ngõ năm chín phố Tây Tựu,address,house_address,số hai một tám ngõ năm chín phố Tây Tựu,osm_street_way_597577263,Hà Nội,,,,Ngõ 59 Phố Tây Tựu,218 Ngõ 59 Phố Tây Tựu,nav_command,nav_command_neutral_medium_005,current+digit_by_digit+prefix+neutral,current,digit_by_digit,neutral,osm,01|address|nav_command|neutral_medium
b4f541bb58d19ab2,chỉ giúp tôi đường đến sáu mươi bảy đường Lê Đình Thiệp nhé,address,house_address,sáu mươi bảy đường Lê Đình Thiệp,osm_street_way_600005792,Hà Nội,,,,Đường Lê Đình Thiệp,67 Đường Lê Đình Thiệp,nav_command,nav_command_neutral_medium_001,current+cardinal+prefix+neutral,current,cardinal,neutral,osm,01|address|nav_command|neutral_medium
a18cfe460ac2cba7,tìm đường đến số hai trăm bốn mươi sáu ngách bốn mươi tám xuyệt mười chín phố Văn Trì ở thành phố Hà Nội với,address,house_address,số hai trăm bốn mươi sáu ngách bốn mươi tám xuyệt mười chín phố Văn Trì ở thành phố Hà Nội,osm_street_way_948104361,Hà Nội,,,,Ngách 48/19 Phố Văn Trì,246 Ngách 48/19 Phố Văn Trì,nav_command,nav_command_neutral_short_004,current+cardinal+prefix+neutral,current,cardinal,neutral,osm,01|address|nav_command|neutral_short
9c92a3459f9600ab,chỉ lối đến số hai trăm năm mươi sáu ích ngách một trăm ba mươi chín xuyệt năm mươi mốt phố Hoa Lâm ở tỉnh Hà Tây được không,address,house_address,số hai trăm năm mươi sáu ích ngách một trăm ba mươi chín xuyệt năm mươi mốt phố Hoa Lâm ở tỉnh Hà Tây,osm_street_way_890040478,Hà Nội,,,,Ngách 139/51 Phố Hoa Lâm,256X Ngách 139/51 Phố Hoa Lâm,nav_command,nav_command_neutral_short_006,spoken_alias+cardinal+prefix+neutral,spoken_alias,cardinal,neutral,osm,01|address|nav_command|neutral_short
3bdeb2c2ff5dfb1b,"ê à muốn qua số một trăm sáu mươi hai ngách tám mươi ba xuyệt hai mươi mốt Phúc Lợi ở thành phố Hà Nội mà không biết đi lối nào, chỉ mình cái",address,house_address,số một trăm sáu mươi hai ngách tám mươi ba xuyệt hai mươi mốt Phúc Lợi ở thành phố Hà Nội,osm_street_way_675457151,Hà Nội,,,,Ngách 83/21 Phúc Lợi,162 Ngách 83/21 Phúc Lợi,route_question,route_question_casual_long_002,current+cardinal+prefix+casual,current,cardinal,casual,osm,01|address|route_question|casual_long
84a70433e1022cf6,tám ngõ bảy mươi bảy đường Ngũ Huyện Khê ở thành phố Hà Nội đường nào vậy,address,house_address,tám ngõ bảy mươi bảy đường Ngũ Huyện Khê ở thành phố Hà Nội,osm_street_way_1374754635,Hà Nội,,,,Ngõ 77 Đường Ngũ Huyện Khê,8 Ngõ 77 Đường Ngũ Huyện Khê,route_question,route_question_casual_short_008,current+cardinal+prefix+casual,current,cardinal,casual,osm,01|address|route_question|casual_short
65b0f13b1519c4c0,xin hỏi từ đây tới số hai không ba Chà Là năm ở thành phố Hà Nội đi lối nào,address,house_address,số hai không ba Chà Là năm ở thành phố Hà Nội,osm_street_way_1450286778,Hà Nội,,,,Chà Là 5,203 Chà Là 5,route_question,route_question_formal_medium_003,current+mixed+no_prefix+formal,current,mixed,formal,osm,01|address|route_question|formal_medium
4b6fd2bcc8828bda,đến tám mươi bảy o ngõ chín mươi chín đường Gia Thượng ở thành phố Hà Nội đi lối nào,address,house_address,tám mươi bảy o ngõ chín mươi chín đường Gia Thượng ở thành phố Hà Nội,osm_street_way_889998566,Hà Nội,,,,Ngõ 99 Đường Gia Thượng,87O Ngõ 99 Đường Gia Thượng,route_question,route_question_neutral_medium_006,current+cardinal+prefix+neutral,current,cardinal,neutral,osm,01|address|route_question|neutral_medium
6dd915bf0187d33e,đi bốn mươi chín đường nờ bốn hai ở thành phố Hà Nội đường nào nhanh nhất được không,address,house_address,bốn mươi chín đường nờ bốn hai ở thành phố Hà Nội,osm_street_way_1429652317,Hà Nội,,,,Đường N4-2,49 Đường N4-2,route_question,route_question_neutral_medium_005,current+cardinal+prefix+neutral,current,cardinal,neutral,osm,01|address|route_question|neutral_medium
7afbe45c0e34f4e9,đến số một xuyệt sáu tám ngõ một không hai phố Hoàng Đạo Thành ở thành phố Hà Nội lối nào nhỉ,address,house_address,số một xuyệt sáu tám ngõ một không hai phố Hoàng Đạo Thành ở thành phố Hà Nội,osm_street_way_570582404,Hà Nội,,,,Ngõ 102 Phố Hoàng Đạo Thành,1/68 Ngõ 102 Phố Hoàng Đạo Thành,route_question,route_question_neutral_short_008,current+digit_by_digit+prefix+neutral,current,digit_by_digit,neutral,osm,01|address|route_question|neutral_short
aac1064a7ab6f7a6,tới số hai trăm năm mươi lăm xuyệt chín tê sờ hai mươi bảy ở thủ đô đường nào vậy,address,house_address,số hai trăm năm mươi lăm xuyệt chín tê sờ hai mươi bảy ở thủ đô,osm_street_way_378865146,Hà Nội,,,,Đường TS27,255/9 Đường TS27,route_question,route_question_neutral_short_007,spoken_alias+cardinal+no_prefix+neutral,spoken_alias,cardinal,neutral,osm,01|address|route_question|neutral_short
10889f3c53210b1e,"kiếm hộ mình một trăm năm mươi mốt xuyệt chín đường Cọ Xanh mười một ở thành phố Hà Nội cái, tiện đường thì ghé qua đi",address,house_address,một trăm năm mươi mốt xuyệt chín đường Cọ Xanh mười một ở thành phố Hà Nội,osm_street_way_1149372985,Hà Nội,,,,Cọ Xanh 11,151/9 Cọ Xanh 11,search,search_casual_long_009,current+cardinal+prefix+casual,current,cardinal,casual,osm,01|address|search|casual_long
0c64e90ede7f6efd,kiếm thử số một trăm mười hai xuyệt tám mươi ba ngách hai mươi sáu xuyệt hai mươi ba đường Cầu Diễn ở thành phố Hà Nội với,address,house_address,số một trăm mười hai xuyệt tám mươi ba ngách hai mươi sáu xuyệt hai mươi ba đường Cầu Diễn ở thành phố Hà Nội,osm_street_way_675558800,Hà Nội,,,,Ngách 26/23 Đường Cầu Diễn,112/83 Ngách 26/23 Đường Cầu Diễn,search,search_casual_short_005,current+cardinal+prefix+casual,current,cardinal,casual,osm,01|address|search|casual_short
cbd9964bff422e0e,kiếm hai trăm lẻ bảy xuyệt ba mươi chín ngõ một trăm bốn mươi chín a phố Trần Hòa ở thành phố Hà Nội giúp mình,address,house_address,hai trăm lẻ bảy xuyệt ba mươi chín ngõ một trăm bốn mươi chín a phố Trần Hòa ở thành phố Hà Nội,osm_street_way_1042198717,Hà Nội,,,,Ngõ 149A Phố Trần Hòa,207/39 Ngõ 149A Phố Trần Hòa,search,search_casual_short_002,current+cardinal+prefix+casual,current,cardinal,casual,osm,01|address|search|casual_short
3aa4545d89144b36,xin phép hỏi xin tìm kiếm giúp bốn bảy phố Cầu vượt Ngã tư Vọng ở thành phố Hà Nội ạ,address,house_address,bốn bảy phố Cầu vượt Ngã tư Vọng ở thành phố Hà Nội,osm_street_way_178102535,Hà Nội,,,,Cầu vượt Ngã tư Vọng,47 Cầu vượt Ngã tư Vọng,search,search_formal_medium_007,current+digit_by_digit+prefix+formal,current,digit_by_digit,formal,osm,01|address|search|formal_medium
4b6e848318afc4d1,cho hỏi tìm giúp tôi chỗ ba mươi tư Cầu Lạc Trung ở thành phố Hà Nội,address,house_address,ba mươi tư Cầu Lạc Trung ở thành phố Hà Nội,osm_street_way_28366577,Hà Nội,,,,Cầu Lạc Trung,34 Cầu Lạc Trung,search,search_neutral_medium_004,current+mixed+no_prefix+neutral,current,mixed,neutral,osm,01|address|search|neutral_medium
e7741141cb3703b2,tra giúp tôi vị trí số hai ba bốn đường Đông Nam Xóm Lác ở thành phố Hà Nội giúp tôi,address,house_address,số hai ba bốn đường Đông Nam Xóm Lác ở thành phố Hà Nội,osm_street_way_897671533,Hà Nội,,,,Đường Đông Nam Xóm Lác,234 Đường Đông Nam Xóm Lác,search,search_neutral_medium_003,current+digit_by_digit+prefix+neutral,current,digit_by_digit,neutral,osm,01|address|search|neutral_medium
88f8949fbbb833af,kiếm giúp số hai sáu không ngõ một đường Nguyễn Chí Thanh ở thành phố Hà Nội,address,house_address,số hai sáu không ngõ một đường Nguyễn Chí Thanh ở thành phố Hà Nội,osm_street_way_1508164847,Hà Nội,,,,Ngõ 1 Đường Nguyễn Chí Thanh,260 Ngõ 1 Đường Nguyễn Chí Thanh,search,search_neutral_short_003,current+digit_by_digit+prefix+neutral,current,digit_by_digit,neutral,osm,01|address|search|neutral_short
eb78d63657a78e4c,tìm chín mươi tư phố Cẩm Giang ở thành phố Hà Nội được không,address,house_address,chín mươi tư phố Cẩm Giang ở thành phố Hà Nội,osm_street_way_461981910,Hà Nội,,,,Phố Cẩm Giang,94 Phố Cẩm Giang,search,search_neutral_short_002,current+cardinal+prefix+neutral,current,cardinal,neutral,osm,01|address|search|neutral_short
8496c2fd0c2b4bad,"chỗ một trăm ba mươi tư Bằng Lăng mười ở thành phố Hà Nội lúc nãy nói ấy, quẹo vô đó đi",address,house_address,một trăm ba mươi tư Bằng Lăng mười ở thành phố Hà Nội,osm_street_way_704034748,Hà Nội,,,,Đường Bằng Lăng 10,134 Đường Bằng Lăng 10,short_command,short_command_casual_long_006,current+cardinal+no_prefix+casual,current,cardinal,casual,osm,01|address|short_command|casual_long
df8722629d501aad,táp vào số mười bảy ngõ hai trăm sáu mươi chín đường Lạc Long Quân ở thành phố Hà Nội,address,house_address,số mười bảy ngõ hai trăm sáu mươi chín đường Lạc Long Quân ở thành phố Hà Nội,osm_street_way_1354130046,Hà Nội,,,,Ngõ 269 Đường Lạc Long Quân,17 Ngõ 269 Đường Lạc Long Quân,short_command,short_command_casual_short_010,current+cardinal+prefix+casual,current,cardinal,casual,osm,01|address|short_command|casual_short
ba374fbeb2917a29,xin rẽ vào số một trăm ba mươi sáu ngách một trăm bảy mươi hai xuyệt tám đường Phú Diễn ở thành phố Hà Nội giúp tôi với ạ,address,house_address,số một trăm ba mươi sáu ngách một trăm bảy mươi hai xuyệt tám đường Phú Diễn ở thành phố Hà Nội,osm_street_way_399194526,Hà Nội,,,,Ngách 172/8 Đường Phú Diễn,136 Ngách 172/8 Đường Phú Diễn,short_command,short_command_formal_medium_006,current+cardinal+prefix+formal,current,cardinal,formal,osm,01|address|short_command|formal_medium
29795727dca7de66,cho mình hỏi cho xe rẽ vào số hai trăm hai mươi xuyệt sáu i ngõ ba trăm năm mươi tư đường Nguyễn Văn Cừ ở thành phố Hà Nội,address,house_address,số hai trăm hai mươi xuyệt sáu i ngõ ba trăm năm mươi tư đường Nguyễn Văn Cừ ở thành phố Hà Nội,osm_street_way_892183991,Hà Nội,,,,Ngõ 354 Đường Nguyễn Văn Cừ,220/6I Ngõ 354 Đường Nguyễn Văn Cừ,short_command,short_command_neutral_medium_010,current+cardinal+prefix+neutral,current,cardinal,neutral,osm,01|address|short_command|neutral_medium
252863660b09d94b,ghé hai trăm bốn mươi ba phố Châu Long ở thành phố Hà Nội với,address,house_address,hai trăm bốn mươi ba phố Châu Long ở thành phố Hà Nội,osm_street_way_11553708,Hà Nội,,,,Phố Châu Long,243 Phố Châu Long,short_command,short_command_neutral_short_006,current+cardinal+prefix+neutral,current,cardinal,neutral,osm,01|address|short_command|neutral_short
4c7edaed5e418ca3,chỗ mình đứng đây gần phường Vĩnh Hưng không ta,admin_unit,ward,phường Vĩnh Hưng,osm_ward_19334586,Hà Nội,,,Vĩnh Hưng,,,contextual,contextual_casual_long_005,current+none+prefix+casual,current,none,casual,manual,01|admin_unit|contextual|casual_long
73d55a2d9fba13f5,gần Quảng Bị ở thành phố Hà Nội hông,admin_unit,ward,Quảng Bị ở thành phố Hà Nội,osm_ward_19514799,Hà Nội,,,Quảng Bị,,,contextual,contextual_casual_short_001,current+none+no_prefix+casual,current,none,casual,manual,01|admin_unit|contextual|casual_short
f3b6de45f63afdf0,xin hỏi từ đây đến xã Ô Diên ở thành phố Hà Nội có xa không,admin_unit,ward,xã Ô Diên ở thành phố Hà Nội,osm_ward_19437093,Hà Nội,,,Ô Diên,,,contextual,contextual_formal_medium_003,current+none+prefix+formal,current,none,formal,manual,01|admin_unit|contextual|formal_medium
d479878085f493cb,từ đây đến thủ đô có xa không,admin_unit,province,thủ đô,province_01,Hà Nội,,,,,,contextual,contextual_neutral_medium_005,spoken_alias+none+no_prefix+neutral,spoken_alias,none,neutral,manual,01|admin_unit|contextual|neutral_medium
789fc7dc08e3b9fc,thế vị trí này gần Dương Hòa không,admin_unit,ward,Dương Hòa,osm_ward_19446383,Hà Nội,,,Dương Hòa,,,contextual,contextual_neutral_medium_010,current+none+no_prefix+neutral,current,none,neutral,manual,01|admin_unit|contextual|neutral_medium
c38205916ed596df,thành phố Hà Nội ở gần không,admin_unit,province,thành phố Hà Nội,province_01,Hà Nội,,,,,,contextual,contextual_neutral_short_010,current+none+prefix+neutral,current,none,neutral,manual,01|admin_unit|contextual|neutral_short
9ac9eb65def08b32,khu này gần xã Suối Hai không,admin_unit,ward,xã Suối Hai,osm_ward_19514783,Hà Nội,,,Suối Hai,,,contextual,contextual_neutral_short_009,current+none+prefix+neutral,current,none,neutral,manual,01|admin_unit|contextual|neutral_short
ff495fb06cb44c76,"mình mới tới đây lần đầu, chỉ mình đường tới phường Tây Hồ ở thành phố Hà Nội với",admin_unit,ward,phường Tây Hồ ở thành phố Hà Nội,osm_ward_19332321,Hà Nội,,,Tây Hồ,,,conversational,conversational_casual_long_004,current+none+prefix+casual,current,none,casual,manual,01|admin_unit|conversational|casual_long
f375c150996f832a,hỏi tí đường thành phố Hà Nội đi mà,admin_unit,province,thành phố Hà Nội,province_01,Hà Nội,,,,,,conversational,conversational_casual_short_008,current+none+prefix+casual,current,none,casual,manual,01|admin_unit|conversational|casual_short
9b7c5b130795a5c1,chỉ mình phường Dịch Vọng,admin_unit,ward,phường Dịch Vọng,hn_cg_dichvong,Hà Nội,,,Dịch Vọng,,,conversational,conversational_casual_short_007,current+none+prefix+casual,current,none,casual,manual,01|admin_unit|conversational|casual_short
98750068cf2ef3c1,xin phép hỏi tôi cần hỏi đường đi phường Chương Mỹ ở thành phố Hà Nội,admin_unit,ward,phường Chương Mỹ ở thành phố Hà Nội,osm_ward_19446384,Hà Nội,,,Chương Mỹ,,,conversational,conversational_formal_medium_007,current+none+prefix+formal,current,none,formal,manual,01|admin_unit|conversational|formal_medium
38ea3cf75e629df7,tôi đang cần tìm đường đến thành phố Hà Nội,admin_unit,province,thành phố Hà Nội,province_01,Hà Nội,,,,,,conversational,conversational_neutral_medium_002,current+none+prefix+neutral,current,none,neutral,manual,01|admin_unit|conversational|neutral_medium
7307277beeaa69b8,cho mình hỏi lối đến Kiến Hưng nhé,admin_unit,ward,Kiến Hưng,osm_ward_19341926,Hà Nội,,,Kiến Hưng,,,conversational,conversational_neutral_medium_006,current+none+no_prefix+neutral,current,none,neutral,manual,01|admin_unit|conversational|neutral_medium
7383aa248e12b888,cho hỏi ngả tới thành phố Hà Nội giúp tôi,admin_unit,province,thành phố Hà Nội,province_01,Hà Nội,,,,,,conversational,conversational_neutral_short_009,current+none+prefix+neutral,current,none,neutral,manual,01|admin_unit|conversational|neutral_short
71c4dbbe79b0247c,cho hỏi ngả tới phường Ngọc Hà ở thành phố Hà Nội,admin_unit,ward,phường Ngọc Hà ở thành phố Hà Nội,osm_ward_19332320,Hà Nội,,,Ngọc Hà,,,conversational,conversational_neutral_short_009,current+none+prefix+neutral,current,none,neutral,manual,01|admin_unit|conversational|neutral_short
695772f0071cb0eb,"chỉ mình lối đến Hà Nội đi, mình đang bị lạc nè",admin_unit,province,Hà Nội,province_01,Hà Nội,,,,,,nav_command,nav_command_casual_long_007,current+none+no_prefix+casual,current,none,casual,manual,01|admin_unit|nav_command|casual_long
f61d544850735af0,"này chỉ đường tới xã Phượng Dực với, mình chạy xe máy thôi nha",admin_unit,ward,xã Phượng Dực,osm_ward_19411383,Hà Nội,,,Phượng Dực,,,nav_command,nav_command_casual_long_005,current+none+prefix+casual,current,none,casual,manual,01|admin_unit|nav_command|casual_long
0400fef3c1ae631b,tới Hà Nội,admin_unit,province,Hà Nội,province_01,Hà Nội,,,,,,nav_command,nav_command_casual_short_002,current+none+no_prefix+casual,current,none,casual,manual,01|admin_unit|nav_command|casual_short
c1da04aa8c49fc04,ghé xã Quốc Oai được không,admin_unit,ward,xã Quốc Oai,osm_ward_19435863,Hà Nội,,,Quốc Oai,,,nav_command,nav_command_casual_short_007,current+none+prefix+casual,current,none,casual,manual,01|admin_unit|nav_command|casual_short
2c75505f448db331,cho tôi hỏi một chút xin hướng dẫn đường đến Hà Nội được không ạ,admin_unit,province,Hà Nội,province_01,Hà Nội,,,,,,nav_command,nav_command_formal_medium_006,current+none+no_prefix+formal,current,none,formal,manual,01|admin_unit|nav_command|formal_medium
d9304997f8380f05,mong được chỉ đường tới phường Hoàng Mai ở thành phố Hà Nội giúp tôi với ạ,admin_unit,ward,phường Hoàng Mai ở thành phố Hà Nội,osm_ward_19334587,Hà Nội,,,Hoàng Mai,,,nav_command,nav_command_formal_medium_005,current+none+prefix+formal,current,none,formal,manual,01|admin_unit|nav_command|formal_medium
16c44f2d21d69423,cho tôi hỏi tìm hộ đường đến thành phố Hà Nội được không,admin_unit,province,thành phố Hà Nội,province_01,Hà Nội,,,,,,nav_command,nav_command_neutral_medium_009,current+none+prefix+neutral,current,none,neutral,manual,01|admin_unit|nav_command|neutral_medium
48bdaeb6cbcf1214,hướng dẫn đường đến Hồng Sơn ở tỉnh Hà Tây,admin_unit,ward,Hồng Sơn ở tỉnh Hà Tây,osm_ward_19514791,Hà Nội,,,Hồng Sơn,,,nav_command,nav_command_neutral_medium_005,spoken_alias+none+no_prefix+neutral,spoken_alias,none,neutral,manual,01|admin_unit|nav_command|neutral_medium
7d08ae3bd26960ea,cho tôi đường đi đến xã Ba Vì,admin_unit,ward,xã Ba Vì,osm_ward_19514782,Hà Nội,,,Ba Vì,,,nav_command,nav_command_neutral_medium_002,current+none+prefix+neutral,current,none,neutral,manual,01|admin_unit|nav_command|neutral_medium
6d7b25d6315a8908,dẫn đường đến thành phố Hà Nội nhé,admin_unit,province,thành phố Hà Nội,province_01,Hà Nội,,,,,,nav_command,nav_command_neutral_short_003,current+none+prefix+neutral,current,none,neutral,manual,01|admin_unit|nav_command|neutral_short
d562ae33ab0ec62f,chỉ hướng đến xã Minh Châu,admin_unit,ward,xã Minh Châu,osm_ward_19514786,Hà Nội,,,Minh Châu,,,nav_command,nav_command_neutral_short_009,current+none+prefix+neutral,current,none,neutral,manual,01|admin_unit|nav_command|neutral_short
cce58fea3a92fecc,chỉ đường đến phường Tùng Thiện giúp tôi,admin_unit,ward,phường Tùng Thiện,osm_ward_19514776,Hà Nội,,,Tùng Thiện,,,nav_command,nav_command_neutral_short_001,current+none+prefix+neutral,current,none,neutral,manual,01|admin_unit|nav_command|neutral_short
0d852ca71c4064b3,từ đây qua Thạch Thất đi lối nào cho lẹ vậy,admin_unit,ward,Thạch Thất,osm_ward_19514772,Hà Nội,,,Thạch Thất,,,route_question,route_question_casual_long_009,current+none+no_prefix+casual,current,none,casual,manual,01|admin_unit|route_question|casual_long
1659e6f03970092f,đường nào tới thành phố Hà Nội,admin_unit,province,thành phố Hà Nội,province_01,Hà Nội,,,,,,route_question,route_question_casual_short_002,current+none+prefix+casual,current,none,casual,manual,01|admin_unit|route_question|casual_short
37d6fd7dbd1b024c,Phú Thượng ở tỉnh Hà Tây đường nào thế,admin_unit,ward,Phú Thượng ở tỉnh Hà Tây,osm_ward_19335056,Hà Nội,,,Phú Thượng,,,route_question,route_question_casual_short_008,spoken_alias+none+no_prefix+casual,spoken_alias,none,casual,manual,01|admin_unit|route_question|casual_short
57621243c2241e4f,xin hỏi đường nào gần nhất đến xã Quang Minh ở thành phố Hà Nội,admin_unit,ward,xã Quang Minh ở thành phố Hà Nội,osm_ward_19335113,Hà Nội,,,Quang Minh,,,route_question,route_question_formal_medium_002,current+none+prefix+formal,current,none,formal,manual,01|admin_unit|route_question|formal_medium
beae3ae7714ebc55,đi thành phố Hà Nội đường nào nhanh nhất được không,admin_unit,province,thành phố Hà Nội,province_01,Hà Nội,,,,,,route_question,route_question_neutral_medium_005,current+none+prefix+neutral,current,none,neutral,manual,01|admin_unit|route_question|neutral_medium
026fa2657c315946,làm sao đến Yên Sở nhanh nhất nhé,admin_unit,ward,Yên Sở,osm_ward_19338317,Hà Nội,,,Yên Sở,,,route_question,route_question_neutral_medium_007,current+none+no_prefix+neutral,current,none,neutral,manual,01|admin_unit|route_question|neutral_medium
3ad3808bb3912d44,đi thành phố Hà Nội lối nào,admin_unit,province,thành phố Hà Nội,province_01,Hà Nội,,,,,,route_question,route_question_neutral_short_005,current+none+prefix+neutral,current,none,neutral,manual,01|admin_unit|route_question|neutral_short
774b62c5cb75f65a,đường nào đến phường Kiến Hưng,admin_unit,ward,phường Kiến Hưng,osm_ward_19341926,Hà Nội,,,Kiến Hưng,,,route_question,route_question_neutral_short_004,current+none+prefix+neutral,current,none,neutral,manual,01|admin_unit|route_question|neutral_short
fb6fe31e0201d28b,kiếm giúp mình trường học nào gần thành phố Hà Nội nhất với,admin_unit,province,thành phố Hà Nội,province_01,Hà Nội,,,,,,search,search_casual_long_007,current+none+prefix+casual,current,none,casual,manual,01|admin_unit|search|casual_long
856eda0da6327104,"ơ kiếm giùm mình Quốc Oai ở thành phố Hà Nội cái, không cần xa lắm đâu thế",admin_unit,ward,Quốc Oai ở thành phố Hà Nội,osm_ward_19435863,Hà Nội,,,Quốc Oai,,,search,search_casual_long_004,current+none+no_prefix+casual,current,none,casual,manual,01|admin_unit|search|casual_long
c17923e3819f7fb6,lục tìm thủ đô,admin_unit,province,thủ đô,province_01,Hà Nội,,,,,,search,search_casual_short_009,spoken_alias+none+no_prefix+casual,spoken_alias,none,casual,manual,01|admin_unit|search|casual_short
cd7b95faca4f75b3,dò Yên Xuân,admin_unit,ward,Yên Xuân,osm_ward_19514768,Hà Nội,,,Yên Xuân,,,search,search_casual_short_004,current+none+no_prefix+casual,current,none,casual,manual,01|admin_unit|search|casual_short
97d554d03db66180,xin tìm hộ thành phố Hà Nội giúp tôi với ạ,admin_unit,province,thành phố Hà Nội,province_01,Hà Nội,,,,,,search,search_formal_medium_005,current+none+prefix+formal,current,none,formal,manual,01|admin_unit|search|formal_medium
479e832a698ef6d3,xin tìm hộ xã Trần Phú xin cảm ơn,admin_unit,ward,xã Trần Phú,osm_ward_19514798,Hà Nội,,,Trần Phú,,,search,search_formal_medium_005,current+none+prefix+formal,current,none,formal,manual,01|admin_unit|search|formal_medium
495ea3181f6a3f09,cho mình hỏi à kiếm hộ tôi thành phố Hà Nội,admin_unit,province,thành phố Hà Nội,province_01,Hà Nội,,,,,,search,search_neutral_medium_005,current+none+prefix+neutral,current,none,neutral,manual,01|admin_unit|search|neutral_medium
2962f9e9520d5c71,tra giúp tôi vị trí Vĩnh Tuy,admin_unit,ward,Vĩnh Tuy,osm_ward_19334583,Hà Nội,,,Vĩnh Tuy,,,search,search_neutral_medium_003,current+none+no_prefix+neutral,current,none,neutral,manual,01|admin_unit|search|neutral_medium
021361c856a1339d,tra giúp tôi vị trí Xuân Mai,admin_unit,ward,Xuân Mai,osm_ward_19446386,Hà Nội,,,Xuân Mai,,,search,search_neutral_medium_003,current+none+no_prefix+neutral,current,none,neutral,manual,01|admin_unit|search|neutral_medium
60f68f6fbbab0c46,kiếm giúp Hà Nội,admin_unit,province,Hà Nội,province_01,Hà Nội,,,,,,search,search_neutral_short_003,current+none+no_prefix+neutral,current,none,neutral,manual,01|admin_unit|search|neutral_short
ee2785df9d71de14,dò giúp xã Nam Phù nhé,admin_unit,ward,xã Nam Phù,osm_ward_19437095,Hà Nội,,,Nam Phù,,,search,search_neutral_short_010,current+none+prefix+neutral,current,none,neutral,manual,01|admin_unit|search|neutral_short
37eac7f5866a282d,kiếm chỗ xã Quốc Oai,admin_unit,ward,xã Quốc Oai,osm_ward_19435863,Hà Nội,,,Quốc Oai,,,search,search_neutral_short_006,current+none+prefix+neutral,current,none,neutral,manual,01|admin_unit|search|neutral_short
d8fc216cc6ec4d3d,"này à ờ xã Thanh Oai đó, chạy thẳng tới luôn nha",admin_unit,ward,xã Thanh Oai,osm_ward_19514796,Hà Nội,,,Thanh Oai,,,short_command,short_command_casual_long_007,current+none+prefix+casual,current,none,casual,manual,01|admin_unit|short_command|casual_long
723ac36ee0f47dc8,qua thành phố Hà Nội cái,admin_unit,province,thành phố Hà Nội,province_01,Hà Nội,,,,,,short_command,short_command_casual_short_002,current+none+prefix+casual,current,none,casual,manual,01|admin_unit|short_command|casual_short
6d35d838c300b265,tấp vô Suối Hai với,admin_unit,ward,Suối Hai,osm_ward_19514783,Hà Nội,,,Suối Hai,,,short_command,short_command_casual_short_006,current+none+no_prefix+casual,current,none,casual,manual,01|admin_unit|short_command|casual_short
fb258e3973574153,xin phép hỏi xin chạy thẳng tới phường Vĩnh Hưng,admin_unit,ward,phường Vĩnh Hưng,osm_ward_19334586,Hà Nội,,,Vĩnh Hưng,,,short_command,short_command_formal_medium_005,current+none+prefix+formal,current,none,formal,manual,01|admin_unit|short_command|formal_medium
411a337129637cb7,chạy thẳng đến thành phố Hà Nội,admin_unit,province,thành phố Hà Nội,province_01,Hà Nội,,,,,,short_command,short_command_neutral_medium_003,current+none+prefix+neutral,current,none,neutral,manual,01|admin_unit|short_command|neutral_medium
f7296251e30425b9,cho mình hỏi đưa tôi tới Hai Bà Trưng,admin_unit,ward,Hai Bà Trưng,osm_ward_19331654,Hà Nội,,,Hai Bà Trưng,,,short_command,short_command_neutral_medium_002,current+none+no_prefix+neutral,current,none,neutral,manual,01|admin_unit|short_command|neutral_medium
98617add77311fd9,về thành phố Hà Nội được không,admin_unit,province,thành phố Hà Nội,province_01,Hà Nội,,,,,,short_command,short_command_neutral_short_007,current+none+prefix+neutral,current,none,neutral,manual,01|admin_unit|short_command|neutral_short
9d3234bd291c6dca,ghé Mỹ Đức ở thành phố Hà Nội nhé,admin_unit,ward,Mỹ Đức ở thành phố Hà Nội,osm_ward_19514790,Hà Nội,,,Mỹ Đức,,,short_command,short_command_neutral_short_006,current+none+no_prefix+neutral,current,none,neutral,manual,01|admin_unit|short_command|neutral_short
aaf31fdef4bd13e3,"à đoạn này gần Techcombank không vậy ta, xa không",commercial,bank,Techcombank,osm_poi_node_11224700069,Hà Nội,,,,,,contextual,contextual_casual_long_007,current+none+no_prefix+casual,current,none,casual,osm,01|commercial|contextual|casual_long
707cc6d2c9d97674,gần đây có Nhà Hàng Mr Lee's Snack Bar hông,commercial,restaurant,Nhà Hàng Mr Lee's Snack Bar,osm_poi_node_6702180256,Hà Nội,,,,,,contextual,contextual_casual_short_003,current+none+no_prefix+casual,current,none,casual,osm,01|commercial|contextual|casual_short
d0a26a4b18cc830e,gần Chảnh Nướng ở thành phố Hà Nội không ta,commercial,restaurant,Chảnh Nướng ở thành phố Hà Nội,osm_poi_node_11215223983,Hà Nội,,,,,,contextual,contextual_casual_short_006,current+none+no_prefix+casual,current,none,casual,osm,01|commercial|contextual|casual_short
6a3459b45a024659,xin hỏi đoạn này có gần Petrolimex không ạ,commercial,gas_station,Petrolimex,osm_poi_node_2302087707,Hà Nội,,,,,,contextual,contextual_formal_medium_006,current+none+no_prefix+formal,current,none,formal,osm,01|commercial|contextual|formal_medium
57b01d7f874a3716,chỗ đó gần Phở bò Phú Gia cơ sở năm không,commercial,restaurant,Phở bò Phú Gia cơ sở năm,osm_poi_node_10254828319,Hà Nội,,,,,,contextual,contextual_neutral_medium_004,current+cardinal+no_prefix+neutral,current,cardinal,neutral,osm,01|commercial|contextual|neutral_medium
bfb97d3d5323d712,từ đây đến Kichi-Kichi có xa không,commercial,restaurant,Kichi-Kichi,osm_poi_node_11212216796,Hà Nội,,,,,,contextual,contextual_neutral_medium_005,current+none+no_prefix+neutral,current,none,neutral,osm,01|commercial|contextual|neutral_medium
590206704a7074b9,BIDV ở thành phố Hà Nội ở gần không,commercial,bank,BIDV ở thành phố Hà Nội,osm_poi_node_1498025954,Hà Nội,,,,,,contextual,contextual_neutral_short_010,current+none+no_prefix+neutral,current,none,neutral,osm,01|commercial|contextual|neutral_short
27e6e9922c1181a7,quanh đây gần WinMart ở thành phố Hà Nội không,commercial,supermarket,WinMart ở thành phố Hà Nội,osm_poi_way_1116252727,Hà Nội,,,,,,contextual,contextual_neutral_short_006,current+none+no_prefix+neutral,current,none,neutral,osm,01|commercial|contextual|neutral_short
89a504c383e84a3b,"ơ cho mình hỏi, đi bộ tới Cồ Hưng Phở Trâu Tươi được không",commercial,restaurant,Cồ Hưng Phở Trâu Tươi,osm_poi_node_13274106060,Hà Nội,,,,,,conversational,conversational_casual_long_007,current+none+no_prefix+casual,current,none,casual,osm,01|commercial|conversational|casual_long
d1122a5523b58395,"mình không rành đường ở đây, chỉ mình tới Tops Market với",commercial,supermarket,Tops Market,osm_poi_node_12240739572,Hà Nội,,,,,,conversational,conversational_casual_long_008,current+none+no_prefix+casual,current,none,casual,osm,01|commercial|conversational|casual_long
e09e62635be9f9a7,hỏi lối Techcombank được không,commercial,bank,Techcombank,osm_poi_node_13341549135,Hà Nội,,,,,,conversational,conversational_casual_short_004,current+none+no_prefix+casual,current,none,casual,osm,01|commercial|conversational|casual_short
e438e1b7d04035bd,chỉ đường Nha hang Cha Ca La Vong ở thành phố Hà Nội nha,commercial,restaurant,Nha hang Cha Ca La Vong ở thành phố Hà Nội,osm_poi_node_5116302621,Hà Nội,,,,,,conversational,conversational_casual_short_003,current+none+no_prefix+casual,current,none,casual,osm,01|commercial|conversational|casual_short
539326382954b66e,tôi xin hỏi hướng đi đến Agribank,commercial,bank,Agribank,osm_poi_node_11601353645,Hà Nội,,,,,,conversational,conversational_formal_medium_009,current+none+no_prefix+formal,current,none,formal,osm,01|commercial|conversational|formal_medium
ff511695d3f09fdd,làm ơn cho hỏi tôi muốn nhờ chỉ đường đến WinMart xin cảm ơn,commercial,supermarket,WinMart,osm_poi_node_12829686367,Hà Nội,,,,,,conversational,conversational_formal_medium_004,current+none+no_prefix+formal,current,none,formal,osm,01|commercial|conversational|formal_medium
8fc06e2d0f339711,này cho tôi xin đường đi MB Petro - Cửa hàng xăng dầu số sáu mươi tám nhé,commercial,gas_station,MB Petro - Cửa hàng xăng dầu số sáu mươi tám,osm_poi_way_710103553,Hà Nội,,,,,,conversational,conversational_neutral_medium_008,current+cardinal+no_prefix+neutral,current,cardinal,neutral,osm,01|commercial|conversational|neutral_medium
66662bdfb5e201ea,tôi muốn hỏi đường tới Bún đậu Tú Kiểu ở thành phố Hà Nội nhé,commercial,restaurant,Bún đậu Tú Kiểu ở thành phố Hà Nội,osm_poi_node_11618566528,Hà Nội,,,,,,conversational,conversational_neutral_medium_003,current+none+no_prefix+neutral,current,none,neutral,osm,01|commercial|conversational|neutral_medium
8ba2ce78e0092b69,giúp tôi tìm đường đến Com Chay Vegan Buffet một trăm hai mươi ca,commercial,restaurant,Com Chay Vegan Buffet một trăm hai mươi ca,osm_poi_node_12395826102,Hà Nội,,,,,,conversational,conversational_neutral_medium_009,current+cardinal+no_prefix+neutral,current,cardinal,neutral,osm,01|commercial|conversational|neutral_medium
6907208960231619,hỏi đường đi Bay Buffet với,commercial,restaurant,Bay Buffet,osm_poi_way_965690839,Hà Nội,,,,,,conversational,conversational_neutral_short_004,current+none+no_prefix+neutral,current,none,neutral,osm,01|commercial|conversational|neutral_short
40778dc3ab7c6010,cho hỏi ngả tới Vietcombank ở thành phố Hà Nội,commercial,bank,Vietcombank ở thành phố Hà Nội,osm_poi_way_1235785349,Hà Nội,,,,,,conversational,conversational_neutral_short_009,current+none+no_prefix+neutral,current,none,neutral,osm,01|commercial|conversational|neutral_short
67f2295553d64447,hỏi đường tới Phú Yên nhé,commercial,restaurant,Phú Yên,osm_poi_node_8360897979,Hà Nội,,,,,,conversational,conversational_neutral_short_002,current+none+no_prefix+neutral,current,none,neutral,osm,01|commercial|conversational|neutral_short
53c62a2e9992bf4f,"dẫn đường tới VID Public Bank ở thành phố Hà Nội giúp mình, đi đường tắt cũng được được không",commercial,bank,VID Public Bank ở thành phố Hà Nội,osm_poi_node_977640026,Hà Nội,,,,,,nav_command,nav_command_casual_long_006,current+none+no_prefix+casual,current,none,casual,osm,01|commercial|nav_command|casual_long
5694c283839250c6,"ê chỉ đường đến Trạm Xăng Dầu Số ba mươi mốt ở thành phố Hà Nội giúp mình cái, đường nào cũng được miễn tới nơi giúp mình",commercial,gas_station,Trạm Xăng Dầu Số ba mươi mốt ở thành phố Hà Nội,osm_poi_node_9674282469,Hà Nội,,,,,,nav_command,nav_command_casual_long_001,current+cardinal+no_prefix+casual,current,cardinal,casual,osm,01|commercial|nav_command|casual_long
486e1fc3764406cf,"kiếm giúp mình đường đến Kho một cái, gấp lắm rồi",commercial,bank,Kho một,osm_poi_node_12690384419,Hà Nội,,,,,,nav_command,nav_command_casual_long_008,current+digit_by_digit+no_prefix+casual,current,digit_by_digit,casual,osm,01|commercial|nav_command|casual_long
2411ae3669af317f,lái đến Bún Chẳ Đắc Kim với,commercial,restaurant,Bún Chẳ Đắc Kim,osm_poi_node_4151407589,Hà Nội,,,,,,nav_command,nav_command_casual_short_006,current+none+no_prefix+casual,current,none,casual,osm,01|commercial|nav_command|casual_short
ed7b0df60a7dc3a0,lái đến Moonview Hotel ở thành phố Hà Nội đi,commercial,hotel,Moonview Hotel ở thành phố Hà Nội,osm_poi_way_700654147,Hà Nội,,,,,,nav_command,nav_command_casual_short_006,current+none+no_prefix+casual,current,none,casual,osm,01|commercial|nav_command|casual_short
c594f208fd5f8f97,phóng tới VietinBank đi,commercial,bank,VietinBank,osm_poi_way_1007516847,Hà Nội,,,,,,nav_command,nav_command_casual_short_008,current+none+no_prefix+casual,current,none,casual,osm,01|commercial|nav_command|casual_short
96486de1db6e9d80,xin phép hỏi mong chỉ giúp tuyến đường đến Cửa hàng bánh ngọt Bảo Ngọc ở thành phố Hà Nội được không ạ,commercial,restaurant,Cửa hàng bánh ngọt Bảo Ngọc ở thành phố Hà Nội,osm_poi_node_10254828330,Hà Nội,,,,,,nav_command,nav_command_formal_medium_009,current+none+no_prefix+formal,current,none,formal,osm,01|commercial|nav_command|formal_medium
8448ccd26523ecae,nhờ chỉ giúp đường đến Phở Bò một bốn chín ở thành phố Hà Nội,commercial,restaurant,Phở Bò một bốn chín ở thành phố Hà Nội,osm_poi_node_11286510032,Hà Nội,,,,,,nav_command,nav_command_formal_medium_003,current+digit_by_digit+no_prefix+formal,current,digit_by_digit,formal,osm,01|commercial|nav_command|formal_medium
02c12ade84a1cd4c,xin cho hỏi vui lòng chỉ đường tới Khách Sạn Lucky ba ở thành phố Hà Nội,commercial,hotel,Khách Sạn Lucky ba ở thành phố Hà Nội,osm_poi_node_7176398082,Hà Nội,,,,,,nav_command,nav_command_formal_medium_002,current+cardinal+no_prefix+formal,current,cardinal,formal,osm,01|commercial|nav_command|formal_medium
61bf37a963639975,mở giúp đường đi đến Petrolimex được không,commercial,gas_station,Petrolimex,osm_poi_way_1342955521,Hà Nội,,,,,,nav_command,nav_command_neutral_medium_008,current+none+no_prefix+neutral,current,none,neutral,osm,01|commercial|nav_command|neutral_medium
5b7ac98391fdc01b,cho tôi hỏi à mở giúp đường đi đến ACB được không,commercial,bank,ACB,osm_poi_node_4736130524,Hà Nội,,,,,,nav_command,nav_command_neutral_medium_008,current+none+no_prefix+neutral,current,none,neutral,osm,01|commercial|nav_command|neutral_medium
01cf4152c2ec5b63,chỉ đường đi tới Trung tâm kính cường lực cũ Phúc Trung Kiên,commercial,supermarket,Trung tâm kính cường lực cũ Phúc Trung Kiên,osm_poi_node_10648151771,Hà Nội,,,,,,nav_command,nav_command_neutral_medium_004,current+none+no_prefix+neutral,current,none,neutral,osm,01|commercial|nav_command|neutral_medium
82bccf5f1f3e9fcd,này cho tôi đường đi đến Bánh Xèo Zòn được không,commercial,restaurant,Bánh Xèo Zòn,osm_poi_node_4264066489,Hà Nội,,,,,,nav_command,nav_command_neutral_medium_002,current+none+no_prefix+neutral,current,none,neutral,osm,01|commercial|nav_command|neutral_medium
b9445e2a103fbe36,chỉ đường đến VietABank với,commercial,bank,VietABank,osm_poi_node_6685245984,Hà Nội,,,,,,nav_command,nav_command_neutral_short_001,current+none+no_prefix+neutral,current,none,neutral,osm,01|commercial|nav_command|neutral_short
5876b5292634e2d2,đưa đường đến Siêu thị Thành Đô - Hồ Tùng Mậu giúp tôi,commercial,supermarket,Siêu thị Thành Đô - Hồ Tùng Mậu,osm_poi_node_5605957125,Hà Nội,,,,,,nav_command,nav_command_neutral_short_008,current+none+no_prefix+neutral,current,none,neutral,osm,01|commercial|nav_command|neutral_short
f5791fb91d1e1bfd,dẫn đường đến Beryl Signature Hotel and Travel,commercial,hotel,Beryl Signature Hotel and Travel,osm_poi_node_11061842092,Hà Nội,,,,,,nav_command,nav_command_neutral_short_003,current+none+no_prefix+neutral,current,none,neutral,osm,01|commercial|nav_command|neutral_short
51bc8a550d8dffa5,dẫn đường đến Vietcombank,commercial,bank,Vietcombank,osm_poi_node_7858056541,Hà Nội,,,,,,nav_command,nav_command_neutral_short_003,current+none+no_prefix+neutral,current,none,neutral,osm,01|commercial|nav_command|neutral_short
6ea999497df17412,"cho hỏi cái đường nào tới Nhà Hàng Chay Diệu Tâm nhanh nhất vậy, mình đang vội",commercial,restaurant,Nhà Hàng Chay Diệu Tâm,osm_poi_node_6917372887,Hà Nội,,,,,,route_question,route_question_casual_long_003,current+none+no_prefix+casual,current,none,casual,osm,01|commercial|route_question|casual_long
1b98b874a6e61b2d,ờ đi một chín một chín Cuisine ở thành phố Hà Nội đường nào tránh được kẹt xe không ta,commercial,restaurant,một chín một chín Cuisine ở thành phố Hà Nội,osm_poi_way_1234867618,Hà Nội,,,,,,route_question,route_question_casual_long_008,current+digit_by_digit+no_prefix+casual,current,digit_by_digit,casual,osm,01|commercial|route_question|casual_long
6b80ab233764cea2,đường nào tới T Mart,commercial,supermarket,T Mart,osm_poi_node_5485847900,Hà Nội,,,,,,route_question,route_question_casual_short_002,current+none+no_prefix+casual,current,none,casual,osm,01|commercial|route_question|casual_short
d2b6dec0e45c2ce2,Nhà Hàng Món Huế đi sao,commercial,restaurant,Nhà Hàng Món Huế,osm_poi_node_6681348985,Hà Nội,,,,,,route_question,route_question_casual_short_001,current+none+no_prefix+casual,current,none,casual,osm,01|commercial|route_question|casual_short
4506b06d0e3c8922,xin hỏi từ đây đến Khách Sạn Indochina đi thế nào,commercial,hotel,Khách Sạn Indochina,osm_poi_node_973960998,Hà Nội,,,,,,route_question,route_question_formal_medium_001,current+none+no_prefix+formal,current,none,formal,osm,01|commercial|route_question|formal_medium
6adcff456635427d,xin cho hỏi xin hỏi muốn tới ABBank ở thành phố Hà Nội thì đi đường nào ạ,commercial,bank,ABBank ở thành phố Hà Nội,osm_poi_node_11745319464,Hà Nội,,,,,,route_question,route_question_formal_medium_004,current+none+no_prefix+formal,current,none,formal,osm,01|commercial|route_question|formal_medium
160b064b07ee42aa,cho mình hỏi từ đây đến Khách Sạn Green Park đi thế nào,commercial,hotel,Khách Sạn Green Park,osm_poi_node_2366843101,Hà Nội,,,,,,route_question,route_question_neutral_medium_001,current+none+no_prefix+neutral,current,none,neutral,osm,01|commercial|route_question|neutral_medium
0a2f7326b2bd8bbf,thế đến May de Cuisine đi lối nào,commercial,restaurant,May de Cuisine,osm_poi_node_12063757631,Hà Nội,,,,,,route_question,route_question_neutral_medium_006,current+none+no_prefix+neutral,current,none,neutral,osm,01|commercial|route_question|neutral_medium
3d81e4140671a599,đi đến Petrolimex ở thành phố Hà Nội bằng đường nào vậy,commercial,gas_station,Petrolimex ở thành phố Hà Nội,osm_poi_node_2302087707,Hà Nội,,,,,,route_question,route_question_neutral_medium_008,current+none+no_prefix+neutral,current,none,neutral,osm,01|commercial|route_question|neutral_medium
e1bf49efa6f70e6a,đến nhà hàng cơm phố hai đi đường nào vậy,commercial,restaurant,nhà hàng cơm phố hai,osm_poi_node_5349208222,Hà Nội,,,,,,route_question,route_question_neutral_short_001,current+cardinal+no_prefix+neutral,current,cardinal,neutral,osm,01|commercial|route_question|neutral_short
30972d917a854346,tới Lotte Mart ở thành phố Hà Nội đường nào vậy,commercial,supermarket,Lotte Mart ở thành phố Hà Nội,osm_poi_node_14058428179,Hà Nội,,,,,,route_question,route_question_neutral_short_007,current+none+no_prefix+neutral,current,none,neutral,osm,01|commercial|route_question|neutral_short
f26896ffe768e4c8,đến King Roti ở thành phố Hà Nội lối nào,commercial,restaurant,King Roti ở thành phố Hà Nội,osm_poi_node_12343630750,Hà Nội,,,,,,route_question,route_question_neutral_short_008,current+none+no_prefix+neutral,current,none,neutral,osm,01|commercial|route_question|neutral_short
8908b59431c0f6c6,"ê tìm giùm mình VietinBank ở thành phố Hà Nội với, mình đang cần gấp",commercial,bank,VietinBank ở thành phố Hà Nội,osm_poi_node_6652248851,Hà Nội,,,,,,search,search_casual_long_008,current+none+no_prefix+casual,current,none,casual,osm,01|commercial|search|casual_long
7fe81f22a1a0b8ef,"tìm giúp mình HDBank đi, chỗ nào ngon ngon ấy cái nhé",commercial,bank,HDBank,osm_poi_node_12833589502,Hà Nội,,,,,,search,search_casual_long_010,current+none+no_prefix+casual,current,none,casual,osm,01|commercial|search|casual_long
aaeaac86711872c1,tìm thử Mr. Big Beef - Bò Nướng Tảng,commercial,restaurant,Mr. Big Beef - Bò Nướng Tảng,osm_poi_node_11625397943,Hà Nội,,,,,,search,search_casual_short_006,current+none+no_prefix+casual,current,none,casual,osm,01|commercial|search|casual_short
a317f3e81cb12abd,tìm Cháo lòng Hợp Lý bốn ở thành phố Hà Nội được không,commercial,restaurant,Cháo lòng Hợp Lý bốn ở thành phố Hà Nội,osm_poi_node_11568902926,Hà Nội,,,,,,search,search_casual_short_001,current+cardinal+no_prefix+casual,current,cardinal,casual,osm,01|commercial|search|casual_short
fb62f4083b3dd6b9,kiếm giùm Eneos đi mà,commercial,gas_station,Eneos,osm_poi_way_703989459,Hà Nội,,,,,,search,search_casual_short_007,current+none+no_prefix+casual,current,none,casual,osm,01|commercial|search|casual_short
2196dac39e0a4afa,làm ơn cho hỏi xin tìm giúp Nhà Hàng Hanoi Taco Bar,commercial,restaurant,Nhà Hàng Hanoi Taco Bar,osm_poi_node_5822647453,Hà Nội,,,,,,search,search_formal_medium_001,current+none+no_prefix+formal,current,none,formal,osm,01|commercial|search|formal_medium
b58e5477e60d9767,mong tìm giúp Chops ở thành phố Hà Nội giúp tôi với ạ,commercial,restaurant,Chops ở thành phố Hà Nội,osm_poi_node_9912896146,Hà Nội,,,,,,search,search_formal_medium_004,current+none+no_prefix+formal,current,none,formal,osm,01|commercial|search|formal_medium
2894282af7a267a4,dò giúp tôi vị trí Khách Sạn Art Boutique nhé,commercial,hotel,Khách Sạn Art Boutique,osm_poi_node_3276917865,Hà Nội,,,,,,search,search_neutral_medium_007,current+none+no_prefix+neutral,current,none,neutral,osm,01|commercial|search|neutral_medium
4274e09cfee98760,cho hỏi tra cứu giúp tôi Nhà hàng Tầm Vị được không,commercial,restaurant,Nhà hàng Tầm Vị,osm_poi_node_11218013237,Hà Nội,,,,,,search,search_neutral_medium_008,current+none+no_prefix+neutral,current,none,neutral,osm,01|commercial|search|neutral_medium
454662766fd3b280,này tìm giúp tôi vị trí Pizza bốn pê sờ,commercial,restaurant,Pizza bốn pê sờ,osm_poi_node_12118199554,Hà Nội,,,,,,search,search_neutral_medium_001,current+digit_by_digit+no_prefix+neutral,current,digit_by_digit,neutral,osm,01|commercial|search|neutral_medium
60630126ce3d8711,tìm giúp tôi thông tin về Le Monde Steak ở thành phố Hà Nội được không,commercial,restaurant,Le Monde Steak ở thành phố Hà Nội,osm_poi_way_899514948,Hà Nội,,,,,,search,search_neutral_medium_009,current+none+no_prefix+neutral,current,none,neutral,osm,01|commercial|search|neutral_medium
d5dce068e13f3bad,tìm thử Nhà hàng Vạn Hoa với,commercial,restaurant,Nhà hàng Vạn Hoa,osm_poi_way_577608624,Hà Nội,,,,,,search,search_neutral_short_008,current+none+no_prefix+neutral,current,none,neutral,osm,01|commercial|search|neutral_short
947ee0602fce048e,tìm chỗ nờ hát o mờ sáu tê một sáu Út Nướng giúp tôi,commercial,restaurant,nờ hát o mờ sáu tê một sáu Út Nướng,osm_poi_node_8346010306,Hà Nội,,,,,,search,search_neutral_short_005,current+digit_by_digit+no_prefix+neutral,current,digit_by_digit,neutral,osm,01|commercial|search|neutral_short
5d4e49b888cfec76,tra giúp Chayfood,commercial,restaurant,Chayfood,osm_poi_node_10669431406,Hà Nội,,,,,,search,search_neutral_short_004,current+none+no_prefix+neutral,current,none,neutral,osm,01|commercial|search|neutral_short
195cf584edcefff2,tìm chỗ Quán Vịt Zozo,commercial,restaurant,Quán Vịt Zozo,osm_poi_node_10848090099,Hà Nội,,,,,,search,search_neutral_short_005,current+none+no_prefix+neutral,current,none,neutral,osm,01|commercial|search|neutral_short
ada2efc21fdb20eb,"ừ thì Cửa Hàng Xăng Dầu Quân Đội đó, cho xe tấp vô đó đi",commercial,gas_station,Cửa Hàng Xăng Dầu Quân Đội,osm_poi_node_729787512,Hà Nội,,,,,,short_command,short_command_casual_long_003,current+none+no_prefix+casual,current,none,casual,osm,01|commercial|short_command|casual_long
c51499ebaf3b720a,"à chỗ đó, Nội Thất Đồ Gỗ Được Phát ở thành phố Hà Nội ấy, vòng qua đó cái",commercial,supermarket,Nội Thất Đồ Gỗ Được Phát ở thành phố Hà Nội,osm_poi_node_4625392008,Hà Nội,,,,,,short_command,short_command_casual_long_009,current+none+no_prefix+casual,current,none,casual,osm,01|commercial|short_command|casual_long
90db3811da2c8f28,Chick Garden đi,commercial,restaurant,Chick Garden,osm_poi_node_12050991969,Hà Nội,,,,,,short_command,short_command_casual_short_001,current+none+no_prefix+casual,current,none,casual,osm,01|commercial|short_command|casual_short
5650130631fe482e,qua Ngonya Ramen Trung Hòa cái,commercial,restaurant,Ngonya Ramen Trung Hòa,osm_poi_node_13652468901,Hà Nội,,,,,,short_command,short_command_casual_short_002,current+none+no_prefix+casual,current,none,casual,osm,01|commercial|short_command|casual_short
8529c1ac50ca1969,xin dừng lại ở nờ hát o mờ sáu tê một một The buffet garden được không ạ,commercial,restaurant,nờ hát o mờ sáu tê một một The buffet garden,osm_poi_node_8345992041,Hà Nội,,,,,,short_command,short_command_formal_medium_003,current+cardinal+no_prefix+formal,current,cardinal,formal,osm,01|commercial|short_command|formal_medium
61c97de41bab74e0,xin cho xe chạy đến Khách Sạn Boss Legend,commercial,hotel,Khách Sạn Boss Legend,osm_poi_node_6361078787,Hà Nội,,,,,,short_command,short_command_formal_medium_002,current+none+no_prefix+formal,current,none,formal,osm,01|commercial|short_command|formal_medium
829a4f0ff5e12b0a,cho mình hỏi chạy tới Khách Sạn & Căn Hộ Newstyle nhé,commercial,hotel,Khách Sạn & Căn Hộ Newstyle,osm_poi_node_6696440785,Hà Nội,,,,,,short_command,short_command_neutral_medium_007,current+none+no_prefix+neutral,current,none,neutral,osm,01|commercial|short_command|neutral_medium
a16323b9db441172,cho hỏi đưa tôi tới NCB Bank nhé,commercial,bank,NCB Bank,osm_poi_node_5568364586,Hà Nội,,,,,,short_command,short_command_neutral_medium_002,current+none+no_prefix+neutral,current,none,neutral,osm,01|commercial|short_command|neutral_medium
fbd57481154d7154,này chạy tới AEON Financial Service giúp tôi,commercial,bank,AEON Financial Service,osm_poi_way_1456012849,Hà Nội,,,,,,short_command,short_command_neutral_medium_007,current+none+no_prefix+neutral,current,none,neutral,osm,01|commercial|short_command|neutral_medium
43c5349c689a7e37,đi Nhà Hàng Bò Đội Nón ở thành phố Hà Nội được không,commercial,restaurant,Nhà Hàng Bò Đội Nón ở thành phố Hà Nội,osm_poi_node_3769973034,Hà Nội,,,,,,short_command,short_command_neutral_short_002,current+none+no_prefix+neutral,current,none,neutral,osm,01|commercial|short_command|neutral_short
2fd89408aab3573f,vào MB,commercial,bank,MB,osm_poi_way_1423334525,Hà Nội,,,,,,short_command,short_command_neutral_short_008,current+none+no_prefix+neutral,current,none,neutral,osm,01|commercial|short_command|neutral_short
aa51524c8f22c734,tới Hôtel du Palace giúp tôi,commercial,hotel,Hôtel du Palace,osm_poi_node_13390932634,Hà Nội,,,,,,short_command,short_command_neutral_short_003,current+none+no_prefix+neutral,current,none,neutral,osm,01|commercial|short_command|neutral_short
1d4655718a976148,"chỗ này có gần Chợ Như Quỳnh không ta, hay là xa lắm",landmark,market,Chợ Như Quỳnh,osm_poi_node_13540835998,Hà Nội,,,,,,contextual,contextual_casual_long_001,current+none+no_prefix+casual,current,none,casual,osm,01|landmark|contextual|casual_long
fb1e2f80ae028c73,gần đây có Nguyễn Trãi ở thành phố Hà Nội hông,landmark,monument,Nguyễn Trãi ở thành phố Hà Nội,osm_poi_node_10091771745,Hà Nội,,,,,,contextual,contextual_casual_short_003,current+none+no_prefix+casual,current,none,casual,osm,01|landmark|contextual|casual_short
a3d74b95c3372126,xin phép hỏi xin hỏi đoạn này có gần Cầu vượt Hoàng Minh Giám - Nguyễn Chánh ở thành phố Hà Nội không ạ,landmark,bridge,Cầu vượt Hoàng Minh Giám - Nguyễn Chánh ở thành phố Hà Nội,osm_poi_way_1524059574,Hà Nội,,,,,,contextual,contextual_formal_medium_006,current+none+no_prefix+formal,current,none,formal,osm,01|landmark|contextual|formal_medium
bfec6dd8bf4caf22,cho mình hỏi gần đây có Đầm Hồng ở thành phố Hà Nội không,landmark,lake,Đầm Hồng ở thành phố Hà Nội,osm_poi_way_28913992,Hà Nội,,,,,,contextual,contextual_neutral_medium_003,current+none+no_prefix+neutral,current,none,neutral,osm,01|landmark|contextual|neutral_medium
4341b1e45dccf76c,gần Cầu bê một sáu không,landmark,bridge,Cầu bê một sáu,osm_poi_way_1431631668,Hà Nội,,,,,,contextual,contextual_neutral_short_001,current+cardinal+no_prefix+neutral,current,cardinal,neutral,osm,01|landmark|contextual|neutral_short
6ca29477c52fff4b,"thế cho hỏi xíu, đường đi Chợ Yên Duyên có xa không",landmark,market,Chợ Yên Duyên,osm_poi_way_650440567,Hà Nội,,,,,,conversational,conversational_casual_long_005,current+none+no_prefix+casual,current,none,casual,osm,01|landmark|conversational|casual_long
1903ccbcaddae099,chỉ mình Ao Thị Cấm,landmark,lake,Ao Thị Cấm,osm_poi_way_548259806,Hà Nội,,,,,,conversational,conversational_casual_short_007,current+none+no_prefix+casual,current,none,casual,osm,01|landmark|conversational|casual_short
021ba9e7d20f2faa,cho tôi hỏi một chút tôi đang tìm đường đến VinUni Lake ạ,landmark,lake,VinUni Lake,osm_poi_way_761986889,Hà Nội,,,,,,conversational,conversational_formal_medium_006,current+none+no_prefix+formal,current,none,formal,osm,01|landmark|conversational|formal_medium
91216c3064ecb6fe,cho tôi hỏi giúp tôi tìm đường đến Đài tưởng niệm liệt sỹ Dịch Vọng Hậu ở thành phố Hà Nội,landmark,monument,Đài tưởng niệm liệt sỹ Dịch Vọng Hậu ở thành phố Hà Nội,osm_poi_node_11397903985,Hà Nội,,,,,,conversational,conversational_neutral_medium_009,current+none+no_prefix+neutral,current,none,neutral,osm,01|landmark|conversational|neutral_medium
6673a765f5958bdb,cho hỏi lối đến Nhà bia tưởng niệm liệt sỹ Đại Kim ở thành phố Hà Nội giúp tôi,landmark,monument,Nhà bia tưởng niệm liệt sỹ Đại Kim ở thành phố Hà Nội,osm_poi_way_1482908197,Hà Nội,,,,,,conversational,conversational_neutral_short_003,current+none+no_prefix+neutral,current,none,neutral,osm,01|landmark|conversational|neutral_short
78ca07b5c41375e1,"dẫn mình tới Cầu Vượt Sông Lừ với, mình không rành đường lắm với",landmark,bridge,Cầu Vượt Sông Lừ,osm_poi_way_1533865351,Hà Nội,,,,,,nav_command,nav_command_casual_long_002,current+none+no_prefix+casual,current,none,casual,osm,01|landmark|nav_command|casual_long
8d3298eb58726bb1,dẫn tới Cầu Như Lân ở thành phố Hà Nội với,landmark,bridge,Cầu Như Lân ở thành phố Hà Nội,osm_poi_way_1451888235,Hà Nội,,,,,,nav_command,nav_command_casual_short_005,current+none+no_prefix+casual,current,none,casual,osm,01|landmark|nav_command|casual_short
11bc2077c2a0c612,xin chỉ đường đến Đài tưởng niệm các anh hùng liệt sỹ phường Vĩnh Tuy ạ,landmark,monument,Đài tưởng niệm các anh hùng liệt sỹ phường Vĩnh Tuy,osm_poi_way_1253201592,Hà Nội,,,,,,nav_command,nav_command_formal_medium_001,current+none+no_prefix+formal,current,none,formal,osm,01|landmark|nav_command|formal_medium
063689536a8e537d,chỉ đường đi tới Chợ Linh Lang với,landmark,market,Chợ Linh Lang,osm_poi_way_1063191459,Hà Nội,,,,,,nav_command,nav_command_neutral_medium_004,current+none+no_prefix+neutral,current,none,neutral,osm,01|landmark|nav_command|neutral_medium
5469ba1a3ec75d1e,mở giúp đường đi đến Cầu Kênh La Khê ở thành phố Hà Nội,landmark,bridge,Cầu Kênh La Khê ở thành phố Hà Nội,osm_poi_way_1435923804,Hà Nội,,,,,,nav_command,nav_command_neutral_medium_008,current+none+no_prefix+neutral,current,none,neutral,osm,01|landmark|nav_command|neutral_medium
eeb14757caca13fd,mở đường đến Hồ Không Lực,landmark,lake,Hồ Không Lực,osm_poi_way_977795571,Hà Nội,,,,,,nav_command,nav_command_neutral_short_007,current+none+no_prefix+neutral,current,none,neutral,osm,01|landmark|nav_command|neutral_short
8fe2128cd2a824de,dẫn đường đến Cầu Sông Lừ ở thành phố Hà Nội giúp tôi,landmark,bridge,Cầu Sông Lừ ở thành phố Hà Nội,osm_poi_way_1473881117,Hà Nội,,,,,,nav_command,nav_command_neutral_short_003,current+none+no_prefix+neutral,current,none,neutral,osm,01|landmark|nav_command|neutral_short
0398745d3c65e3ce,tới Đài tưởng niệm Chủ tịch Hồ Chí Minh (Đại Từ) ở thành phố Hà Nội đi ngả nào cho khỏi kẹt xe vậy,landmark,monument,Đài tưởng niệm Chủ tịch Hồ Chí Minh (Đại Từ) ở thành phố Hà Nội,osm_poi_way_1482440126,Hà Nội,,,,,,route_question,route_question_casual_long_007,current+none+no_prefix+casual,current,none,casual,osm,01|landmark|route_question|casual_long
492247d46dc02e88,đường nào tới Chợ Kim Lũ,landmark,market,Chợ Kim Lũ,osm_poi_way_1044297775,Hà Nội,,,,,,route_question,route_question_casual_short_002,current+none+no_prefix+casual,current,none,casual,osm,01|landmark|route_question|casual_short
bc594a419cbac67b,xin hỏi tuyến nào gần nhất tới Chợ Châu ở thành phố Hà Nội giúp tôi với ạ,landmark,market,Chợ Châu ở thành phố Hà Nội,osm_poi_way_1480749979,Hà Nội,,,,,,route_question,route_question_formal_medium_010,current+none+no_prefix+formal,current,none,formal,osm,01|landmark|route_question|formal_medium
552c82a00043bb25,cho tôi hỏi từ đây đến Bể bơi Dương Nội ở thành phố Hà Nội bao xa với,landmark,lake,Bể bơi Dương Nội ở thành phố Hà Nội,osm_poi_way_960054520,Hà Nội,,,,,,route_question,route_question_neutral_medium_010,current+none+no_prefix+neutral,current,none,neutral,osm,01|landmark|route_question|neutral_medium
8775ac60d2c27a4d,đi Tượng đài Phụ nữ Ba đảm đang ở thành phố Hà Nội lối nào,landmark,monument,Tượng đài Phụ nữ Ba đảm đang ở thành phố Hà Nội,osm_poi_node_3860801614,Hà Nội,,,,,,route_question,route_question_neutral_short_005,current+none+no_prefix+neutral,current,none,neutral,osm,01|landmark|route_question|neutral_short
0707e772a99d4cb0,"à ờ dò giúp mình Hồ điều hòa Phong Xá cái, mình chưa biết chỗ nào cả nha",landmark,lake,Hồ điều hòa Phong Xá,osm_poi_way_1475181252,Hà Nội,,,,,,search,search_casual_long_006,current+none+no_prefix+casual,current,none,casual,osm,01|landmark|search|casual_long
0d996e1c9310d7d4,tìm giùm Chợ Đêm Hàng Đào – Đồng Xuân,landmark,market,Chợ Đêm Hàng Đào – Đồng Xuân,osm_poi_node_4489385889,Hà Nội,,,,,,search,search_casual_short_008,current+none+no_prefix+casual,current,none,casual,osm,01|landmark|search|casual_short
89252d4572036382,xin tìm giúp Hồ Thiên Nga ở thành phố Hà Nội xin cảm ơn,landmark,lake,Hồ Thiên Nga ở thành phố Hà Nội,osm_poi_way_875161063,Hà Nội,,,,,,search,search_formal_medium_001,current+none+no_prefix+formal,current,none,formal,osm,01|landmark|search|formal_medium
bf1466591a0b8e20,cho tôi hỏi dò giúp tôi vị trí Chợ Vĩnh Tuy ở thành phố Hà Nội với,landmark,market,Chợ Vĩnh Tuy ở thành phố Hà Nội,osm_poi_way_1253565814,Hà Nội,,,,,,search,search_neutral_medium_007,current+none+no_prefix+neutral,current,none,neutral,osm,01|landmark|search|neutral_medium
b98658cecbfd97b0,kiếm giúp tôi chỗ Hồ Văn Quán ở thành phố Hà Nội,landmark,lake,Hồ Văn Quán ở thành phố Hà Nội,osm_poi_way_250707924,Hà Nội,,,,,,search,search_neutral_medium_010,current+none+no_prefix+neutral,current,none,neutral,osm,01|landmark|search|neutral_medium
ea3e9e533ec94e19,tìm giúp tôi Viglacera Community Market,landmark,market,Viglacera Community Market,osm_poi_way_479832688,Hà Nội,,,,,,search,search_neutral_short_001,current+none+no_prefix+neutral,current,none,neutral,osm,01|landmark|search|neutral_short
4bde52e81d7fe2b1,kiếm thử Vì lợi ích mười năm... ở thành phố Hà Nội nhé,landmark,monument,Vì lợi ích mười năm... ở thành phố Hà Nội,osm_poi_node_13595549341,Hà Nội,,,,,,search,search_neutral_short_009,current+none+no_prefix+neutral,current,none,neutral,osm,01|landmark|search|neutral_short
dd95b96de54066b9,"Chợ Cống ở thành phố Hà Nội á, chạy tới đó luôn đi",landmark,market,Chợ Cống ở thành phố Hà Nội,osm_poi_way_842611509,Hà Nội,,,,,,short_command,short_command_casual_long_004,current+none+no_prefix+casual,current,none,casual,osm,01|landmark|short_command|casual_long
06f7cbc1f9c09cc0,tấp vô Cầu bê một năm ở thành phố Hà Nội được không,landmark,bridge,Cầu bê một năm ở thành phố Hà Nội,osm_poi_way_1435815742,Hà Nội,,,,,,short_command,short_command_casual_short_006,current+cardinal+no_prefix+casual,current,cardinal,casual,osm,01|landmark|short_command|casual_short
2a2e60f359bf15f5,xin dừng lại ở Cầu Bông Lau ở tỉnh Hà Tây xin cảm ơn,landmark,bridge,Cầu Bông Lau ở tỉnh Hà Tây,osm_poi_way_1240931610,Hà Nội,,,,,,short_command,short_command_formal_medium_003,spoken_alias+none+no_prefix+formal,spoken_alias,none,formal,osm,01|landmark|short_command|formal_medium
0e51db02c4c15738,dừng lại ở Chợ Trung Tự ở thành phố Hà Nội với,landmark,market,Chợ Trung Tự ở thành phố Hà Nội,osm_poi_node_9976457533,Hà Nội,,,,,,short_command,short_command_neutral_medium_005,current+none+no_prefix+neutral,current,none,neutral,osm,01|landmark|short_command|neutral_medium
36c580ecedb25dcb,dừng Cầu Thăng Long ở thành phố Hà Nội,landmark,bridge,Cầu Thăng Long ở thành phố Hà Nội,osm_poi_way_1113091525,Hà Nội,,,,,,short_command,short_command_neutral_short_010,current+none+no_prefix+neutral,current,none,neutral,osm,01|landmark|short_command|neutral_short
f7d14d357c6c9601,"à từ đây qua Vườn hoa Đào Duy Anh có xa không ta, đi bộ được không",poi_other,park,Vườn hoa Đào Duy Anh,osm_poi_way_977375279,Hà Nội,,,,,,contextual,contextual_casual_long_003,current+none+no_prefix+casual,current,none,casual,osm,01|poi_other|contextual|casual_long
658fbf44c15428ac,gần đây có Chùa Chung Linh ở thành phố Hà Nội hông,poi_other,worship_place,Chùa Chung Linh ở thành phố Hà Nội,osm_poi_way_1549322185,Hà Nội,,,,,,contextual,contextual_casual_short_003,current+none+no_prefix+casual,current,none,casual,osm,01|poi_other|contextual|casual_short
16e1c77079b3db63,xin hỏi khu vực này gần Đền Núi Sưa không,poi_other,worship_place,Đền Núi Sưa,osm_poi_way_460267385,Hà Nội,,,,,,contextual,contextual_formal_medium_005,current+none+no_prefix+formal,current,none,formal,osm,01|poi_other|contextual|formal_medium
3f2717442d5e311b,cho hỏi chỗ mình đứng gần Đình Làng Thụ ở thành phố Hà Nội không,poi_other,worship_place,Đình Làng Thụ ở thành phố Hà Nội,osm_poi_node_4037219389,Hà Nội,,,,,,contextual,contextual_neutral_medium_008,current+none+no_prefix+neutral,current,none,neutral,osm,01|poi_other|contextual|neutral_medium
2d6c5796b94a29a5,khu này gần Đài tưởng niệm Liệt sĩ phường Lĩnh Nam ở thành phố Hà Nội không,poi_other,park,Đài tưởng niệm Liệt sĩ phường Lĩnh Nam ở thành phố Hà Nội,osm_poi_way_1533203887,Hà Nội,,,,,,contextual,contextual_neutral_short_009,current+none+no_prefix+neutral,current,none,neutral,osm,01|poi_other|contextual|neutral_short
c83ad904c72aab54,"cho hỏi cái cho mình hỏi cái, từ đây qua Đình chùa làng Xuân Thụ đi lối nào",poi_other,worship_place,Đình chùa làng Xuân Thụ,osm_poi_way_577203333,Hà Nội,,,,,,conversational,conversational_casual_long_003,current+none+no_prefix+casual,current,none,casual,osm,01|poi_other|conversational|casual_long
db91c19f746a455f,hỏi lối Chùa Lệ Mật ở thành phố Hà Nội,poi_other,worship_place,Chùa Lệ Mật ở thành phố Hà Nội,osm_poi_way_1144867249,Hà Nội,,,,,,conversational,conversational_casual_short_004,current+none+no_prefix+casual,current,none,casual,osm,01|poi_other|conversational|casual_short
89db42f181c3568b,tôi đang tìm đường đến Đình Đại Phùng ở thành phố Hà Nội xin cảm ơn,poi_other,worship_place,Đình Đại Phùng ở thành phố Hà Nội,osm_poi_way_1390007820,Hà Nội,,,,,,conversational,conversational_formal_medium_006,current+none+no_prefix+formal,current,none,formal,osm,01|poi_other|conversational|formal_medium
200cf011f07b6a8f,cho tôi hỏi đường đến Đình Hiếu Hiệp ở thành phố Hà Nội được không,poi_other,worship_place,Đình Hiếu Hiệp ở thành phố Hà Nội,osm_poi_way_1549322191,Hà Nội,,,,,,conversational,conversational_neutral_medium_001,current+none+no_prefix+neutral,current,none,neutral,osm,01|poi_other|conversational|neutral_medium
e123f692880b1e30,cho hỏi ngả tới Công viên Chà Là một,poi_other,park,Công viên Chà Là một,osm_poi_way_1148275990,Hà Nội,,,,,,conversational,conversational_neutral_short_009,current+digit_by_digit+no_prefix+neutral,current,digit_by_digit,neutral,osm,01|poi_other|conversational|neutral_short
7b6ca35b8978f752,"thế dẫn đường tới Đình làng Vĩnh Lộc ở thành phố Hà Nội giúp mình, đi đường tắt cũng được cái nhé",poi_other,worship_place,Đình làng Vĩnh Lộc ở thành phố Hà Nội,osm_poi_way_1480749967,Hà Nội,,,,,,nav_command,nav_command_casual_long_006,current+none+no_prefix+casual,current,none,casual,osm,01|poi_other|nav_command|casual_long
4d4d10c3406a76d9,chạy đến Đình làng Yên Duyên,poi_other,worship_place,Đình làng Yên Duyên,osm_poi_way_1372585241,Hà Nội,,,,,,nav_command,nav_command_casual_short_009,current+none+no_prefix+casual,current,none,casual,osm,01|poi_other|nav_command|casual_short
638ceb5d94b0f322,ghé Công viên Con Voi ở thành phố Hà Nội,poi_other,park,Công viên Con Voi ở thành phố Hà Nội,osm_poi_way_839675222,Hà Nội,,,,,,nav_command,nav_command_casual_short_007,current+none+no_prefix+casual,current,none,casual,osm,01|poi_other|nav_command|casual_short
bb2b737c1b3ae69d,nhờ dẫn đường giúp tôi tới Công viên Bắc Linh Đàm ở thành phố Hà Nội được không ạ,poi_other,park,Công viên Bắc Linh Đàm ở thành phố Hà Nội,osm_poi_way_217341345,Hà Nội,,,,,,nav_command,nav_command_formal_medium_007,current+none+no_prefix+formal,current,none,formal,osm,01|poi_other|nav_command|formal_medium
a14c3934e96c7301,cho hỏi chỉ giúp lối đi đến Vườn hoa Phùng Hưng,poi_other,park,Vườn hoa Phùng Hưng,osm_poi_way_942762464,Hà Nội,,,,,,nav_command,nav_command_neutral_medium_010,current+none+no_prefix+neutral,current,none,neutral,osm,01|poi_other|nav_command|neutral_medium
084afffac6842d88,cho tôi hỏi chỉ tuyến đường đến Đền Mẫu Đầm Sen ở thành phố Hà Nội được không,poi_other,worship_place,Đền Mẫu Đầm Sen ở thành phố Hà Nội,osm_poi_way_1144130583,Hà Nội,,,,,,nav_command,nav_command_neutral_medium_007,current+none+no_prefix+neutral,current,none,neutral,osm,01|poi_other|nav_command|neutral_medium
3a5b1a17a64e1365,chỉ đường đến Đình thôn Tiền ở thành phố Hà Nội,poi_other,worship_place,Đình thôn Tiền ở thành phố Hà Nội,osm_poi_way_1547591310,Hà Nội,,,,,,nav_command,nav_command_neutral_short_001,current+none+no_prefix+neutral,current,none,neutral,osm,01|poi_other|nav_command|neutral_short
dfb499c59ad757a6,đưa đường đến Xí nghiệp Chế tạo Thiết bị Hàng không với,poi_other,industrial_zone,Xí nghiệp Chế tạo Thiết bị Hàng không,osm_poi_way_1514689935,Hà Nội,,,,,,nav_command,nav_command_neutral_short_008,current+none+no_prefix+neutral,current,none,neutral,osm,01|poi_other|nav_command|neutral_short
f22f8b50db781655,"muốn qua Đình chùa làng Xuân Thụ ở thành phố Hà Nội mà không biết đi lối nào, chỉ mình cái",poi_other,worship_place,Đình chùa làng Xuân Thụ ở thành phố Hà Nội,osm_poi_way_577203333,Hà Nội,,,,,,route_question,route_question_casual_long_002,current+none+no_prefix+casual,current,none,casual,osm,01|poi_other|route_question|casual_long
f2ea44b7ef0f847f,tới Điện Huy Văn sao đây đi mà,poi_other,worship_place,Điện Huy Văn,osm_poi_way_1287926795,Hà Nội,,,,,,route_question,route_question_casual_short_003,current+none+no_prefix+casual,current,none,casual,osm,01|poi_other|route_question|casual_short
37ab582d224dd468,xin hỏi từ chỗ này đến Cung văn hóa thiếu nhi đi hướng nào,poi_other,park,Cung văn hóa thiếu nhi,osm_poi_node_8985647127,Hà Nội,,,,,,route_question,route_question_formal_medium_006,current+none+no_prefix+formal,current,none,formal,osm,01|poi_other|route_question|formal_medium
e592266c7686c994,từ đây đến Đình Chung bao xa được không,poi_other,worship_place,Đình Chung,osm_poi_way_1157172128,Hà Nội,,,,,,route_question,route_question_neutral_medium_010,current+none+no_prefix+neutral,current,none,neutral,osm,01|poi_other|route_question|neutral_medium
1d4cea44252147d2,Chùa Tam Thanh đi hướng nào,poi_other,worship_place,Chùa Tam Thanh,osm_poi_way_647397133,Hà Nội,,,,,,route_question,route_question_neutral_short_006,current+none+no_prefix+neutral,current,none,neutral,osm,01|poi_other|route_question|neutral_short
2a0a2d8e272f4cd2,"ơ dò giúp mình Chùa Phúc Long cái, mình chưa biết chỗ nào cả",poi_other,worship_place,Chùa Phúc Long,osm_poi_way_1231813013,Hà Nội,,,,,,search,search_casual_long_006,current+none+no_prefix+casual,current,none,casual,osm,01|poi_other|search|casual_long
62949b6694c3ecbb,kiếm Công ty Cổ phần Dịch vụ Viễn thông và In Bưu điện nha,poi_other,industrial_zone,Công ty Cổ phần Dịch vụ Viễn thông và In Bưu điện,osm_poi_way_1222728105,Hà Nội,,,,,,search,search_casual_short_002,current+none+no_prefix+casual,current,none,casual,osm,01|poi_other|search|casual_short
05787aca5ff537ce,làm ơn cho hỏi nhờ tìm giúp vị trí Đình Thổ Quan ở thành phố Hà Nội xin cảm ơn,poi_other,worship_place,Đình Thổ Quan ở thành phố Hà Nội,osm_poi_way_1287926779,Hà Nội,,,,,,search,search_formal_medium_002,current+none+no_prefix+formal,current,none,formal,osm,01|poi_other|search|formal_medium
001ced263fddae00,tìm hộ tôi vị trí lờ a nờ dê mờ a rờ ca bảy mươi hai Garden,poi_other,park,lờ a nờ dê mờ a rờ ca bảy mươi hai Garden,osm_poi_way_1327204797,Hà Nội,,,,,,search,search_neutral_medium_006,current+cardinal+no_prefix+neutral,current,cardinal,neutral,osm,01|poi_other|search|neutral_medium
01ec76c326784ee4,dò giúp tôi vị trí Công ty CP Thực phẩm Hữu Nghị với,poi_other,industrial_zone,Công ty CP Thực phẩm Hữu Nghị,osm_poi_way_1478743360,Hà Nội,,,,,,search,search_neutral_medium_007,current+none+no_prefix+neutral,current,none,neutral,osm,01|poi_other|search|neutral_medium
7d7ca546dd5b8812,kiếm giúp ĐỊA ĐIỂM LƯU LIỆM ĐỒNG CHÍ LÊ VĂN LƯƠNG với,poi_other,worship_place,ĐỊA ĐIỂM LƯU LIỆM ĐỒNG CHÍ LÊ VĂN LƯƠNG,osm_poi_node_13347246617,Hà Nội,,,,,,search,search_neutral_short_003,current+none+no_prefix+neutral,current,none,neutral,osm,01|poi_other|search|neutral_short
3db5b399ebb32bb3,tìm Đình Ngọc Khánh ở thành phố Hà Nội nhé,poi_other,worship_place,Đình Ngọc Khánh ở thành phố Hà Nội,osm_poi_way_200130250,Hà Nội,,,,,,search,search_neutral_short_002,current+none+no_prefix+neutral,current,none,neutral,osm,01|poi_other|search|neutral_short
b730e620e334bf40,"ờ chỗ đó, Công viên Đầm Sòi ấy, vòng qua đó cái",poi_other,park,Công viên Đầm Sòi,osm_poi_way_1547651214,Hà Nội,,,,,,short_command,short_command_casual_long_009,current+none+no_prefix+casual,current,none,casual,osm,01|poi_other|short_command|casual_long
555683d06e09722b,tấp vô Đình làng Lã Côi nha,poi_other,worship_place,Đình làng Lã Côi,osm_poi_way_499096665,Hà Nội,,,,,,short_command,short_command_casual_short_006,current+none+no_prefix+casual,current,none,casual,osm,01|poi_other|short_command|casual_short
2f199d3764acf68f,xin rẽ vào Chùa Bồ Đề ở thành phố Hà Nội,poi_other,worship_place,Chùa Bồ Đề ở thành phố Hà Nội,osm_poi_node_7676180461,Hà Nội,,,,,,short_command,short_command_formal_medium_006,current+none+no_prefix+formal,current,none,formal,osm,01|poi_other|short_command|formal_medium
081c948850b0fb9a,cho hỏi cho xe chạy đến Nhà thờ tổ họ Ngô Phù Khê ở thành phố Hà Nội,poi_other,worship_place,Nhà thờ tổ họ Ngô Phù Khê ở thành phố Hà Nội,osm_poi_node_13567106045,Hà Nội,,,,,,short_command,short_command_neutral_medium_001,current+none+no_prefix+neutral,current,none,neutral,osm,01|poi_other|short_command|neutral_medium
6e3cb1cba421bccf,rẽ Công viên Âm nhạc Đô Nghĩa,poi_other,park,Công viên Âm nhạc Đô Nghĩa,osm_poi_way_770328960,Hà Nội,,,,,,short_command,short_command_neutral_short_009,current+none+no_prefix+neutral,current,none,neutral,osm,01|poi_other|short_command|neutral_short
b809263d4edb1a0b,"ơ quanh đây có khách sạn nào gần Ủy ban nhân dân xã Bát Tràng không, chỉ mình với",public_facility,government_office,Ủy ban nhân dân xã Bát Tràng,osm_poi_way_244378180,Hà Nội,,,,,,contextual,contextual_casual_long_002,current+none+no_prefix+casual,current,none,casual,osm,01|public_facility|contextual|casual_long
01d0bd6a870bb23e,gần Trường Tiểu học Tứ Liên vậy hông,public_facility,school,Trường Tiểu học Tứ Liên,osm_poi_way_957814757,Hà Nội,,,,,,contextual,contextual_casual_short_007,current+none+no_prefix+casual,current,none,casual,osm,01|public_facility|contextual|casual_short
61e1ba56ef05147e,cho tôi hỏi một chút xin hỏi chỗ này có gần Trường Tiểu học Thanh Trì ở thành phố Hà Nội không,public_facility,school,Trường Tiểu học Thanh Trì ở thành phố Hà Nội,osm_poi_way_1153641568,Hà Nội,,,,,,contextual,contextual_formal_medium_002,current+none+no_prefix+formal,current,none,formal,osm,01|public_facility|contextual|formal_medium
fb2d40b6168b5079,vị trí này gần Cục Bà mẹ và Trẻ em ở thành phố Hà Nội không,public_facility,government_office,Cục Bà mẹ và Trẻ em ở thành phố Hà Nội,osm_poi_node_12089194915,Hà Nội,,,,,,contextual,contextual_neutral_medium_010,current+none+no_prefix+neutral,current,none,neutral,osm,01|public_facility|contextual|neutral_medium
34c02617d40bf525,Trường Mầm non Phật Tích ở gần không,public_facility,school,Trường Mầm non Phật Tích,osm_poi_way_1387027653,Hà Nội,,,,,,contextual,contextual_neutral_short_010,current+none+no_prefix+neutral,current,none,neutral,osm,01|public_facility|contextual|neutral_short
85e98cd77a26245f,"mình không rành đường ở đây, chỉ mình tới Thuế cơ sở năm thành phố Hà Nội với",public_facility,government_office,Thuế cơ sở năm thành phố Hà Nội,osm_poi_way_784380208,Hà Nội,,,,,,conversational,conversational_casual_long_008,current+cardinal+no_prefix+casual,current,cardinal,casual,osm,01|public_facility|conversational|casual_long
11cabad190c8488d,hỏi đường Đại học Công nghệ đi,public_facility,university,Đại học Công nghệ,osm_poi_node_11609443061,Hà Nội,,,,,,conversational,conversational_casual_short_001,current+none+no_prefix+casual,current,none,casual,osm,01|public_facility|conversational|casual_short
7aafd09d59bf4472,biết đường Trường Trung học cơ sở Liên Ninh không,public_facility,school,Trường Trung học cơ sở Liên Ninh,osm_poi_way_1156580292,Hà Nội,,,,,,conversational,conversational_casual_short_002,current+none+no_prefix+casual,current,none,casual,osm,01|public_facility|conversational|casual_short
856f9098016e3f9e,làm ơn cho hỏi tôi xin hỏi hướng đi đến Trường Tiểu học Tam Trinh (điểm hai,public_facility,school,Trường Tiểu học Tam Trinh (điểm hai,osm_poi_way_1181062129,Hà Nội,,,,,,conversational,conversational_formal_medium_009,current+cardinal+no_prefix+formal,current,cardinal,formal,osm,01|public_facility|conversational|formal_medium
42525ba768a8d631,tôi muốn hỏi đường tới Viện Kiểm sát nhân dân tỉnh Vĩnh Phúc được không,public_facility,government_office,Viện Kiểm sát nhân dân tỉnh Vĩnh Phúc,osm_poi_way_1171478075,Hà Nội,,,,,,conversational,conversational_neutral_medium_003,current+none+no_prefix+neutral,current,none,neutral,osm,01|public_facility|conversational|neutral_medium
cc92e211be34b3ed,cho mình hỏi cho tôi hỏi đường đến Trường Đại học Công nghiệp và Thương mại Hà Nội,public_facility,university,Trường Đại học Công nghiệp và Thương mại Hà Nội,osm_poi_way_1057877968,Hà Nội,,,,,,conversational,conversational_neutral_medium_001,current+none+no_prefix+neutral,current,none,neutral,osm,01|public_facility|conversational|neutral_medium
303b2a084b60107f,cho hỏi hướng Bệnh viện Tâm thần Hà Nội ở thành phố Hà Nội với,public_facility,hospital,Bệnh viện Tâm thần Hà Nội ở thành phố Hà Nội,osm_poi_way_942415496,Hà Nội,,,,,,conversational,conversational_neutral_short_005,current+none+no_prefix+neutral,current,none,neutral,osm,01|public_facility|conversational|neutral_short
0c0c84c85b1f4a4d,cho hỏi hướng Phòng Thi hành án dân sự khu vực năm - Hà Nội,public_facility,government_office,Phòng Thi hành án dân sự khu vực năm - Hà Nội,osm_poi_way_1144867256,Hà Nội,,,,,,conversational,conversational_neutral_short_005,current+digit_by_digit+no_prefix+neutral,current,digit_by_digit,neutral,osm,01|public_facility|conversational|neutral_short
90f055754fbe70d9,"ơ dẫn mình tới Trạm Y tế phường Dịch Vọng với, mình không rành đường lắm giúp mình",public_facility,hospital,Trạm Y tế phường Dịch Vọng,osm_poi_way_1251028877,Hà Nội,,,,,,nav_command,nav_command_casual_long_002,current+none+no_prefix+casual,current,none,casual,osm,01|public_facility|nav_command|casual_long
dd469fb092d7b062,"chỉ đường tới Trường Trung học cơ sở Khương Thượng (phân hiệu hai ở thành phố Hà Nội với, mình chạy xe máy thôi nha",public_facility,school,Trường Trung học cơ sở Khương Thượng (phân hiệu hai ở thành phố Hà Nội,osm_poi_way_916879506,Hà Nội,,,,,,nav_command,nav_command_casual_long_005,current+cardinal+no_prefix+casual,current,cardinal,casual,osm,01|public_facility|nav_command|casual_long
d11fa67e70eb0c2c,qua Trường Tiểu học Tây Mỗ ba giúp mình,public_facility,school,Trường Tiểu học Tây Mỗ ba,osm_poi_way_1313027039,Hà Nội,,,,,,nav_command,nav_command_casual_short_003,current+cardinal+no_prefix+casual,current,cardinal,casual,osm,01|public_facility|nav_command|casual_short
dd2701ce9002a12c,qua Phòng Thi hành án dân sự khu vực bảy - Hà Nội giúp mình,public_facility,government_office,Phòng Thi hành án dân sự khu vực bảy - Hà Nội,osm_poi_way_1266777113,Hà Nội,,,,,,nav_command,nav_command_casual_short_003,current+digit_by_digit+no_prefix+casual,current,digit_by_digit,casual,osm,01|public_facility|nav_command|casual_short
a154221a34f0ad50,làm ơn cho hỏi mong chỉ giúp tuyến đường đến Trường Tiểu học Nghĩa Tân ở thành phố Hà Nội giúp tôi với ạ,public_facility,school,Trường Tiểu học Nghĩa Tân ở thành phố Hà Nội,osm_poi_way_953738009,Hà Nội,,,,,,nav_command,nav_command_formal_medium_009,current+none+no_prefix+formal,current,none,formal,osm,01|public_facility|nav_command|formal_medium
878d7f3318e96ccc,cho tôi hỏi một chút xin được chỉ đường đi tới Vụ Thông tin Báo chí ở thành phố Hà Nội giúp tôi với ạ,public_facility,government_office,Vụ Thông tin Báo chí ở thành phố Hà Nội,osm_poi_node_12084456820,Hà Nội,,,,,,nav_command,nav_command_formal_medium_010,current+none+no_prefix+formal,current,none,formal,osm,01|public_facility|nav_command|formal_medium
3a37de697cfcc553,thế dẫn giúp đường tới Trường Tiểu học Yên Nghĩa (Phân khu B) ở thành phố Hà Nội,public_facility,school,Trường Tiểu học Yên Nghĩa (Phân khu B) ở thành phố Hà Nội,osm_poi_way_1462487285,Hà Nội,,,,,,nav_command,nav_command_neutral_medium_006,current+none+no_prefix+neutral,current,none,neutral,osm,01|public_facility|nav_command|neutral_medium
490f60087c94405f,cho tôi hỏi chỉ giúp lối đi đến Trạm Y tế phường Xuân Lâm ở thành phố Hà Nội với,public_facility,hospital,Trạm Y tế phường Xuân Lâm ở thành phố Hà Nội,osm_poi_way_1429026430,Hà Nội,,,,,,nav_command,nav_command_neutral_medium_010,current+none+no_prefix+neutral,current,none,neutral,osm,01|public_facility|nav_command|neutral_medium
29f42fca59c326e4,à chỉ đường đi tới Trường Trung học phổ thông Minh Hà ở thành phố Hà Nội,public_facility,school,Trường Trung học phổ thông Minh Hà ở thành phố Hà Nội,osm_poi_way_1149375429,Hà Nội,,,,,,nav_command,nav_command_neutral_medium_004,current+none+no_prefix+neutral,current,none,neutral,osm,01|public_facility|nav_command|neutral_medium
9a7daeb3827a51d9,chỉ đường tới Trường Tiểu học Thọ An ở thành phố Hà Nội,public_facility,school,Trường Tiểu học Thọ An ở thành phố Hà Nội,osm_poi_way_1274566027,Hà Nội,,,,,,nav_command,nav_command_neutral_short_002,current+none+no_prefix+neutral,current,none,neutral,osm,01|public_facility|nav_command|neutral_short
b95b0bac96f2588d,tìm đường đến Bệnh viện Đa khoa Y học cổ truyền Hà Nội ở thành phố Hà Nội,public_facility,hospital,Bệnh viện Đa khoa Y học cổ truyền Hà Nội ở thành phố Hà Nội,osm_poi_way_942415511,Hà Nội,,,,,,nav_command,nav_command_neutral_short_004,current+none+no_prefix+neutral,current,none,neutral,osm,01|public_facility|nav_command|neutral_short
ba22cf7f0e07e6cc,chỉ lối đến Trường Tiểu học Lê Văn Tám,public_facility,school,Trường Tiểu học Lê Văn Tám,osm_poi_way_840613321,Hà Nội,,,,,,nav_command,nav_command_neutral_short_006,current+none+no_prefix+neutral,current,none,neutral,osm,01|public_facility|nav_command|neutral_short
27b2f5cd5fef32ab,"từ đây tới Sở Nội vụ thành phố Hà Nội xa không, đi đường nào cho gần đi mà",public_facility,government_office,Sở Nội vụ thành phố Hà Nội,osm_poi_way_1076529295,Hà Nội,,,,,,route_question,route_question_casual_long_005,current+none+no_prefix+casual,current,none,casual,osm,01|public_facility|route_question|casual_long
7cc05d5e7a22760f,đi sao tới Trường Trung học cơ sở Sơn Đồng đi mà,public_facility,school,Trường Trung học cơ sở Sơn Đồng,osm_poi_way_645296160,Hà Nội,,,,,,route_question,route_question_casual_short_010,current+none+no_prefix+casual,current,none,casual,osm,01|public_facility|route_question|casual_short
5dcec2d52eec8b2d,Cục Địa chất và Khoáng sản Việt Nam ở thành phố Hà Nội đường nào thế,public_facility,government_office,Cục Địa chất và Khoáng sản Việt Nam ở thành phố Hà Nội,osm_poi_way_838172052,Hà Nội,,,,,,route_question,route_question_casual_short_008,current+none+no_prefix+casual,current,none,casual,osm,01|public_facility|route_question|casual_short
3e488f3aa8dffb33,xin hỏi từ đây tới Trường Tiểu Học Long Hưng đi lối nào ạ,public_facility,school,Trường Tiểu Học Long Hưng,osm_poi_node_2701030883,Hà Nội,,,,,,route_question,route_question_formal_medium_003,current+none+no_prefix+formal,current,none,formal,osm,01|public_facility|route_question|formal_medium
73a7dbb1c073b331,đường nào gần nhất đến Hội đồng Nhân dân - Ủy ban Nhân dân phường Tiên Du nhé,public_facility,government_office,Hội đồng Nhân dân - Ủy ban Nhân dân phường Tiên Du,osm_poi_way_1491569271,Hà Nội,,,,,,route_question,route_question_neutral_medium_004,current+none+no_prefix+neutral,current,none,neutral,osm,01|public_facility|route_question|neutral_medium
d0bd2513d1bd8cfa,đi Trường Trung học cơ sở Đức Giang đường nào nhanh nhất giúp tôi,public_facility,school,Trường Trung học cơ sở Đức Giang,osm_poi_way_863797894,Hà Nội,,,,,,route_question,route_question_neutral_medium_005,current+none+no_prefix+neutral,current,none,neutral,osm,01|public_facility|route_question|neutral_medium
15c72537b339d017,đến Trường Tiểu học Dũng Liệt đi đường nào,public_facility,school,Trường Tiểu học Dũng Liệt,osm_poi_way_1540197529,Hà Nội,,,,,,route_question,route_question_neutral_short_001,current+none+no_prefix+neutral,current,none,neutral,osm,01|public_facility|route_question|neutral_short
b04ac71b196cc214,đến UBND phường Thuỵ Phương lối nào vậy,public_facility,government_office,UBND phường Thuỵ Phương,osm_poi_way_975967886,Hà Nội,,,,,,route_question,route_question_neutral_short_008,current+none+no_prefix+neutral,current,none,neutral,osm,01|public_facility|route_question|neutral_short
bfcef56e91d0ff5b,"à dò giúp mình Bộ Xây dựng ở thành phố Hà Nội cái, mình chưa biết chỗ nào cả đi mà",public_facility,government_office,Bộ Xây dựng ở thành phố Hà Nội,osm_poi_way_228075538,Hà Nội,,,,,,search,search_casual_long_006,current+none+no_prefix+casual,current,none,casual,osm,01|public_facility|search|casual_long
61cfda3ce5098304,kiếm giùm Bệnh viện Bệnh nhiệt đới Trung ương (cơ sở hai cái nhé,public_facility,hospital,Bệnh viện Bệnh nhiệt đới Trung ương (cơ sở hai,osm_poi_way_951487924,Hà Nội,,,,,,search,search_casual_short_007,current+cardinal+no_prefix+casual,current,cardinal,casual,osm,01|public_facility|search|casual_short
55dd6bd40aafd31a,mò tìm Trường Tiểu học Đức Thượng ở thành phố Hà Nội đi mà,public_facility,school,Trường Tiểu học Đức Thượng ở thành phố Hà Nội,osm_poi_way_1296054195,Hà Nội,,,,,,search,search_casual_short_010,current+none+no_prefix+casual,current,none,casual,osm,01|public_facility|search|casual_short
67faf3798dc0d4af,cho tôi hỏi một chút mong tìm giúp Trường Tiểu học Yên Thường ở tỉnh Hà Tây được không ạ,public_facility,school,Trường Tiểu học Yên Thường ở tỉnh Hà Tây,osm_poi_way_661138420,Hà Nội,,,,,,search,search_formal_medium_004,spoken_alias+none+no_prefix+formal,spoken_alias,none,formal,osm,01|public_facility|search|formal_medium
cf84192075d02d4e,này kiếm hộ tôi Bệnh viện Đa khoa Sóc Sơn ở thành phố Hà Nội,public_facility,hospital,Bệnh viện Đa khoa Sóc Sơn ở thành phố Hà Nội,osm_poi_way_944109877,Hà Nội,,,,,,search,search_neutral_medium_005,current+none+no_prefix+neutral,current,none,neutral,osm,01|public_facility|search|neutral_medium
daefa55f3acf33a1,kiếm hộ tôi Trường THPT Ngô Gia Tự giúp tôi,public_facility,school,Trường THPT Ngô Gia Tự,osm_poi_node_13520226069,Hà Nội,,,,,,search,search_neutral_medium_005,current+none+no_prefix+neutral,current,none,neutral,osm,01|public_facility|search|neutral_medium
b8316a635b099f3c,kiếm chỗ Trường Trung học phổ thông Khương Đình ở thành phố Hà Nội,public_facility,school,Trường Trung học phổ thông Khương Đình ở thành phố Hà Nội,osm_poi_way_941450647,Hà Nội,,,,,,search,search_neutral_short_006,current+none+no_prefix+neutral,current,none,neutral,osm,01|public_facility|search|neutral_short
72de0fbe76bfddc7,dò giúp Ủy ban nhân dân xã Đan Phượng ở thành phố Hà Nội,public_facility,government_office,Ủy ban nhân dân xã Đan Phượng ở thành phố Hà Nội,osm_poi_way_955951946,Hà Nội,,,,,,search,search_neutral_short_010,current+none+no_prefix+neutral,current,none,neutral,osm,01|public_facility|search|neutral_short
560eefec70a4c679,"chỗ đó ấy, Bảo hiểm xã hội huyện Sóc Sơn ở thành phố Hà Nội ấy, chạy qua đó cái",public_facility,government_office,Bảo hiểm xã hội huyện Sóc Sơn ở thành phố Hà Nội,osm_poi_way_1024232146,Hà Nội,,,,,,short_command,short_command_casual_long_001,current+none+no_prefix+casual,current,none,casual,osm,01|public_facility|short_command|casual_long
c4bd4984e23b0652,tới Trường Tiểu học Vinschool Smart City ở thành phố Hà Nội đi,public_facility,school,Trường Tiểu học Vinschool Smart City ở thành phố Hà Nội,osm_poi_way_1388569280,Hà Nội,,,,,,short_command,short_command_casual_short_004,current+none+no_prefix+casual,current,none,casual,osm,01|public_facility|short_command|casual_short
ad8a9776e3361f43,xin phép hỏi xin đưa tôi đến Đảng ủy - HĐND - UBND - Ủy ban MTTQ phường Trang Hạ,public_facility,government_office,Đảng ủy - HĐND - UBND - Ủy ban MTTQ phường Trang Hạ,osm_poi_way_1348720000,Hà Nội,,,,,,short_command,short_command_formal_medium_001,current+none+no_prefix+formal,current,none,formal,osm,01|public_facility|short_command|formal_medium
e3874465ce05ed1c,à dừng lại ở Trường Cao đẳng Điện lực Miền Bắc - cơ sở Yên Viên,public_facility,university,Trường Cao đẳng Điện lực Miền Bắc - cơ sở Yên Viên,osm_poi_way_659860832,Hà Nội,,,,,,short_command,short_command_neutral_medium_005,current+none+no_prefix+neutral,current,none,neutral,osm,01|public_facility|short_command|neutral_medium
5d9059e9ae9072b1,ờ ghé ngang Đảng ủy - HĐND - UBND xã Trung Nghĩa ở thành phố Hà Nội,public_facility,government_office,Đảng ủy - HĐND - UBND xã Trung Nghĩa ở thành phố Hà Nội,osm_poi_way_1477395628,Hà Nội,,,,,,short_command,short_command_neutral_medium_008,current+none+no_prefix+neutral,current,none,neutral,osm,01|public_facility|short_command|neutral_medium
91138c3557d00e1e,qua Trường Tiểu học Vinschool Smart City ở thành phố Hà Nội,public_facility,school,Trường Tiểu học Vinschool Smart City ở thành phố Hà Nội,osm_poi_way_1388569280,Hà Nội,,,,,,short_command,short_command_neutral_short_005,current+none+no_prefix+neutral,current,none,neutral,osm,01|public_facility|short_command|neutral_short
56bcc99fe98811e1,ghé Trường Trung học phổ thông Cổ Loa,public_facility,school,Trường Trung học phổ thông Cổ Loa,osm_poi_way_554202135,Hà Nội,,,,,,short_command,short_command_neutral_short_006,current+none+no_prefix+neutral,current,none,neutral,osm,01|public_facility|short_command|neutral_short
14f52b7f0555a6e6,"ơ à khu này gần Ngã Ba Nguyễn Đình Thi - Trích Sài - Văn Cao ở thành phố Hà Nội không vậy, hay phải đi xa lắm giúp mình",street,street,Ngã Ba Nguyễn Đình Thi - Trích Sài - Văn Cao ở thành phố Hà Nội,osm_street_way_1166038399,Hà Nội,,,,Ngã Ba Nguyễn Đình Thi - Trích Sài - Văn Cao,,contextual,contextual_casual_long_004,current+none+no_prefix+casual,current,none,casual,osm,01|street|contextual|casual_long
98879c661439f522,"cho hỏi cái chỗ này có gần ba sáu Gamuda Garden không ta, hay là xa lắm được không",street,street,ba sáu Gamuda Garden,osm_street_way_601446410,Hà Nội,,,,Đường 3.6 Gamuda Garden,,contextual,contextual_casual_long_001,current+digit_by_digit+no_prefix+casual,current,digit_by_digit,casual,osm,01|street|contextual|casual_long
07ae1e36bdd8dcc1,Chúc Sơn gần hông,street,highway,Chúc Sơn,osm_street_way_601902115,Hà Nội,,,,Đường Chúc Sơn,,contextual,contextual_casual_short_002,current+none+no_prefix+casual,current,none,casual,osm,01|street|contextual|casual_short
41dfd841059dc259,gần đây có Ô Diên hông,street,highway,Ô Diên,osm_street_way_489008247,Hà Nội,,,,Đường Ô Diên,,contextual,contextual_casual_short_003,current+none+no_prefix+casual,current,none,casual,osm,01|street|contextual|casual_short
1518124fdf35eac8,xin cho hỏi xin hỏi khu này có gần phố Cầu Đá Lễ Pháp ở thành phố Hà Nội không,street,street,phố Cầu Đá Lễ Pháp ở thành phố Hà Nội,osm_street_way_896570041,Hà Nội,,,,Cầu Đá Lễ Pháp,,contextual,contextual_formal_medium_001,current+none+prefix+formal,current,none,formal,osm,01|street|contextual|formal_medium
91f525a31ec336b4,làm ơn cho hỏi xin hỏi khu vực này gần ngách ba ba năm xuyệt bốn đường An Dương Vương không ạ,street,street,ngách ba ba năm xuyệt bốn đường An Dương Vương,osm_street_way_684511328,Hà Nội,,,,Ngách 335/4 Đường An Dương Vương,,contextual,contextual_formal_medium_005,current+mixed+prefix+formal,current,mixed,formal,osm,01|street|contextual|formal_medium
1128f1a541f01e6e,cho hỏi quanh đây có gần ngách một xuyệt chín mươi hai phố Văn Hội không,street,street,ngách một xuyệt chín mươi hai phố Văn Hội,osm_street_way_892198816,Hà Nội,,,,Ngách 1/92 Phố Văn Hội,,contextual,contextual_neutral_medium_002,current+mixed+prefix+neutral,current,mixed,neutral,osm,01|street|contextual|neutral_medium
aee856f76dbaddde,cho mình hỏi thế chỗ này có gần đường An Thọ ở thành phố Hà Nội không,street,street,đường An Thọ ở thành phố Hà Nội,osm_street_way_601439656,Hà Nội,,,,Đường An Thọ,,contextual,contextual_neutral_medium_001,current+none+prefix+neutral,current,none,neutral,osm,01|street|contextual|neutral_medium
a3c6f8834776ace3,cho hỏi đoạn này có gần đường Hồ Đền Lừ không,street,street,đường Hồ Đền Lừ,osm_street_way_599229167,Hà Nội,,,,Đường Hồ Đền Lừ,,contextual,contextual_neutral_medium_007,current+none+prefix+neutral,current,none,neutral,osm,01|street|contextual|neutral_medium
2af782d648a719c7,ngách một trăm chín mươi lăm xuyệt mười sáu phố Vũ Xuân Thiều ở gần không,street,street,ngách một trăm chín mươi lăm xuyệt mười sáu phố Vũ Xuân Thiều,osm_street_way_601897221,Hà Nội,,,,Ngách 195/16 phố Vũ Xuân Thiều,,contextual,contextual_neutral_short_010,current+cardinal+prefix+neutral,current,cardinal,neutral,osm,01|street|contextual|neutral_short
b450349ff19aa62d,gần đây có ngõ một trăm mười sáu Tuyến Số một không,street,street,ngõ một trăm mười sáu Tuyến Số một,osm_street_way_949022306,Hà Nội,,,,Ngõ 116 Tuyến Số 1,,contextual,contextual_neutral_short_002,current+cardinal+prefix+neutral,current,cardinal,neutral,osm,01|street|contextual|neutral_short
9d9538249369e62a,ngõ hai trăm hai mươi bảy đường Thạch Bàn có xa không,street,street,ngõ hai trăm hai mươi bảy đường Thạch Bàn,osm_street_way_601459056,Hà Nội,,,,Ngõ 227 Đường Thạch Bàn,,contextual,contextual_neutral_short_007,current+cardinal+prefix+neutral,current,cardinal,neutral,osm,01|street|contextual|neutral_short
28bc7081d443cb8e,"à cho mình hỏi, đi bộ tới phố Viềng B ở thành phố Hà Nội được không",street,street,phố Viềng B ở thành phố Hà Nội,osm_street_way_577345826,Hà Nội,,,,Phố Viềng B,,conversational,conversational_casual_long_007,current+none+prefix+casual,current,none,casual,osm,01|street|conversational|casual_long
0798aee66f2d4ee7,"thế cho mình hỏi, đi bộ tới Lối vào sảnh toà tê mười tám và pê năm được không",street,street,Lối vào sảnh toà tê mười tám và pê năm,osm_street_way_589521901,Hà Nội,,,,Lối vào sảnh toà T18 và P5,,conversational,conversational_casual_long_007,current+cardinal+no_prefix+casual,current,cardinal,casual,osm,01|street|conversational|casual_long
0dfedbbd2a8c0cec,đường ngõ bốn sáu a Phạm Ngọc Thạch sao,street,street,ngõ bốn sáu a Phạm Ngọc Thạch,osm_street_way_1391732618,Hà Nội,,,,Ngõ 46A Phạm Ngọc Thạch,,conversational,conversational_casual_short_005,current+digit_by_digit+prefix+casual,current,digit_by_digit,casual,osm,01|street|conversational|casual_short
b047400eecb27bdf,hỏi tí đường Nguyễn Du được không,street,street,Nguyễn Du,osm_street_way_297050781,Hà Nội,,,,Phố Nguyễn Du,,conversational,conversational_casual_short_008,current+none+no_prefix+casual,current,none,casual,osm,01|street|conversational|casual_short
9da468c3067519f0,đường Cầu Giấy ở thành phố Hà Nội sao,street,highway,Cầu Giấy ở thành phố Hà Nội,osm_street_way_157394828,Hà Nội,,,,Cầu Giấy,,conversational,conversational_casual_short_005,current+none+no_prefix+casual,current,none,casual,osm,01|street|conversational|casual_short
290c4dca51f0ce02,tôi xin hỏi hướng đi đến ngõ ba mươi bảy phố Vũ Đình Tụng,street,street,ngõ ba mươi bảy phố Vũ Đình Tụng,osm_street_way_384534351,Hà Nội,,,,Ngõ 37 Phố Vũ Đình Tụng,,conversational,conversational_formal_medium_009,current+cardinal+prefix+formal,current,cardinal,formal,osm,01|street|conversational|formal_medium
ad1252623cf528eb,làm ơn cho hỏi tôi xin phép hỏi đường tới ngách hai trăm tám mươi ba xuyệt ba mươi mốt thôn Trung ở thành phố Hà Nội ạ,street,street,ngách hai trăm tám mươi ba xuyệt ba mươi mốt thôn Trung ở thành phố Hà Nội,osm_street_way_954143328,Hà Nội,,,,Ngách 283/31 thôn Trung,,conversational,conversational_formal_medium_005,current+cardinal+prefix+formal,current,cardinal,formal,osm,01|street|conversational|formal_medium
641e014d7268c6cc,tôi muốn hỏi đường tới ngách năm mươi sáu xuyệt năm phố Thạch Cầu,street,street,ngách năm mươi sáu xuyệt năm phố Thạch Cầu,osm_street_way_1311694554,Hà Nội,,,,Ngách 56/5 Phố Thạch Cầu,,conversational,conversational_neutral_medium_003,current+cardinal+prefix+neutral,current,cardinal,neutral,osm,01|street|conversational|neutral_medium
30def23c291ce48f,cho tôi xin đường đi ngõ một trăm bốn mươi phố Đông Thiên được không,street,street,ngõ một trăm bốn mươi phố Đông Thiên,osm_street_way_601462570,Hà Nội,,,,Ngõ 140 Phố Đông Thiên,,conversational,conversational_neutral_medium_008,current+cardinal+prefix+neutral,current,cardinal,neutral,osm,01|street|conversational|neutral_medium
8d2d1046f542c99d,cho tôi hỏi đường đến ngõ một trăm hai mươi hai đường Yên Thường,street,street,ngõ một trăm hai mươi hai đường Yên Thường,osm_street_way_601921928,Hà Nội,,,,Ngõ 122 Đường Yên Thường,,conversational,conversational_neutral_medium_001,current+cardinal+prefix+neutral,current,cardinal,neutral,osm,01|street|conversational|neutral_medium
21c2f966b84b7c17,cho hỏi đường đến hẻm một hai một ở thành phố Hà Nội,street,street,hẻm một hai một ở thành phố Hà Nội,osm_street_way_684297643,Hà Nội,,,,Hẻm 121,,conversational,conversational_neutral_short_001,current+digit_by_digit+prefix+neutral,current,digit_by_digit,neutral,osm,01|street|conversational|neutral_short
95f01b8f493e8fc2,hỏi đường tới ngõ sáu mươi tư đường Lĩnh Nam ở thành phố Hà Nội,street,street,ngõ sáu mươi tư đường Lĩnh Nam ở thành phố Hà Nội,osm_street_way_601893432,Hà Nội,,,,Ngõ 64 Đường Lĩnh Nam,,conversational,conversational_neutral_short_002,current+cardinal+prefix+neutral,current,cardinal,neutral,osm,01|street|conversational|neutral_short
be7dca3f305d1fd9,cho hỏi đường ngõ ba trăm hai mươi ba Nguyễn Văn Cừ,street,street,ngõ ba trăm hai mươi ba Nguyễn Văn Cừ,osm_street_way_36727352,Hà Nội,,,,Ngõ 323 Nguyễn Văn Cừ,,conversational,conversational_neutral_short_007,current+cardinal+prefix+neutral,current,cardinal,neutral,osm,01|street|conversational|neutral_short
714e252e96856882,"chỉ mình đường đi đường Phụ Nữ ở thành phố Hà Nội đi, mình mới chuyển tới đây",street,street,đường Phụ Nữ ở thành phố Hà Nội,osm_street_way_601448401,Hà Nội,,,,Đường Phụ Nữ,,nav_command,nav_command_casual_long_003,current+none+prefix+casual,current,none,casual,osm,01|street|nav_command|casual_long
3a5e37c9312d946a,"ê chỉ mình lối đến ngách hai mươi bảy ngõ một trăm bảy mươi sáu đi, mình đang bị lạc nè",street,street,ngách hai mươi bảy ngõ một trăm bảy mươi sáu,osm_street_way_1110963275,Hà Nội,,,,Ngách 27 Ngõ 176,,nav_command,nav_command_casual_long_007,current+cardinal+prefix+casual,current,cardinal,casual,osm,01|street|nav_command|casual_long
65c34459921a8592,"chỉ mình đường đi Nguyệt Quế năm ở thành phố Hà Nội đi, mình mới chuyển tới đây cái nhé",street,street,Nguyệt Quế năm ở thành phố Hà Nội,osm_street_way_602296428,Hà Nội,,,,Nguyệt Quế 5,,nav_command,nav_command_casual_long_003,current+cardinal+no_prefix+casual,current,cardinal,casual,osm,01|street|nav_command|casual_long
d6ce6edf4e509a07,ghé ngách một trăm bốn mươi hai xuyệt hai đường Cổ Bi với,street,street,ngách một trăm bốn mươi hai xuyệt hai đường Cổ Bi,osm_street_way_897233665,Hà Nội,,,,Ngách 142/2 Đường Cổ Bi,,nav_command,nav_command_casual_short_007,current+cardinal+prefix+casual,current,cardinal,casual,osm,01|street|nav_command|casual_short
9b645a857aa25a3d,dẫn tới đường ăn phở đi mà,street,street,đường ăn phở,osm_street_way_1203094773,Hà Nội,,,,đường ăn phở,,nav_command,nav_command_casual_short_005,current+none+prefix+casual,current,none,casual,osm,01|street|nav_command|casual_short
44602cf13f7887eb,chỉ đường ngõ hai trăm mười hai đường Dương Đức Hiền đi,street,street,ngõ hai trăm mười hai đường Dương Đức Hiền,osm_street_way_260731495,Hà Nội,,,,Ngõ 212 Đường Dương Đức Hiền,,nav_command,nav_command_casual_short_004,current+cardinal+prefix+casual,current,cardinal,casual,osm,01|street|nav_command|casual_short
1ab5f83fc6543456,lái đến đường Liên Mạc ở thành phố Hà Nội với,street,highway,đường Liên Mạc ở thành phố Hà Nội,osm_street_way_576213258,Hà Nội,,,,Đường Liên Mạc,,nav_command,nav_command_casual_short_006,current+none+prefix+casual,current,none,casual,osm,01|street|nav_command|casual_short
156c1185d67bdfbb,xin cho tôi đường đi đến ngõ năm mươi bảy phố Phúc Tân ở thành phố Hà Nội,street,street,ngõ năm mươi bảy phố Phúc Tân ở thành phố Hà Nội,osm_street_way_684489695,Hà Nội,,,,Ngõ 57 Phố Phúc Tân,,nav_command,nav_command_formal_medium_004,current+cardinal+prefix+formal,current,cardinal,formal,osm,01|street|nav_command|formal_medium
39497dc830576731,làm ơn cho hỏi xin cho tôi đường đi đến phố Cầu Mai Đình – Đông Xuyên giúp tôi với ạ,street,highway,phố Cầu Mai Đình – Đông Xuyên,osm_street_way_700518833,Hà Nội,,,,Cầu Mai Đình – Đông Xuyên,,nav_command,nav_command_formal_medium_004,current+none+prefix+formal,current,none,formal,osm,01|street|nav_command|formal_medium
2f73018cf44c8462,làm ơn cho hỏi xin chỉ đường đến phố Cầu Chợ Châu ở thành phố Hà Nội được không ạ,street,street,phố Cầu Chợ Châu ở thành phố Hà Nội,osm_street_way_916600371,Hà Nội,,,,Cầu Chợ Châu,,nav_command,nav_command_formal_medium_001,current+none+prefix+formal,current,none,formal,osm,01|street|nav_command|formal_medium
662808aee6c4b61e,cho mình hỏi dẫn giúp đường tới Hai Bà Trưng nhé,street,highway,Hai Bà Trưng,osm_street_way_399561785,Hà Nội,,,,Phố Hai Bà Trưng,,nav_command,nav_command_neutral_medium_006,current+none+no_prefix+neutral,current,none,neutral,osm,01|street|nav_command|neutral_medium
ff91b22088477d7f,hướng dẫn đường đến ngõ mười lăm đường Đa Tốn,street,street,ngõ mười lăm đường Đa Tốn,osm_street_way_601862714,Hà Nội,,,,Ngõ 15 Đường Đa Tốn,,nav_command,nav_command_neutral_medium_005,current+cardinal+prefix+neutral,current,cardinal,neutral,osm,01|street|nav_command|neutral_medium
15625b37de444af5,tìm giúp đường đến ngõ một bảy năm phố Định Công ở thành phố Hà Nội nhé,street,street,ngõ một bảy năm phố Định Công ở thành phố Hà Nội,osm_street_way_599133428,Hà Nội,,,,Ngõ 175 Phố Định Công,,nav_command,nav_command_neutral_medium_003,current+digit_by_digit+prefix+neutral,current,digit_by_digit,neutral,osm,01|street|nav_command|neutral_medium
56e651a11f18d179,cho tôi hỏi chỉ đường đi tới ngõ hai phố Nguyễn Văn Lộc ở thành phố Hà Nội được không,street,street,ngõ hai phố Nguyễn Văn Lộc ở thành phố Hà Nội,osm_street_way_208657347,Hà Nội,,,,Ngõ 2 Phố Nguyễn Văn Lộc,,nav_command,nav_command_neutral_medium_004,current+cardinal+prefix+neutral,current,cardinal,neutral,osm,01|street|nav_command|neutral_medium
6e17de3a7e6fd1a7,tìm đường đến ngách ba ba xuyệt hai Lưu Hữu Phước,street,street,ngách ba ba xuyệt hai Lưu Hữu Phước,osm_street_way_601461142,Hà Nội,,,,Ngách 33/2 Lưu Hữu Phước,,nav_command,nav_command_neutral_short_004,current+digit_by_digit+prefix+neutral,current,digit_by_digit,neutral,osm,01|street|nav_command|neutral_short
03f193576719be17,mở đường đến ngõ bốn mươi lăm phố Hoàng Như Tiếp được không,street,street,ngõ bốn mươi lăm phố Hoàng Như Tiếp,osm_street_way_709006306,Hà Nội,,,,Ngõ 45 Phố Hoàng Như Tiếp,,nav_command,nav_command_neutral_short_007,current+cardinal+prefix+neutral,current,cardinal,neutral,osm,01|street|nav_command|neutral_short
63b3d818f4ea1cc0,tìm đường đến phố Nguyễn Quang Bích,street,street,phố Nguyễn Quang Bích,osm_street_way_11705690,Hà Nội,,,,Phố Nguyễn Quang Bích,,nav_command,nav_command_neutral_short_004,current+none+prefix+neutral,current,none,neutral,osm,01|street|nav_command|neutral_short
6c0125a069f796bd,dẫn đường đến ngõ chín đường Khuyến Lương ở thành phố Hà Nội nhé,street,street,ngõ chín đường Khuyến Lương ở thành phố Hà Nội,osm_street_way_601461102,Hà Nội,,,,Ngõ 9 Đường Khuyến Lương,,nav_command,nav_command_neutral_short_003,current+cardinal+prefix+neutral,current,cardinal,neutral,osm,01|street|nav_command|neutral_short
8805fb097787130c,"có ai biết đường tới phố Thụy Hà không, chỉ mình với",street,street,phố Thụy Hà,osm_street_way_136178190,Hà Nội,,,,Thụy Hà,,route_question,route_question_casual_long_006,current+none+prefix+casual,current,none,casual,osm,01|street|route_question|casual_long
35faad45f41e4eda,"cho hỏi cái từ đây tới ngõ hai mươi phố Hàng Vôi ở thành phố Hà Nội xa không, đi đường nào cho gần cái nhé",street,street,ngõ hai mươi phố Hàng Vôi ở thành phố Hà Nội,osm_street_way_684089072,Hà Nội,,,,Ngõ 20 Phố Hàng Vôi,,route_question,route_question_casual_long_005,current+cardinal+prefix+casual,current,cardinal,casual,osm,01|street|route_question|casual_long
019ffbf3cf3bd8b5,phố Hàng Bài đường nào vậy,street,highway,phố Hàng Bài,osm_street_way_708997709,Hà Nội,,,,Phố Hàng Bài,,route_question,route_question_casual_short_008,current+none+prefix+casual,current,none,casual,osm,01|street|route_question|casual_short
354cebf1c7441ec1,đi Cao Vòng sao,street,street,Cao Vòng,osm_street_way_896496134,Hà Nội,,,,Cao Vòng,,route_question,route_question_casual_short_004,current+none+no_prefix+casual,current,none,casual,osm,01|street|route_question|casual_short
16bc702a22522541,ngõ tám đường Nguyễn Đạo An đi đâu thế,street,street,ngõ tám đường Nguyễn Đạo An,osm_street_way_675558801,Hà Nội,,,,Ngõ 8 Đường Nguyễn Đạo An,,route_question,route_question_casual_short_005,current+cardinal+prefix+casual,current,cardinal,casual,osm,01|street|route_question|casual_short
e96d73fab1410806,xin hỏi làm sao đến ngõ một trăm phố Sài Đồng ở thành phố Hà Nội nhanh nhất,street,street,ngõ một trăm phố Sài Đồng ở thành phố Hà Nội,osm_street_way_568423060,Hà Nội,,,,Ngõ 100 Phố Sài Đồng,,route_question,route_question_formal_medium_008,current+cardinal+prefix+formal,current,cardinal,formal,osm,01|street|route_question|formal_medium
5fa06c82319b5693,xin hỏi làm sao đến ngách chín mươi chín xuyệt sáu nhanh nhất ạ,street,street,ngách chín mươi chín xuyệt sáu,osm_street_way_675314089,Hà Nội,,,,Ngách 99/6,,route_question,route_question_formal_medium_008,current+mixed+prefix+formal,current,mixed,formal,osm,01|street|route_question|formal_medium
2092e15d1edeb8fb,đường nào gần nhất đến ngõ một trăm lẻ một Phạm Ngọc Thạch ở thành phố Hà Nội nhé,street,street,ngõ một trăm lẻ một Phạm Ngọc Thạch ở thành phố Hà Nội,osm_street_way_180082698,Hà Nội,,,,Ngõ 101 Phạm Ngọc Thạch,,route_question,route_question_neutral_medium_004,current+cardinal+prefix+neutral,current,cardinal,neutral,osm,01|street|route_question|neutral_medium
1b11bac84e53a464,từ đây đến ngách mười ngõ bảy mươi mốt Kim Hoàng đi thế nào vậy,street,street,ngách mười ngõ bảy mươi mốt Kim Hoàng,osm_street_way_548826264,Hà Nội,,,,Ngách 10 Ngõ 71 Kim Hoàng,,route_question,route_question_neutral_medium_001,current+cardinal+prefix+neutral,current,cardinal,neutral,osm,01|street|route_question|neutral_medium
4be4e27ba0c7997d,muốn tới ngõ chín mươi hai phố Nguyên Xá ở thành phố Hà Nội thì đi đường nào nhỉ,street,street,ngõ chín mươi hai phố Nguyên Xá ở thành phố Hà Nội,osm_street_way_597599554,Hà Nội,,,,Ngõ 92 Phố Nguyên Xá,,route_question,route_question_neutral_medium_003,current+cardinal+prefix+neutral,current,cardinal,neutral,osm,01|street|route_question|neutral_medium
7b004bb215f90bc3,phố Trường Học ở thành phố Hà Nội đi kiểu gì nhỉ,street,street,phố Trường Học ở thành phố Hà Nội,osm_street_way_1415418751,Hà Nội,,,,Trường Học,,route_question,route_question_neutral_short_009,current+none+prefix+neutral,current,none,neutral,osm,01|street|route_question|neutral_short
c7d9b1952f44e1e3,đến ngõ bốn trăm năm mươi tám đường Số tám đi đường nào vậy,street,street,ngõ bốn trăm năm mươi tám đường Số tám,osm_street_way_896414387,Hà Nội,,,,Ngõ 458 Đường Số 8,,route_question,route_question_neutral_short_001,current+cardinal+prefix+neutral,current,cardinal,neutral,osm,01|street|route_question|neutral_short
b4472a5616f14398,ngõ một trăm hai mươi lăm đường Xuân Đỉnh đi hướng nào nhỉ,street,street,ngõ một trăm hai mươi lăm đường Xuân Đỉnh,osm_street_way_684503206,Hà Nội,,,,Ngõ 125 Đường Xuân Đỉnh,,route_question,route_question_neutral_short_006,current+cardinal+prefix+neutral,current,cardinal,neutral,osm,01|street|route_question|neutral_short
5690359cf9af7640,"này kiếm giùm mình Cầu Sông Thiếp cái, không cần xa lắm đâu",street,highway,Cầu Sông Thiếp,osm_street_way_529188249,Hà Nội,,,,Cầu Sông Thiếp,,search,search_casual_long_004,current+none+no_prefix+casual,current,none,casual,osm,01|street|search|casual_long
79072e85e1652731,à kiếm giúp mình chùa nào gần Nam Phù Liệt ở thành phố Hà Nội nhất đi mà,street,street,Nam Phù Liệt ở thành phố Hà Nội,osm_street_way_601448124,Hà Nội,,,,Đường Nam Phù Liệt,,search,search_casual_long_007,current+none+no_prefix+casual,current,none,casual,osm,01|street|search|casual_long
8fd38581fd629fc5,"dò giúp mình hẻm bảy trăm sáu mươi lăm xuyệt một trăm mười lăm a xuyệt mười sáu đường Nguyễn Văn Linh ở thành phố Hà Nội cái, mình chưa biết chỗ nào cả được không",street,street,hẻm bảy trăm sáu mươi lăm xuyệt một trăm mười lăm a xuyệt mười sáu đường Nguyễn Văn Linh ở thành phố Hà Nội,osm_street_way_860720723,Hà Nội,,,,Hẻm 765/115A/16 Đường Nguyễn Văn Linh,,search,search_casual_long_006,current+cardinal+prefix+casual,current,cardinal,casual,osm,01|street|search|casual_long
78da8e9c6b167317,tìm ngõ một trăm sáu mươi ba phố Phú Gia ở thành phố Hà Nội,street,street,ngõ một trăm sáu mươi ba phố Phú Gia ở thành phố Hà Nội,osm_street_way_675558642,Hà Nội,,,,Ngõ 163 Phố Phú Gia,,search,search_casual_short_001,current+cardinal+prefix+casual,current,cardinal,casual,osm,01|street|search|casual_short
5d93a69f259f5b80,dò đường Xuân Phương nha,street,highway,đường Xuân Phương,osm_street_way_157694179,Hà Nội,,,,Đường Xuân Phương,,search,search_casual_short_004,current+none+prefix+casual,current,none,casual,osm,01|street|search|casual_short
9bbfa2b9b3d18d7c,kiếm ngõ mười chín Xóm Sông ở thành phố Hà Nội,street,street,ngõ mười chín Xóm Sông ở thành phố Hà Nội,osm_street_way_1297223748,Hà Nội,,,,ngõ 19 Xóm Sông,,search,search_casual_short_002,current+cardinal+prefix+casual,current,cardinal,casual,osm,01|street|search|casual_short
c1382dfaa2815e3f,xin phép hỏi xin tìm giúp thông tin về Anh Đào năm ở tỉnh Hà Tây,street,street,Anh Đào năm ở tỉnh Hà Tây,osm_street_way_399865075,Hà Nội,,,,Anh Đào 5,,search,search_formal_medium_009,spoken_alias+cardinal+no_prefix+formal,spoken_alias,cardinal,formal,osm,01|street|search|formal_medium
f1061a4d642749b9,xin phép hỏi xin tìm kiếm giúp ngõ bốn chín phố Đức Giang,street,street,ngõ bốn chín phố Đức Giang,osm_street_way_36727739,Hà Nội,,,,Ngõ 49 Phố Đức Giang,,search,search_formal_medium_007,current+digit_by_digit+prefix+formal,current,digit_by_digit,formal,osm,01|street|search|formal_medium
26d9714465cf926f,nhờ tra vị trí đường Nam Đuống giúp tôi với ạ,street,street,đường Nam Đuống,osm_street_way_500579397,Hà Nội,,,,Đường Nam Đuống,,search,search_formal_medium_006,current+none+prefix+formal,current,none,formal,osm,01|street|search|formal_medium
347e6ea75c4180f0,dò giúp tôi vị trí ngõ ba trăm ba mươi hai đường Hoàng Công Chất ở thành phố Hà Nội được không,street,street,ngõ ba trăm ba mươi hai đường Hoàng Công Chất ở thành phố Hà Nội,osm_street_way_601865234,Hà Nội,,,,Ngõ 332 Đường Hoàng Công Chất,,search,search_neutral_medium_007,current+cardinal+prefix+neutral,current,cardinal,neutral,osm,01|street|search|neutral_medium
4c9659ddd21d2d9d,tìm giúp tôi vị trí đường bốn dê một Thôn bốn với,street,street,đường bốn dê một Thôn bốn,osm_street_way_896864172,Hà Nội,,,,Đường 4D1 Thôn 4,,search,search_neutral_medium_001,current+cardinal+prefix+neutral,current,cardinal,neutral,osm,01|street|search|neutral_medium
304ef00df7bf1520,tra cứu giúp tôi ngõ hai một đường Yên Xá ở thành phố Hà Nội,street,street,ngõ hai một đường Yên Xá ở thành phố Hà Nội,osm_street_way_601421062,Hà Nội,,,,Ngõ 21 Đường Yên Xá,,search,search_neutral_medium_008,current+digit_by_digit+prefix+neutral,current,digit_by_digit,neutral,osm,01|street|search|neutral_medium
8ea3b25f25decfc9,kiếm giúp tôi chỗ ngõ hai mươi sáu đường Cầu Diễn ở thành phố Hà Nội,street,street,ngõ hai mươi sáu đường Cầu Diễn ở thành phố Hà Nội,osm_street_way_601468024,Hà Nội,,,,Ngõ 26 Đường Cầu Diễn,,search,search_neutral_medium_010,current+cardinal+prefix+neutral,current,cardinal,neutral,osm,01|street|search|neutral_medium
b84e8ccf79fc6598,dò giúp đường vành đai ba năm ở thành phố Hà Nội,street,highway,đường vành đai ba năm ở thành phố Hà Nội,osm_street_way_761985297,Hà Nội,,,,"Đường vành đai 3,5",,search,search_neutral_short_010,current+digit_by_digit+prefix+neutral,current,digit_by_digit,neutral,osm,01|street|search|neutral_short
372074eefdd39768,tìm chỗ ngách hai mươi hai xuyệt hai mươi sáu phố Kim Quan giúp tôi,street,street,ngách hai mươi hai xuyệt hai mươi sáu phố Kim Quan,osm_street_way_685040616,Hà Nội,,,,Ngách 22/26 Phố Kim Quan,,search,search_neutral_short_005,current+cardinal+prefix+neutral,current,cardinal,neutral,osm,01|street|search|neutral_short
af54bfaf962e5a0e,kiếm chỗ hẻm sáu trăm ba mươi tám xuyệt năm mươi xuyệt ba Ngô Gia Tự ở thành phố Hà Nội,street,street,hẻm sáu trăm ba mươi tám xuyệt năm mươi xuyệt ba Ngô Gia Tự ở thành phố Hà Nội,osm_street_way_685037205,Hà Nội,,,,Hẻm 638/50/3 Ngô Gia Tự,,search,search_neutral_short_006,current+cardinal+prefix+neutral,current,cardinal,neutral,osm,01|street|search|neutral_short
1b36525398d5f09c,kiếm giúp Lô Nhà Vườn nhé,street,street,Lô Nhà Vườn,osm_street_way_136266014,Hà Nội,,,,Lô Nhà Vườn,,search,search_neutral_short_003,current+none+no_prefix+neutral,current,none,neutral,osm,01|street|search|neutral_short
261c7b97498090e4,"ơ chỗ kia kìa, Trung Yên mười hai ở thành phố Hà Nội đó, rẽ vô đi",street,street,Trung Yên mười hai ở thành phố Hà Nội,osm_street_way_399202582,Hà Nội,,,,Trung Yên 12,,short_command,short_command_casual_long_005,current+cardinal+no_prefix+casual,current,cardinal,casual,osm,01|street|short_command|casual_long
d42e1bd26ef44f45,"ngõ ba mươi tám đường Lâm Trường á, chạy tới đó luôn đi",street,street,ngõ ba mươi tám đường Lâm Trường,osm_street_way_897545370,Hà Nội,,,,Ngõ 38 Đường Lâm Trường,,short_command,short_command_casual_long_004,current+cardinal+prefix+casual,current,cardinal,casual,osm,01|street|short_command|casual_long
954972c3a66aab42,tấp vô ngõ một trăm ba mươi mốt đường Hồng Hà ở thành phố Hà Nội,street,street,ngõ một trăm ba mươi mốt đường Hồng Hà ở thành phố Hà Nội,osm_street_way_487859609,Hà Nội,,,,Ngõ 131 Đường Hồng Hà,,short_command,short_command_casual_short_006,current+cardinal+prefix+casual,current,cardinal,casual,osm,01|street|short_command|casual_short
f62d529354c181c6,vòng qua Phủ Từ với,street,street,Phủ Từ,osm_street_way_401282471,Hà Nội,,,,Phố Phủ Từ,,short_command,short_command_casual_short_005,current+none+no_prefix+casual,current,none,casual,osm,01|street|short_command|casual_short
d31f890ff4cf2e16,xin cho hỏi xin đưa xe đến đường Chùa Tổng xin cảm ơn,street,highway,đường Chùa Tổng,osm_street_way_709378618,Hà Nội,,,,Đường Chùa Tổng,,short_command,short_command_formal_medium_010,current+none+prefix+formal,current,none,formal,osm,01|street|short_command|formal_medium
aa5daa13c8bf0c51,xin cho xe tới ngõ hai phố Song Tháp giúp tôi với ạ,street,street,ngõ hai phố Song Tháp,osm_street_way_1337759921,Hà Nội,,,,Ngõ 2 Phố Song Tháp,,short_command,short_command_formal_medium_009,current+mixed+prefix+formal,current,mixed,formal,osm,01|street|short_command|formal_medium
75c92217ff01bdaf,này cho tôi xuống ở ngõ hai không năm đường Nguyễn Hoàng Tôn ở thành phố Hà Nội với,street,street,ngõ hai không năm đường Nguyễn Hoàng Tôn ở thành phố Hà Nội,osm_street_way_702512467,Hà Nội,,,,Ngõ 205 Đường Nguyễn Hoàng Tôn,,short_command,short_command_neutral_medium_006,current+mixed+prefix+neutral,current,mixed,neutral,osm,01|street|short_command|neutral_medium
864a2bb73c0e3c0e,chạy tới ngõ bốn mươi bảy đường Láng ở thành phố Hà Nội được không,street,street,ngõ bốn mươi bảy đường Láng ở thành phố Hà Nội,osm_street_way_1243070839,Hà Nội,,,,Ngõ 47 Đường Láng,,short_command,short_command_neutral_medium_007,current+mixed+prefix+neutral,current,mixed,neutral,osm,01|street|short_command|neutral_medium
e14df5c95ecbf0ac,cho hỏi ghé ngang đường Cầu vượt số sáu ở thành phố Hà Nội giúp tôi,street,street,đường Cầu vượt số sáu ở thành phố Hà Nội,osm_street_way_661161529,Hà Nội,,,,Cầu vượt số 6,,short_command,short_command_neutral_medium_008,current+cardinal+prefix+neutral,current,cardinal,neutral,osm,01|street|short_command|neutral_medium
d080e70062083726,rẽ ngõ ba trăm mười chín đường An Dương Vương nhé,street,street,ngõ ba trăm mười chín đường An Dương Vương,osm_street_way_684511337,Hà Nội,,,,Ngõ 319 Đường An Dương Vương,,short_command,short_command_neutral_short_009,current+cardinal+prefix+neutral,current,cardinal,neutral,osm,01|street|short_command|neutral_short
2ea3f30d36470f55,đi đường Phạm Tu,street,highway,đường Phạm Tu,osm_street_way_245677774,Hà Nội,,,,Đường Phạm Tu,,short_command,short_command_neutral_short_002,current+none+prefix+neutral,current,none,neutral,osm,01|street|short_command|neutral_short
72e6d25e39a95112,qua Cầu vượt Ngã Tư Sở,street,highway,Cầu vượt Ngã Tư Sở,osm_street_way_35978173,Hà Nội,,,,Cầu vượt Ngã Tư Sở,,short_command,short_command_neutral_short_005,current+none+no_prefix+neutral,current,none,neutral,osm,01|street|short_command|neutral_short
73c210fedcca379a,gần Nhà chờ Dương Nội không ta,transport,bus_terminal,Nhà chờ Dương Nội,osm_poi_node_8237661960,Hà Nội,,,,,,contextual,contextual_casual_short_006,current+none+no_prefix+casual,current,none,casual,osm,01|transport|contextual|casual_short
017cdabbd382dd4e,đoạn này có gần Nhà chờ KĐT Park City ở thành phố Hà Nội không,transport,bus_terminal,Nhà chờ KĐT Park City ở thành phố Hà Nội,osm_poi_node_8237661964,Hà Nội,,,,,,contextual,contextual_neutral_medium_007,current+none+no_prefix+neutral,current,none,neutral,osm,01|transport|contextual|neutral_medium
57b208cf4f73230d,gần Bến đò Như Nguyệt ở thành phố Hà Nội chưa,transport,ferry_terminal,Bến đò Như Nguyệt ở thành phố Hà Nội,osm_poi_node_13730378582,Hà Nội,,,,,,contextual,contextual_neutral_short_008,current+none+no_prefix+neutral,current,none,neutral,osm,01|transport|contextual|neutral_short
2cb84a89fbf31b06,"thế cho mình hỏi tí, đường đến Phú Thụy ở thành phố Hà Nội đi sao vậy ta",transport,railway_station,Phú Thụy ở thành phố Hà Nội,osm_poi_node_291014382,Hà Nội,,,,,,conversational,conversational_casual_long_001,current+none+no_prefix+casual,current,none,casual,osm,01|transport|conversational|casual_long
17e08b5206f2348c,đường Bến xe Yên Viên sao,transport,bus_terminal,Bến xe Yên Viên,osm_poi_node_6185888337,Hà Nội,,,,,,conversational,conversational_casual_short_005,current+none+no_prefix+casual,current,none,casual,osm,01|transport|conversational|casual_short
52fd4ee30cb77746,xin phép hỏi tôi đang tìm đường đến Lê Đức Thọ giúp tôi với ạ,transport,metro_station,Lê Đức Thọ,osm_poi_node_11079400281,Hà Nội,,,,,,conversational,conversational_formal_medium_006,current+none+no_prefix+formal,current,none,formal,osm,01|transport|conversational|formal_medium
6be40583e9b31741,này mình đang tìm đường đến Nhà chờ Văn La,transport,bus_terminal,Nhà chờ Văn La,osm_poi_node_8237661967,Hà Nội,,,,,,conversational,conversational_neutral_medium_007,current+none+no_prefix+neutral,current,none,neutral,osm,01|transport|conversational|neutral_medium
311713281b1c5506,hỏi hướng đến Bến xe Giáp Bát với,transport,bus_terminal,Bến xe Giáp Bát,osm_poi_way_156006445,Hà Nội,,,,,,conversational,conversational_neutral_short_010,current+none+no_prefix+neutral,current,none,neutral,osm,01|transport|conversational|neutral_short
ef20a82ad6d6f4cc,"này dẫn mình đường tới Lim với, đi từ từ thôi cũng được đi",transport,railway_station,Lim,osm_poi_node_7150207236,Hà Nội,,,,,,nav_command,nav_command_casual_long_010,current+none+no_prefix+casual,current,none,casual,osm,01|transport|nav_command|casual_long
d10cf67259f14923,chỉ đường Bến xe Giáp Bát,transport,bus_terminal,Bến xe Giáp Bát,osm_poi_way_156006445,Hà Nội,,,,,,nav_command,nav_command_casual_short_004,current+none+no_prefix+casual,current,none,casual,osm,01|transport|nav_command|casual_short
57a6fcbaf809f81e,xin cho tôi đường đi đến Phú Diễn,transport,railway_station,Phú Diễn,osm_poi_node_3567484771,Hà Nội,,,,,,nav_command,nav_command_formal_medium_004,current+none+no_prefix+formal,current,none,formal,osm,01|transport|nav_command|formal_medium
18d0b26b4c653bea,cho mình hỏi chỉ đường đi tới Nhà chờ Dương Nội ở thành phố Hà Nội,transport,bus_terminal,Nhà chờ Dương Nội ở thành phố Hà Nội,osm_poi_node_8237661960,Hà Nội,,,,,,nav_command,nav_command_neutral_medium_004,current+none+no_prefix+neutral,current,none,neutral,osm,01|transport|nav_command|neutral_medium
2f27b0fc7812cf0a,tìm đường đến Yên Viên,transport,railway_station,Yên Viên,osm_poi_node_311714761,Hà Nội,,,,,,nav_command,nav_command_neutral_short_004,current+none+no_prefix+neutral,current,none,neutral,osm,01|transport|nav_command|neutral_short
8f94a3b1327cc18f,"cho hỏi cái từ đây tới Phú Diễn xa không, đi đường nào cho gần",transport,railway_station,Phú Diễn,osm_poi_node_3567484771,Hà Nội,,,,,,route_question,route_question_casual_long_005,current+none+no_prefix+casual,current,none,casual,osm,01|transport|route_question|casual_long
80049c29939d4893,Đại học Quốc gia đi sao,transport,metro_station,Đại học Quốc gia,osm_poi_node_11079400280,Hà Nội,,,,,,route_question,route_question_casual_short_001,current+none+no_prefix+casual,current,none,casual,osm,01|transport|route_question|casual_short
23f7bd6a27120a09,xin hỏi làm sao đến Nhà chờ Cầu La Khê ở thành phố Hà Nội nhanh nhất,transport,bus_terminal,Nhà chờ Cầu La Khê ở thành phố Hà Nội,osm_poi_node_8237661963,Hà Nội,,,,,,route_question,route_question_formal_medium_008,current+none+no_prefix+formal,current,none,formal,osm,01|transport|route_question|formal_medium
c0eba1172cfb311a,cho mình hỏi ờ đi Phùng Khoang đường nào nhanh nhất nhé,transport,metro_station,Phùng Khoang,osm_poi_node_11176220555,Hà Nội,,,,,,route_question,route_question_neutral_medium_005,current+none+no_prefix+neutral,current,none,neutral,osm,01|transport|route_question|neutral_medium
39a41ad85819625f,đường nào đến Bến xe Nước Ngầm ở thành phố Hà Nội nhé,transport,bus_terminal,Bến xe Nước Ngầm ở thành phố Hà Nội,osm_poi_way_885838918,Hà Nội,,,,,,route_question,route_question_neutral_short_004,current+none+no_prefix+neutral,current,none,neutral,osm,01|transport|route_question|neutral_short
a8cfa6eccf2eefbc,"cho hỏi cái kiếm giùm mình Vành Đai ba cái, không cần xa lắm đâu thế",transport,metro_station,Vành Đai ba,osm_poi_node_11176220554,Hà Nội,,,,,,search,search_casual_long_004,current+cardinal+no_prefix+casual,current,cardinal,casual,osm,01|transport|search|casual_long
c1953bc5a4de001c,kiếm Nhà chờ Văn Khê đi mà,transport,bus_terminal,Nhà chờ Văn Khê,osm_poi_node_8237661961,Hà Nội,,,,,,search,search_casual_short_002,current+none+no_prefix+casual,current,none,casual,osm,01|transport|search|casual_short
a08cac19c8688d64,xin tìm giúp Thượng Đình ở thành phố Hà Nội được không ạ,transport,metro_station,Thượng Đình ở thành phố Hà Nội,osm_poi_node_11176220553,Hà Nội,,,,,,search,search_formal_medium_001,current+none+no_prefix+formal,current,none,formal,osm,01|transport|search|formal_medium
7a74eee207b3f460,cho hỏi tìm hộ tôi vị trí Phú Thụy ở thành phố Hà Nội được không,transport,railway_station,Phú Thụy ở thành phố Hà Nội,osm_poi_node_291014382,Hà Nội,,,,,,search,search_neutral_medium_006,current+none+no_prefix+neutral,current,none,neutral,osm,01|transport|search|neutral_medium
69233371e14c6234,tìm Cổ Loa giúp tôi,transport,railway_station,Cổ Loa,osm_poi_node_7152806801,Hà Nội,,,,,,search,search_neutral_short_002,current+none+no_prefix+neutral,current,none,neutral,osm,01|transport|search|neutral_short
1d1b863aa861c3d0,"Văn Khê ở thành phố Hà Nội đó mà, tấp vô đi cho rồi nha",transport,metro_station,Văn Khê ở thành phố Hà Nội,osm_poi_node_11176220559,Hà Nội,,,,,,short_command,short_command_casual_long_008,current+none+no_prefix+casual,current,none,casual,osm,01|transport|short_command|casual_long
684535c77639a47a,tấp vô Bến đò Tri Phương ở thành phố Hà Nội đi mà,transport,ferry_terminal,Bến đò Tri Phương ở thành phố Hà Nội,osm_poi_node_8340839249,Hà Nội,,,,,,short_command,short_command_casual_short_006,current+none+no_prefix+casual,current,none,casual,osm,01|transport|short_command|casual_short
ecfe4f824fe63836,xin cho tôi xuống ở Bến đò Kim Lan ở thành phố Hà Nội,transport,ferry_terminal,Bến đò Kim Lan ở thành phố Hà Nội,osm_poi_node_4776795421,Hà Nội,,,,,,short_command,short_command_formal_medium_007,current+none+no_prefix+formal,current,none,formal,osm,01|transport|short_command|formal_medium
a85b62a69367ef63,cho hỏi chạy tới Cầu Diễn,transport,metro_station,Cầu Diễn,osm_poi_node_11079400282,Hà Nội,,,,,,short_command,short_command_neutral_medium_007,current+none+no_prefix+neutral,current,none,neutral,osm,01|transport|short_command|neutral_medium
3c261fdcc9864633,đi Bến đò Gầm với,transport,ferry_terminal,Bến đò Gầm,osm_poi_node_12754592136,Hà Nội,,,,,,short_command,short_command_neutral_short_002,current+none+no_prefix+neutral,current,none,neutral,osm,01|transport|short_command|neutral_short
27cddce9e4a0138e,"ơ ờ đoạn này gần số hai không hai xuyệt chín ba hẻm bảy một Cô Bắc ở thành phố Hồ Chí Minh không vậy ta, xa không",address,house_address,số hai không hai xuyệt chín ba hẻm bảy một Cô Bắc ở thành phố Hồ Chí Minh,osm_street_way_35112925,Hồ Chí Minh,,,,Hẻm 71 Cô Bắc,202/93 Hẻm 71 Cô Bắc,contextual,contextual_casual_long_007,current+digit_by_digit+prefix+casual,current,digit_by_digit,casual,osm,02|address|contextual|casual_long
46cfbbe4b5aa0da7,gần số một trăm năm mươi chín đường Phan Bội Châu ở thành phố Hồ Chí Minh hông,address,house_address,số một trăm năm mươi chín đường Phan Bội Châu ở thành phố Hồ Chí Minh,osm_street_way_32577953,Hồ Chí Minh,,,,Phan Bội Châu,159 Phan Bội Châu,contextual,contextual_casual_short_001,current+cardinal+prefix+casual,current,cardinal,casual,osm,02|address|contextual|casual_short
7177cb6464490a93,cho tôi hỏi một chút xin hỏi khu này có gần hai trăm mười tám xuyệt sáu hẻm một trăm bảy mươi tư xuyệt hai mươi bảy Ấp Đông hai ở thành phố Hồ Chí Minh không,address,house_address,hai trăm mười tám xuyệt sáu hẻm một trăm bảy mươi tư xuyệt hai mươi bảy Ấp Đông hai ở thành phố Hồ Chí Minh,osm_street_way_606962093,Hồ Chí Minh,,,,Hẻm 174/27 Ấp Đông 2,218/6 Hẻm 174/27 Ấp Đông 2,contextual,contextual_formal_medium_001,current+cardinal+prefix+formal,current,cardinal,formal,osm,02|address|contextual|formal_medium
cc6e4a0167e7c433,cho tôi hỏi chỗ mình đứng gần bốn mươi chín hẻm bốn trăm sáu mươi Hương Lộ hai ở thành phố Hồ Chí Minh không,address,house_address,bốn mươi chín hẻm bốn trăm sáu mươi Hương Lộ hai ở thành phố Hồ Chí Minh,osm_street_way_1194967992,Hồ Chí Minh,,,,Hẻm 460 Hương Lộ 2,49 Hẻm 460 Hương Lộ 2,contextual,contextual_neutral_medium_008,current+cardinal+prefix+neutral,current,cardinal,neutral,osm,02|address|contextual|neutral_medium
34397e0ce8fdd1d7,quanh đây gần số ba bảy xuyệt bảy không hẻm một không chín Thái Phiên ở tỉnh Bình Dương cũ không,address,house_address,số ba bảy xuyệt bảy không hẻm một không chín Thái Phiên ở tỉnh Bình Dương cũ,osm_street_way_502903966,Hồ Chí Minh,Bình Dương,,,Hẻm 109 Thái Phiên,37/70 Hẻm 109 Thái Phiên,contextual,contextual_neutral_short_006,legacy+digit_by_digit+prefix+neutral,legacy,digit_by_digit,neutral,osm,02|address|contextual|neutral_short
659035bba37b40e7,"cho hỏi cái mình mới tới đây lần đầu, chỉ mình đường tới số hai bốn bốn hẻm một hai một xuyệt hai mươi tám Nguyễn Thị Kiêu ở thành phố Hồ Chí Minh với",address,house_address,số hai bốn bốn hẻm một hai một xuyệt hai mươi tám Nguyễn Thị Kiêu ở thành phố Hồ Chí Minh,osm_street_way_607580588,Hồ Chí Minh,,,,Hẻm 121/28 Nguyễn Thị Kiêu,244 Hẻm 121/28 Nguyễn Thị Kiêu,conversational,conversational_casual_long_004,current+mixed+prefix+casual,current,mixed,casual,osm,02|address|conversational|casual_long
5ea0d5b0640cd949,hỏi đường hai hai sáu xuyệt sáu sáu Nội khu Nam Thông một bê ở tỉnh Bà Rịa - Vũng Tàu cái nhé,address,house_address,hai hai sáu xuyệt sáu sáu Nội khu Nam Thông một bê ở tỉnh Bà Rịa - Vũng Tàu,osm_street_way_149904736,Hồ Chí Minh,Bà Rịa - Vũng Tàu,,,Đường Nội khu Nam Thông 1B,226/66 Đường Nội khu Nam Thông 1B,conversational,conversational_casual_short_001,legacy+digit_by_digit+no_prefix+casual,legacy,digit_by_digit,casual,osm,02|address|conversational|casual_short
da1823c4d1667ca7,xin phép hỏi tôi muốn nhờ chỉ đường đến hai trăm sáu mươi ba hẻm sáu trăm hai mươi ba đường Cách Mạng Tháng tám ở thành phố Hồ Chí Minh giúp tôi với ạ,address,house_address,hai trăm sáu mươi ba hẻm sáu trăm hai mươi ba đường Cách Mạng Tháng tám ở thành phố Hồ Chí Minh,osm_street_way_520723314,Hồ Chí Minh,,,,Hẻm 623 Đường Cách Mạng Tháng 8,263 Hẻm 623 Đường Cách Mạng Tháng 8,conversational,conversational_formal_medium_004,current+cardinal+prefix+formal,current,cardinal,formal,osm,02|address|conversational|formal_medium
22eeca3c5db7c85f,tôi đang hỏi đường tới một không chín hẻm ba ba tám Nơ Trang Long ở thành phố Hồ Chí Minh nhé,address,house_address,một không chín hẻm ba ba tám Nơ Trang Long ở thành phố Hồ Chí Minh,osm_street_way_150609405,Hồ Chí Minh,,,,Hẻm 338 Nơ Trang Long,109 Hẻm 338 Nơ Trang Long,conversational,conversational_neutral_medium_010,current+digit_by_digit+prefix+neutral,current,digit_by_digit,neutral,osm,02|address|conversational|neutral_medium
72d7ad5a17663643,cho tôi hỏi đường đến số hai trăm sáu mươi lăm hẻm chín trăm bảy mươi hai xuyệt ba mươi hai Quang Trung ở thành phố Hồ Chí Minh,address,house_address,số hai trăm sáu mươi lăm hẻm chín trăm bảy mươi hai xuyệt ba mươi hai Quang Trung ở thành phố Hồ Chí Minh,osm_street_way_618460843,Hồ Chí Minh,,,,Hẻm 972/32 Quang Trung,265 Hẻm 972/32 Quang Trung,conversational,conversational_neutral_medium_001,current+cardinal+prefix+neutral,current,cardinal,neutral,osm,02|address|conversational|neutral_medium
9204e7b371094135,hỏi đường tới số hai không bảy xuyệt ba bảy đường Chiến Lược ở thành phố mang tên Bác,address,house_address,số hai không bảy xuyệt ba bảy đường Chiến Lược ở thành phố mang tên Bác,osm_street_way_609375990,Hồ Chí Minh,,,,Chiến Lược,207/37 Chiến Lược,conversational,conversational_neutral_short_002,spoken_alias+digit_by_digit+prefix+neutral,spoken_alias,digit_by_digit,neutral,osm,02|address|conversational|neutral_short
c8cbcf8e324fb0af,cho hỏi hướng một trăm tám mươi ba đường Hoa Lan ở thành phố Hồ Chí Minh,address,house_address,một trăm tám mươi ba đường Hoa Lan ở thành phố Hồ Chí Minh,osm_street_way_1332584494,Hồ Chí Minh,,,,Đường Hoa Lan,183 Đường Hoa Lan,conversational,conversational_neutral_short_005,current+cardinal+prefix+neutral,current,cardinal,neutral,osm,02|address|conversational|neutral_short
39722d89600b738e,"này thế tìm giúp mình đường tới số hai mươi lăm xuyệt mười tám Lê Trung Nghĩa ở thành phố Hồ Chí Minh cái, đang vội lắm đi mà",address,house_address,số hai mươi lăm xuyệt mười tám Lê Trung Nghĩa ở thành phố Hồ Chí Minh,osm_street_way_32586612,Hồ Chí Minh,,,,Lê Trung Nghĩa,25/18 Lê Trung Nghĩa,nav_command,nav_command_casual_long_004,current+cardinal+no_prefix+casual,current,cardinal,casual,osm,02|address|nav_command|casual_long
94a11263170f5829,qua bảy ba hẻm dê sáu Liên Khu hai - ba ở thành phố Hồ Chí Minh,address,house_address,bảy ba hẻm dê sáu Liên Khu hai - ba ở thành phố Hồ Chí Minh,osm_street_way_1361340584,Hồ Chí Minh,,,,Hẻm D6 Liên Khu 2 - 3,73 Hẻm D6 Liên Khu 2 - 3,nav_command,nav_command_casual_short_003,current+digit_by_digit+prefix+casual,current,digit_by_digit,casual,osm,02|address|nav_command|casual_short
3512859f3e673821,tới số một bảy hai xê Ấp Bắc ở thành phố Sài Gòn,address,house_address,số một bảy hai xê Ấp Bắc ở thành phố Sài Gòn,osm_street_way_197804099,Hồ Chí Minh,,,,Ấp Bắc,172C Ấp Bắc,nav_command,nav_command_casual_short_002,spoken_alias+digit_by_digit+no_prefix+casual,spoken_alias,digit_by_digit,casual,osm,02|address|nav_command|casual_short
146e2cb38ea3462b,vui lòng chỉ đường tới một trăm tám mươi hẻm hai mươi tư Liên khu mười mười một ở thành phố Hồ Chí Minh,address,house_address,một trăm tám mươi hẻm hai mươi tư Liên khu mười mười một ở thành phố Hồ Chí Minh,osm_street_way_460757138,Hồ Chí Minh,,,,Hẻm 24 Liên khu 10-11,180 Hẻm 24 Liên khu 10-11,nav_command,nav_command_formal_medium_002,current+cardinal+prefix+formal,current,cardinal,formal,osm,02|address|nav_command|formal_medium
e3ba98a05fbbcfe0,chỉ tuyến đường đến sáu mươi hai hẻm ba mươi ba Gò Dầu ở thành phố Hồ Chí Minh,address,house_address,sáu mươi hai hẻm ba mươi ba Gò Dầu ở thành phố Hồ Chí Minh,osm_street_way_379717933,Hồ Chí Minh,,,,Hẻm 33 Gò Dầu,62 Hẻm 33 Gò Dầu,nav_command,nav_command_neutral_medium_007,current+cardinal+prefix+neutral,current,cardinal,neutral,osm,02|address|nav_command|neutral_medium
3e69e164a5f54731,cho tôi đường đi đến số một trăm hai mươi tư đường Lê Thị My,address,house_address,số một trăm hai mươi tư đường Lê Thị My,osm_street_way_315886670,Hồ Chí Minh,,,,Đường Lê Thị My,124 Đường Lê Thị My,nav_command,nav_command_neutral_medium_002,current+cardinal+prefix+neutral,current,cardinal,neutral,osm,02|address|nav_command|neutral_medium
b776968a62256278,tìm đường đến số năm tám hẻm chín ba Nguyễn Thị Tú ở thành phố Hồ Chí Minh nhé,address,house_address,số năm tám hẻm chín ba Nguyễn Thị Tú ở thành phố Hồ Chí Minh,osm_street_way_331230457,Hồ Chí Minh,,,,Hẻm 93 Nguyễn Thị Tú,58 Hẻm 93 Nguyễn Thị Tú,nav_command,nav_command_neutral_short_004,current+digit_by_digit+prefix+neutral,current,digit_by_digit,neutral,osm,02|address|nav_command|neutral_short
2035edd4c72fa9b1,tìm đường đến hai tám một xuyệt chín chín xê hẻm năm không sáu Lạc Long Quân với,address,house_address,hai tám một xuyệt chín chín xê hẻm năm không sáu Lạc Long Quân,osm_street_way_367977462,Hồ Chí Minh,,,,Hẻm 506 Lạc Long Quân,281/99C Hẻm 506 Lạc Long Quân,nav_command,nav_command_neutral_short_004,current+digit_by_digit+prefix+neutral,current,digit_by_digit,neutral,osm,02|address|nav_command|neutral_short
e158ba0fc0b8477f,đi số bảy mươi mốt hẻm chín mươi hai đường Số bốn ở thành phố Hồ Chí Minh kiểu gì cho lẹ vậy ta,address,house_address,số bảy mươi mốt hẻm chín mươi hai đường Số bốn ở thành phố Hồ Chí Minh,osm_street_way_512495911,Hồ Chí Minh,,,,Hẻm 92 Đường Số 4,71 Hẻm 92 Đường Số 4,route_question,route_question_casual_long_004,current+cardinal+prefix+casual,current,cardinal,casual,osm,02|address|route_question|casual_long
77ad8eb5c5b66e98,đi sao tới số hai trăm bốn mươi hai hẻm hai trăm tám mươi chín e gờ Bến Bình Đông ở thành phố Hồ Chí Minh đi,address,house_address,số hai trăm bốn mươi hai hẻm hai trăm tám mươi chín e gờ Bến Bình Đông ở thành phố Hồ Chí Minh,osm_street_way_689156330,Hồ Chí Minh,,,,Hẻm 289E-G Bến Bình Đông,242 Hẻm 289E-G Bến Bình Đông,route_question,route_question_casual_short_010,current+cardinal+prefix+casual,current,cardinal,casual,osm,02|address|route_question|casual_short
4890b7541f3637c0,xin hỏi muốn tới số một trăm ba mươi ba hẻm một trăm năm mươi ba xuyệt mười đường số tám ở thành phố Hồ Chí Minh thì đi đường nào,address,house_address,số một trăm ba mươi ba hẻm một trăm năm mươi ba xuyệt mười đường số tám ở thành phố Hồ Chí Minh,osm_street_way_604818478,Hồ Chí Minh,,,,Hẻm 153/10 Đường số 8,133 Hẻm 153/10 Đường số 8,route_question,route_question_formal_medium_004,current+cardinal+prefix+formal,current,cardinal,formal,osm,02|address|route_question|formal_medium
f904a882893472c0,từ đây đến hai không chín hẻm năm bảy bốn xuyệt mười lăm xuyệt một đường Sinco ở tỉnh Bình Dương bao xa,address,house_address,hai không chín hẻm năm bảy bốn xuyệt mười lăm xuyệt một đường Sinco ở tỉnh Bình Dương,osm_street_way_608193720,Hồ Chí Minh,Bình Dương,,,Hẻm 574/15/1 Đường Sinco,209 Hẻm 574/15/1 Đường Sinco,route_question,route_question_neutral_medium_010,legacy+mixed+prefix+neutral,legacy,mixed,neutral,osm,02|address|route_question|neutral_medium
3c99535e47f9d6df,cho hỏi từ đây đến bốn mươi hẻm tám mươi Lưu Chí Hiếu ở thành phố Hồ Chí Minh bao xa,address,house_address,bốn mươi hẻm tám mươi Lưu Chí Hiếu ở thành phố Hồ Chí Minh,osm_street_way_601966146,Hồ Chí Minh,,,,Hẻm 80 Lưu Chí Hiếu,40 Hẻm 80 Lưu Chí Hiếu,route_question,route_question_neutral_medium_010,current+cardinal+prefix+neutral,current,cardinal,neutral,osm,02|address|route_question|neutral_medium
7d5206c02db0642e,tới số tám bốn hẻm ba bốn xuyệt một tám đường Nguyễn Du ở thành phố Hồ Chí Minh đường nào nhỉ,address,house_address,số tám bốn hẻm ba bốn xuyệt một tám đường Nguyễn Du ở thành phố Hồ Chí Minh,osm_street_way_612666482,Hồ Chí Minh,,,,Hẻm 34/18 Đường Nguyễn Du,84 Hẻm 34/18 Đường Nguyễn Du,route_question,route_question_neutral_short_007,current+digit_by_digit+prefix+neutral,current,digit_by_digit,neutral,osm,02|address|route_question|neutral_short
69ed2d7f16285780,số hai trăm sáu mươi mốt xuyệt chín mươi sáu hẻm hai trăm năm mươi tư xuyệt hai mươi Lê Văn Thọ ở thành phố Hồ Chí Minh đi đường nào,address,house_address,số hai trăm sáu mươi mốt xuyệt chín mươi sáu hẻm hai trăm năm mươi tư xuyệt hai mươi Lê Văn Thọ ở thành phố Hồ Chí Minh,osm_street_way_623745595,Hồ Chí Minh,,,,Hẻm 254/20 Lê Văn Thọ,261/96 Hẻm 254/20 Lê Văn Thọ,route_question,route_question_neutral_short_003,current+cardinal+prefix+neutral,current,cardinal,neutral,osm,02|address|route_question|neutral_short
8cc91e5a2609a662,"à tìm giúp mình số một trăm sáu mươi xuyệt mười hai hẻm hai mươi ba Lý Thánh Tông ở thành phố Hồ Chí Minh cái, tìm chỗ nào gần gần thôi giúp mình",address,house_address,số một trăm sáu mươi xuyệt mười hai hẻm hai mươi ba Lý Thánh Tông ở thành phố Hồ Chí Minh,osm_street_way_502526201,Hồ Chí Minh,,,,Hẻm 23 Lý Thánh Tông,160/12 Hẻm 23 Lý Thánh Tông,search,search_casual_long_001,current+cardinal+prefix+casual,current,cardinal,casual,osm,02|address|search|casual_long
e2fd1fc63566db7a,tra một trăm ba mươi mốt An Bình ở thành phố Hồ Chí Minh,address,house_address,một trăm ba mươi mốt An Bình ở thành phố Hồ Chí Minh,osm_street_way_719020366,Hồ Chí Minh,,,,Đường An Bình,131 Đường An Bình,search,search_casual_short_003,current+cardinal+no_prefix+casual,current,cardinal,casual,osm,02|address|search|casual_short
74a730e5e51612b0,tìm thử một chín sáu xuyệt bốn chín hẻm ba Trần Cao Vân ở thành phố Hồ Chí Minh,address,house_address,một chín sáu xuyệt bốn chín hẻm ba Trần Cao Vân ở thành phố Hồ Chí Minh,osm_street_way_715000348,Hồ Chí Minh,,,,Hẻm 3 Trần Cao Vân,196/49 Hẻm 3 Trần Cao Vân,search,search_casual_short_006,current+digit_by_digit+prefix+casual,current,digit_by_digit,casual,osm,02|address|search|casual_short
6fd6acac290e07de,mong được tìm giúp số một tám sáu hẻm chín một một Tỉnh Lộ bốn mươi ba ở thành phố Hồ Chí Minh xin cảm ơn,address,house_address,số một tám sáu hẻm chín một một Tỉnh Lộ bốn mươi ba ở thành phố Hồ Chí Minh,osm_street_way_370714324,Hồ Chí Minh,,,,Hẻm 911 Tỉnh Lộ 43,186 Hẻm 911 Tỉnh Lộ 43,search,search_formal_medium_008,current+mixed+prefix+formal,current,mixed,formal,osm,02|address|search|formal_medium
0069f937e2429553,kiếm giúp tôi thông tin một trăm bốn mươi chín xuyệt chín mươi tám hẻm hai trăm ba mươi sáu Thái Phiên ở tỉnh Bình Dương,address,house_address,một trăm bốn mươi chín xuyệt chín mươi tám hẻm hai trăm ba mươi sáu Thái Phiên ở tỉnh Bình Dương,osm_street_way_508064717,Hồ Chí Minh,Bình Dương,,,Hẻm 236 Thái Phiên,149/98 Hẻm 236 Thái Phiên,search,search_neutral_medium_002,legacy+cardinal+prefix+neutral,legacy,cardinal,neutral,osm,02|address|search|neutral_medium
e07d80e08552446a,tìm giúp tôi vị trí số một bảy một hẻm hai bốn Miếu Gò Xoài ở thành phố mang tên Bác,address,house_address,số một bảy một hẻm hai bốn Miếu Gò Xoài ở thành phố mang tên Bác,osm_street_way_512495987,Hồ Chí Minh,,,,Hẻm 24 Miếu Gò Xoài,171 Hẻm 24 Miếu Gò Xoài,search,search_neutral_medium_001,spoken_alias+digit_by_digit+prefix+neutral,spoken_alias,digit_by_digit,neutral,osm,02|address|search|neutral_medium
2ea9c8e3128cf584,tìm vị trí số tám mươi chín xuyệt mười ba hẻm một trăm ba mươi lăm Trần Hưng Ðạo,address,house_address,số tám mươi chín xuyệt mười ba hẻm một trăm ba mươi lăm Trần Hưng Ðạo,osm_street_way_35114073,Hồ Chí Minh,,,,Hẻm 135 Trần Hưng Ðạo,89/13 Hẻm 135 Trần Hưng Ðạo,search,search_neutral_short_007,current+cardinal+prefix+neutral,current,cardinal,neutral,osm,02|address|search|neutral_short
3f92ed2657278a68,tìm một trăm ba mươi sáu hẻm hai trăm hai mươi sáu Nguyễn Thái Sơn,address,house_address,một trăm ba mươi sáu hẻm hai trăm hai mươi sáu Nguyễn Thái Sơn,osm_street_way_604901868,Hồ Chí Minh,,,,Hẻm 226 Nguyễn Thái Sơn,136 Hẻm 226 Nguyễn Thái Sơn,search,search_neutral_short_002,current+cardinal+prefix+neutral,current,cardinal,neutral,osm,02|address|search|neutral_short
befb446d6faa8245,"chỗ kia kìa, một sáu chín vê kép hẻm năm sáu bốn Thống Nhất ở thành phố Hồ Chí Minh đó, rẽ vô đi",address,house_address,một sáu chín vê kép hẻm năm sáu bốn Thống Nhất ở thành phố Hồ Chí Minh,osm_street_way_627180300,Hồ Chí Minh,,,,Hẻm 564 Thống Nhất,169W Hẻm 564 Thống Nhất,short_command,short_command_casual_long_005,current+mixed+prefix+casual,current,mixed,casual,osm,02|address|short_command|casual_long
e737f7ba5cf2e912,qua số hai trăm tám mươi lăm hẻm hai trăm mười tám Phú Thọ Hòa ở thành phố Hồ Chí Minh cái,address,house_address,số hai trăm tám mươi lăm hẻm hai trăm mười tám Phú Thọ Hòa ở thành phố Hồ Chí Minh,osm_street_way_525565387,Hồ Chí Minh,,,,Hẻm 218 Phú Thọ Hòa,285 Hẻm 218 Phú Thọ Hòa,short_command,short_command_casual_short_002,current+cardinal+prefix+casual,current,cardinal,casual,osm,02|address|short_command|casual_short
7a50dda8fe92b152,xin đưa xe đến số tám mươi bảy hẻm một nghìn bảy trăm sáu mươi tám xuyệt mười xuyệt tám Tỉnh Lộ mười ở thành phố Hồ Chí Minh,address,house_address,số tám mươi bảy hẻm một nghìn bảy trăm sáu mươi tám xuyệt mười xuyệt tám Tỉnh Lộ mười ở thành phố Hồ Chí Minh,osm_street_way_608804772,Hồ Chí Minh,,,,Hẻm 1768/10/8 Tỉnh Lộ 10,87 Hẻm 1768/10/8 Tỉnh Lộ 10,short_command,short_command_formal_medium_010,current+cardinal+prefix+formal,current,cardinal,formal,osm,02|address|short_command|formal_medium
482beb11a251573c,ghé ngang số hai không hai hẻm bảy mươi tư xuyệt chín đường số chín ở thành phố Hồ Chí Minh,address,house_address,số hai không hai hẻm bảy mươi tư xuyệt chín đường số chín ở thành phố Hồ Chí Minh,osm_street_way_317934442,Hồ Chí Minh,,,,Hẻm 74/9 Đường số 9,202 Hẻm 74/9 Đường số 9,short_command,short_command_neutral_medium_008,current+mixed+prefix+neutral,current,mixed,neutral,osm,02|address|short_command|neutral_medium
f127e2f8d7f4b216,về tám mươi hai phố Xuân Thới Thượng sáu hai năm ở tỉnh Bình Dương cũ,address,house_address,tám mươi hai phố Xuân Thới Thượng sáu hai năm ở tỉnh Bình Dương cũ,osm_street_way_315886645,Hồ Chí Minh,Bình Dương,,,Xuân Thới Thượng 6-2-5,82 Xuân Thới Thượng 6-2-5,short_command,short_command_neutral_short_007,legacy+cardinal+prefix+neutral,legacy,cardinal,neutral,osm,02|address|short_command|neutral_short
b60cd5d3dc9959d7,"thế khu này gần Minh Thạnh không vậy, hay phải đi xa lắm",admin_unit,ward,Minh Thạnh,osm_ward_15328433,Hồ Chí Minh,,,Minh Thạnh,,,contextual,contextual_casual_long_004,current+none+no_prefix+casual,current,none,casual,manual,02|admin_unit|contextual|casual_long
4476277d215edc6b,Phú Nhuận gần xịt không,admin_unit,ward,Phú Nhuận,osm_ward_19261674,Hồ Chí Minh,,,Phú Nhuận,,,contextual,contextual_casual_short_010,current+none+no_prefix+casual,current,none,casual,manual,02|admin_unit|contextual|casual_short
14fb5893c9a5d514,xin hỏi khu vực này gần Rạch Dừa không ạ,admin_unit,ward,Rạch Dừa,osm_ward_3610160,Hồ Chí Minh,,,Rạch Dừa,,,contextual,contextual_formal_medium_005,current+none+no_prefix+formal,current,none,formal,manual,02|admin_unit|contextual|formal_medium
d07221dd6ff85ed2,vị trí này gần thành phố mang tên Bác không,admin_unit,province,thành phố mang tên Bác,province_02,Hồ Chí Minh,,,,,,contextual,contextual_neutral_medium_010,spoken_alias+none+no_prefix+neutral,spoken_alias,none,neutral,manual,02|admin_unit|contextual|neutral_medium
96fff09d88826076,này chỗ này có gần Bình Khánh không,admin_unit,ward,Bình Khánh,osm_ward_7468179,Hồ Chí Minh,,,Bình Khánh,,,contextual,contextual_neutral_medium_001,current+none+no_prefix+neutral,current,none,neutral,manual,02|admin_unit|contextual|neutral_medium
1085e5714342f52a,chỗ này gần Hồ Chí Minh không,admin_unit,province,Hồ Chí Minh,province_02,Hồ Chí Minh,,,,,,contextual,contextual_neutral_short_004,current+none+no_prefix+neutral,current,none,neutral,manual,02|admin_unit|contextual|neutral_short
a941733d98cb2c8d,có gần xã Vĩnh Lộc không,admin_unit,ward,xã Vĩnh Lộc,osm_ward_7463546,Hồ Chí Minh,,,Vĩnh Lộc,,,contextual,contextual_neutral_short_005,current+none+prefix+neutral,current,none,neutral,manual,02|admin_unit|contextual|neutral_short
0ea149ed95b6128b,"này cho mình hỏi cái, từ đây qua xã Long Sơn đi lối nào nhỉ",admin_unit,ward,xã Long Sơn,osm_ward_3610360,Hồ Chí Minh,,,Long Sơn,,,conversational,conversational_casual_long_003,current+none+prefix+casual,current,none,casual,manual,02|admin_unit|conversational|casual_long
71aa8abe6f85af47,hỏi lối thành phố Hồ Chí Minh được không,admin_unit,province,thành phố Hồ Chí Minh,province_02,Hồ Chí Minh,,,,,,conversational,conversational_casual_short_004,current+none+prefix+casual,current,none,casual,manual,02|admin_unit|conversational|casual_short
17f18e49c4f64886,biết đường phường Lái Thiêu không,admin_unit,ward,phường Lái Thiêu,osm_ward_13470501,Hồ Chí Minh,,,Lái Thiêu,,,conversational,conversational_casual_short_002,current+none+prefix+casual,current,none,casual,manual,02|admin_unit|conversational|casual_short
9b55e8f528cb8b99,tôi đang cần hỏi đường đến xã Bình Hưng được không ạ,admin_unit,ward,xã Bình Hưng,osm_ward_7462675,Hồ Chí Minh,,,Bình Hưng,,,conversational,conversational_formal_medium_003,current+none+prefix+formal,current,none,formal,manual,02|admin_unit|conversational|formal_medium
5c59efbb730e74d7,cho tôi hỏi mình đang tìm đường đến Hồ Chí Minh với,admin_unit,province,Hồ Chí Minh,province_02,Hồ Chí Minh,,,,,,conversational,conversational_neutral_medium_007,current+none+no_prefix+neutral,current,none,neutral,manual,02|admin_unit|conversational|neutral_medium
d08a283931118e0b,giúp tôi tìm đường đến Bến Thành nhé,admin_unit,ward,Bến Thành,osm_ward_19260503,Hồ Chí Minh,,,Bến Thành,,,conversational,conversational_neutral_medium_009,current+none+no_prefix+neutral,current,none,neutral,manual,02|admin_unit|conversational|neutral_medium
b438738e55f72aa3,cho hỏi đường đến Bình Dương cũ với,admin_unit,province,Bình Dương cũ,province_02,Hồ Chí Minh,Bình Dương,,,,,conversational,conversational_neutral_short_001,legacy+none+no_prefix+neutral,legacy,none,neutral,manual,02|admin_unit|conversational|neutral_short
2f7ed4b6a19f04f4,cho hỏi đường phường Chánh Hưng ở tỉnh Bà Rịa - Vũng Tàu,admin_unit,ward,phường Chánh Hưng ở tỉnh Bà Rịa - Vũng Tàu,osm_ward_19260925,Hồ Chí Minh,Bà Rịa - Vũng Tàu,,Chánh Hưng,,,conversational,conversational_neutral_short_007,legacy+none+prefix+neutral,legacy,none,neutral,manual,02|admin_unit|conversational|neutral_short
4521f026ef891242,"dẫn đường tới thành phố Hồ Chí Minh giúp mình, đi đường tắt cũng được",admin_unit,province,thành phố Hồ Chí Minh,province_02,Hồ Chí Minh,,,,,,nav_command,nav_command_casual_long_006,current+none+prefix+casual,current,none,casual,manual,02|admin_unit|nav_command|casual_long
717db99036f17c19,"ơ chỉ mình đường đi Thường Tân đi, mình mới chuyển tới đây",admin_unit,ward,Thường Tân,osm_ward_15071235,Hồ Chí Minh,,,Thường Tân,,,nav_command,nav_command_casual_long_003,current+none+no_prefix+casual,current,none,casual,manual,02|admin_unit|nav_command|casual_long
b4d9385d56389b3d,phóng tới thành phố Hồ Chí Minh,admin_unit,province,thành phố Hồ Chí Minh,province_02,Hồ Chí Minh,,,,,,nav_command,nav_command_casual_short_008,current+none+prefix+casual,current,none,casual,manual,02|admin_unit|nav_command|casual_short
b63ee7128c0d58d1,tới An Nhơn với,admin_unit,ward,An Nhơn,osm_ward_19261092,Hồ Chí Minh,,,An Nhơn,,,nav_command,nav_command_casual_short_002,current+none+no_prefix+casual,current,none,casual,manual,02|admin_unit|nav_command|casual_short
41117079f84eabf3,làm ơn cho hỏi mong chỉ giúp tuyến đường đến Bình Dương cũ,admin_unit,province,Bình Dương cũ,province_02,Hồ Chí Minh,Bình Dương,,,,,nav_command,nav_command_formal_medium_009,legacy+none+no_prefix+formal,legacy,none,formal,manual,02|admin_unit|nav_command|formal_medium
be3979af89a2e4f0,mong được chỉ đường tới phường Bình Trưng được không ạ,admin_unit,ward,phường Bình Trưng,osm_ward_7364739,Hồ Chí Minh,,,Bình Trưng,,,nav_command,nav_command_formal_medium_005,current+none+prefix+formal,current,none,formal,manual,02|admin_unit|nav_command|formal_medium
e84d8a43b10b2a75,cho mình hỏi cho tôi đường đi đến thành phố mang tên Bác nhé,admin_unit,province,thành phố mang tên Bác,province_02,Hồ Chí Minh,,,,,,nav_command,nav_command_neutral_medium_002,spoken_alias+none+no_prefix+neutral,spoken_alias,none,neutral,manual,02|admin_unit|nav_command|neutral_medium
7705dc034dbb2cdf,cho mình hỏi hướng dẫn đường đến phường Bình Lợi Trung ở thành phố Hồ Chí Minh,admin_unit,ward,phường Bình Lợi Trung ở thành phố Hồ Chí Minh,osm_ward_19260953,Hồ Chí Minh,,,Bình Lợi Trung,,,nav_command,nav_command_neutral_medium_005,current+none+prefix+neutral,current,none,neutral,manual,02|admin_unit|nav_command|neutral_medium
328eb6450104f550,hướng dẫn đường đến xã Bình Giã với,admin_unit,ward,xã Bình Giã,osm_ward_8145048,Hồ Chí Minh,,,Bình Giã,,,nav_command,nav_command_neutral_medium_005,current+none+prefix+neutral,current,none,neutral,manual,02|admin_unit|nav_command|neutral_medium
a62d4babf12f7b35,tìm đường đến thành phố Hồ Chí Minh với,admin_unit,province,thành phố Hồ Chí Minh,province_02,Hồ Chí Minh,,,,,,nav_command,nav_command_neutral_short_004,current+none+prefix+neutral,current,none,neutral,manual,02|admin_unit|nav_command|neutral_short
4f28575e45e3e71c,chỉ hướng đến xã Tân Vĩnh Lộc nhé,admin_unit,ward,xã Tân Vĩnh Lộc,osm_ward_7463547,Hồ Chí Minh,,,Tân Vĩnh Lộc,,,nav_command,nav_command_neutral_short_009,current+none+prefix+neutral,current,none,neutral,manual,02|admin_unit|nav_command|neutral_short
56de689f790dc9a5,chỉ hướng đến Khánh Hội,admin_unit,ward,Khánh Hội,osm_ward_19260589,Hồ Chí Minh,,,Khánh Hội,,,nav_command,nav_command_neutral_short_009,current+none+no_prefix+neutral,current,none,neutral,manual,02|admin_unit|nav_command|neutral_short
60538a29a5af7371,"ê từ đây tới Phú Hòa Đông ở thành phố Hồ Chí Minh xa không, đi đường nào cho gần với",admin_unit,ward,Phú Hòa Đông ở thành phố Hồ Chí Minh,osm_ward_7627379,Hồ Chí Minh,,,Phú Hòa Đông,,,route_question,route_question_casual_long_005,current+none+no_prefix+casual,current,none,casual,manual,02|admin_unit|route_question|casual_long
8c749678c4f005a5,lối nào tới thành phố mang tên Bác nha,admin_unit,province,thành phố mang tên Bác,province_02,Hồ Chí Minh,,,,,,route_question,route_question_casual_short_006,spoken_alias+none+no_prefix+casual,spoken_alias,none,casual,manual,02|admin_unit|route_question|casual_short
d3ca6a83f4dac690,tới Tân Vĩnh Lộc lối nào,admin_unit,ward,Tân Vĩnh Lộc,osm_ward_7463547,Hồ Chí Minh,,,Tân Vĩnh Lộc,,,route_question,route_question_casual_short_009,current+none+no_prefix+casual,current,none,casual,manual,02|admin_unit|route_question|casual_short
8d2bec0c2c1c0070,làm ơn cho hỏi xin hỏi từ đây đến phường Tân Định ở thành phố Hồ Chí Minh đi thế nào ạ,admin_unit,ward,phường Tân Định ở thành phố Hồ Chí Minh,osm_ward_19260505,Hồ Chí Minh,,,Tân Định,,,route_question,route_question_formal_medium_001,current+none+prefix+formal,current,none,formal,manual,02|admin_unit|route_question|formal_medium
bd9fa5c9b0b70f67,từ đây đến thành phố Hồ Chí Minh đi thế nào,admin_unit,province,thành phố Hồ Chí Minh,province_02,Hồ Chí Minh,,,,,,route_question,route_question_neutral_medium_001,current+none+prefix+neutral,current,none,neutral,manual,02|admin_unit|route_question|neutral_medium
19190ee2f0f1efab,đến phường Vũng Tàu đi lối nào vậy,admin_unit,ward,phường Vũng Tàu,osm_ward_3610162,Hồ Chí Minh,,,Vũng Tàu,,,route_question,route_question_neutral_medium_006,current+none+prefix+neutral,current,none,neutral,manual,02|admin_unit|route_question|neutral_medium
d87d977d115216e2,thành phố Hồ Chí Minh đi đường nào,admin_unit,province,thành phố Hồ Chí Minh,province_02,Hồ Chí Minh,,,,,,route_question,route_question_neutral_short_003,current+none+prefix+neutral,current,none,neutral,manual,02|admin_unit|route_question|neutral_short
43d90bb57d3b952c,tới phường Bình Hưng Hòa đường nào nhỉ,admin_unit,ward,phường Bình Hưng Hòa,osm_ward_6915823,Hồ Chí Minh,,,Bình Hưng Hòa,,,route_question,route_question_neutral_short_007,current+none+prefix+neutral,current,none,neutral,manual,02|admin_unit|route_question|neutral_short
94d6226e1c2827e7,"à kiếm giúp mình thành phố Hồ Chí Minh đi, mình đang đói meo rồi được không",admin_unit,province,thành phố Hồ Chí Minh,province_02,Hồ Chí Minh,,,,,,search,search_casual_long_002,current+none+prefix+casual,current,none,casual,manual,02|admin_unit|search|casual_long
bb2316cbdff7816f,"kiếm giúp mình Xuân Hòa đi, mình đang đói meo rồi cái nhé",admin_unit,ward,Xuân Hòa,osm_ward_19260546,Hồ Chí Minh,,,Xuân Hòa,,,search,search_casual_long_002,current+none+no_prefix+casual,current,none,casual,manual,02|admin_unit|search|casual_long
193f61faaff40dd9,kiếm thành phố Hồ Chí Minh nha,admin_unit,province,thành phố Hồ Chí Minh,province_02,Hồ Chí Minh,,,,,,search,search_casual_short_002,current+none+prefix+casual,current,none,casual,manual,02|admin_unit|search|casual_short
aeb253f982a2a2b3,tìm thử Minh Phụng đi,admin_unit,ward,Minh Phụng,osm_ward_19260758,Hồ Chí Minh,,,Minh Phụng,,,search,search_casual_short_006,current+none+no_prefix+casual,current,none,casual,manual,02|admin_unit|search|casual_short
bdb15563f2485020,làm ơn cho hỏi mong tìm giúp thành phố Hồ Chí Minh,admin_unit,province,thành phố Hồ Chí Minh,province_02,Hồ Chí Minh,,,,,,search,search_formal_medium_004,current+none+prefix+formal,current,none,formal,manual,02|admin_unit|search|formal_medium
45436544fe37e4a6,cho tôi hỏi một chút xin tìm giúp thông tin về phường Võ Thị Sáu,admin_unit,ward,phường Võ Thị Sáu,hcm_q3_vothiSau,Hồ Chí Minh,,,Võ Thị Sáu,,,search,search_formal_medium_009,current+none+prefix+formal,current,none,formal,manual,02|admin_unit|search|formal_medium
fb810c5cfb87fc46,tìm giúp tôi thông tin về Bình Dương nhé,admin_unit,province,Bình Dương,province_02,Hồ Chí Minh,Bình Dương,,,,,search,search_neutral_medium_009,legacy+none+no_prefix+neutral,legacy,none,neutral,manual,02|admin_unit|search|neutral_medium
71ab91e902e4e91b,tìm giúp tôi vị trí xã Long Hải giúp tôi,admin_unit,ward,xã Long Hải,osm_ward_5485503,Hồ Chí Minh,,,Long Hải,,,search,search_neutral_medium_001,current+none+prefix+neutral,current,none,neutral,manual,02|admin_unit|search|neutral_medium
e111c93f94a8ef70,cho mình hỏi tìm giúp tôi vị trí Đức Nhuận,admin_unit,ward,Đức Nhuận,osm_ward_19261676,Hồ Chí Minh,,,Đức Nhuận,,,search,search_neutral_medium_001,current+none+no_prefix+neutral,current,none,neutral,manual,02|admin_unit|search|neutral_medium
4503dca1bb27fb43,tìm vị trí thành phố Hồ Chí Minh,admin_unit,province,thành phố Hồ Chí Minh,province_02,Hồ Chí Minh,,,,,,search,search_neutral_short_007,current+none+prefix+neutral,current,none,neutral,manual,02|admin_unit|search|neutral_short
2c3fc88027b4b38c,dò giúp phường Thới Hòa ở thành phố Hồ Chí Minh,admin_unit,ward,phường Thới Hòa ở thành phố Hồ Chí Minh,osm_ward_13477634,Hồ Chí Minh,,,Thới Hòa,,,search,search_neutral_short_010,current+none+prefix+neutral,current,none,neutral,manual,02|admin_unit|search|neutral_short
a46c6cae1b74c41f,tìm vị trí Tân Sơn Nhì được không,admin_unit,ward,Tân Sơn Nhì,osm_ward_6892359,Hồ Chí Minh,,,Tân Sơn Nhì,,,search,search_neutral_short_007,current+none+no_prefix+neutral,current,none,neutral,manual,02|admin_unit|search|neutral_short
843d9132f1c4147c,"cái chỗ Rạch Dừa ở thành phố Hồ Chí Minh đó, ghé vô đó xíu đi",admin_unit,ward,Rạch Dừa ở thành phố Hồ Chí Minh,osm_ward_3610160,Hồ Chí Minh,,,Rạch Dừa,,,short_command,short_command_casual_long_002,current+none+no_prefix+casual,current,none,casual,manual,02|admin_unit|short_command|casual_long
946d66bb9311b058,qua thành phố mang tên Bác cái,admin_unit,province,thành phố mang tên Bác,province_02,Hồ Chí Minh,,,,,,short_command,short_command_casual_short_002,spoken_alias+none+no_prefix+casual,spoken_alias,none,casual,manual,02|admin_unit|short_command|casual_short
7c65d39ecc412ef1,qua Xuân Sơn cái,admin_unit,ward,Xuân Sơn,osm_ward_8165423,Hồ Chí Minh,,,Xuân Sơn,,,short_command,short_command_casual_short_002,current+none+no_prefix+casual,current,none,casual,manual,02|admin_unit|short_command|casual_short
cc9d0c4252db1f66,cho tôi hỏi một chút xin rẽ vào phường Thủ Đức,admin_unit,ward,phường Thủ Đức,osm_ward_7138136,Hồ Chí Minh,,,Thủ Đức,,,short_command,short_command_formal_medium_006,current+none+prefix+formal,current,none,formal,manual,02|admin_unit|short_command|formal_medium
bb76d584fd076b76,cho tôi xuống ở thành phố Sài Gòn,admin_unit,province,thành phố Sài Gòn,province_02,Hồ Chí Minh,,,,,,short_command,short_command_neutral_medium_006,spoken_alias+none+prefix+neutral,spoken_alias,none,neutral,manual,02|admin_unit|short_command|neutral_medium
5182306191820305,chạy tới xã Xuyên Mộc,admin_unit,ward,xã Xuyên Mộc,osm_ward_8385623,Hồ Chí Minh,,,Xuyên Mộc,,,short_command,short_command_neutral_medium_007,current+none+prefix+neutral,current,none,neutral,manual,02|admin_unit|short_command|neutral_medium
ca2549bb0903c4dd,đến thành phố Hồ Chí Minh,admin_unit,province,thành phố Hồ Chí Minh,province_02,Hồ Chí Minh,,,,,,short_command,short_command_neutral_short_004,current+none+prefix+neutral,current,none,neutral,manual,02|admin_unit|short_command|neutral_short
879d9f7f8413fbdb,ghé phường Tây Thạnh,admin_unit,ward,phường Tây Thạnh,osm_ward_6892362,Hồ Chí Minh,,,Tây Thạnh,,,short_command,short_command_neutral_short_006,current+none+prefix+neutral,current,none,neutral,manual,02|admin_unit|short_command|neutral_short
242b91679fb8ea85,"cho hỏi cái gần Quán Chay Trúc Lâm Bồ Đề ở thành phố Hồ Chí Minh có sân vận động nào không, mình đang cần gấp với",commercial,restaurant,Quán Chay Trúc Lâm Bồ Đề ở thành phố Hồ Chí Minh,osm_poi_node_13359212516,Hồ Chí Minh,,,,,,contextual,contextual_casual_long_006,current+none+no_prefix+casual,current,none,casual,osm,02|commercial|contextual|casual_long
9f577effdeff862d,gần Cháo thập cẩm nấu Kỷ Ngon lắm không,commercial,restaurant,Cháo thập cẩm nấu Kỷ Ngon,osm_poi_way_1456717236,Hồ Chí Minh,,,,,,contextual,contextual_casual_short_009,current+none+no_prefix+casual,current,none,casual,osm,02|commercial|contextual|casual_short
6f9183e5c55594e9,Khách Sạn Kim Thư gần xịt không,commercial,hotel,Khách Sạn Kim Thư,osm_poi_node_8039136185,Hồ Chí Minh,,,,,,contextual,contextual_casual_short_010,current+none+no_prefix+casual,current,none,casual,osm,02|commercial|contextual|casual_short
01b920b56f526007,xin hỏi quanh đây có gần Khách Sạn Giang Home ở thành phố Hồ Chí Minh không ạ,commercial,hotel,Khách Sạn Giang Home ở thành phố Hồ Chí Minh,osm_poi_node_4443537591,Hồ Chí Minh,,,,,,contextual,contextual_formal_medium_004,current+none+no_prefix+formal,current,none,formal,osm,02|commercial|contextual|formal_medium
b33580edd7dfbe8e,chỗ này có gần Nhà Hàng Gà Nướng Bảy Đực ở thành phố Hồ Chí Minh không,commercial,restaurant,Nhà Hàng Gà Nướng Bảy Đực ở thành phố Hồ Chí Minh,osm_poi_node_4819909822,Hồ Chí Minh,,,,,,contextual,contextual_neutral_medium_001,current+none+no_prefix+neutral,current,none,neutral,osm,02|commercial|contextual|neutral_medium
ed7d51136501ed8f,từ đây đến Ngân Hàng HDbank - Lê Đại Hành ở thành phố Hồ Chí Minh có xa không,commercial,bank,Ngân Hàng HDbank - Lê Đại Hành ở thành phố Hồ Chí Minh,osm_poi_way_717310022,Hồ Chí Minh,,,,,,contextual,contextual_neutral_medium_005,current+none+no_prefix+neutral,current,none,neutral,osm,02|commercial|contextual|neutral_medium
d53e8bd9d50291c2,gần Quán Nhà chưa,commercial,restaurant,Quán Nhà,osm_poi_node_6793172413,Hồ Chí Minh,,,,,,contextual,contextual_neutral_short_008,current+none+no_prefix+neutral,current,none,neutral,osm,02|commercial|contextual|neutral_short
fd7c5b689bcf3c8b,chỗ này gần Mì Quảng ba Anh Em không,commercial,restaurant,Mì Quảng ba Anh Em,osm_poi_node_13521437693,Hồ Chí Minh,,,,,,contextual,contextual_neutral_short_004,current+cardinal+no_prefix+neutral,current,cardinal,neutral,osm,02|commercial|contextual|neutral_short
da9ef80764e338b1,"cho hỏi cái mình đang định qua PVcomBank ở tỉnh Bình Dương, ai biết đường chỉ mình với",commercial,bank,PVcomBank ở tỉnh Bình Dương,osm_poi_node_5350664456,Hồ Chí Minh,Bình Dương,,,,,conversational,conversational_casual_long_010,legacy+none+no_prefix+casual,legacy,none,casual,osm,02|commercial|conversational|casual_long
d800fd21b753535f,"mình đang cần gấp, ai biết đường đến Tops Market - Thảo Điền chỉ mình với",commercial,supermarket,Tops Market - Thảo Điền,osm_poi_node_9585983486,Hồ Chí Minh,,,,,,conversational,conversational_casual_long_006,current+none+no_prefix+casual,current,none,casual,osm,02|commercial|conversational|casual_long
686048605d4a94b2,đường Quán ốc CK ở thành phố Hồ Chí Minh sao,commercial,restaurant,Quán ốc CK ở thành phố Hồ Chí Minh,osm_poi_way_1527620022,Hồ Chí Minh,,,,,,conversational,conversational_casual_short_005,current+none+no_prefix+casual,current,none,casual,osm,02|commercial|conversational|casual_short
5d628f47a5e98478,đường Suite Backpackers Inn sao,commercial,hotel,Suite Backpackers Inn,osm_poi_node_4169434089,Hồ Chí Minh,,,,,,conversational,conversational_casual_short_005,current+none+no_prefix+casual,current,none,casual,osm,02|commercial|conversational|casual_short
a85b1211b65c7c98,xin phép hỏi tôi muốn hỏi đường đến Nhà Hàng Lẩu Cua,commercial,restaurant,Nhà Hàng Lẩu Cua,osm_poi_node_1635104029,Hồ Chí Minh,,,,,,conversational,conversational_formal_medium_001,current+none+no_prefix+formal,current,none,formal,osm,02|commercial|conversational|formal_medium
56aa6252ee1a8c7a,xin cho hỏi tôi cần hỏi đường đi Maximart giúp tôi với ạ,commercial,supermarket,Maximart,osm_poi_node_1597982717,Hồ Chí Minh,,,,,,conversational,conversational_formal_medium_007,current+none+no_prefix+formal,current,none,formal,osm,02|commercial|conversational|formal_medium
a8b1476ad46ab4bc,giúp tôi tìm đường đến Agribank,commercial,bank,Agribank,osm_poi_node_6753912120,Hồ Chí Minh,,,,,,conversational,conversational_neutral_medium_009,current+none+no_prefix+neutral,current,none,neutral,osm,02|commercial|conversational|neutral_medium
b91930cc82e08376,giúp tôi tìm đường đến Siêu Thị Mini Bình Minh ở thành phố Hồ Chí Minh giúp tôi,commercial,supermarket,Siêu Thị Mini Bình Minh ở thành phố Hồ Chí Minh,osm_poi_node_1641500874,Hồ Chí Minh,,,,,,conversational,conversational_neutral_medium_009,current+none+no_prefix+neutral,current,none,neutral,osm,02|commercial|conversational|neutral_medium
fec56331a91f9122,cho mình hỏi lối đến Nhà Hàng Dim Tu Tac ở thành phố Hồ Chí Minh với,commercial,restaurant,Nhà Hàng Dim Tu Tac ở thành phố Hồ Chí Minh,osm_poi_node_9587113803,Hồ Chí Minh,,,,,,conversational,conversational_neutral_medium_006,current+none+no_prefix+neutral,current,none,neutral,osm,02|commercial|conversational|neutral_medium
abf6b0942e40c4ac,cho hỏi đường Pizza Hut ở tỉnh Bà Rịa - Vũng Tàu được không,commercial,restaurant,Pizza Hut ở tỉnh Bà Rịa - Vũng Tàu,osm_poi_node_4089366197,Hồ Chí Minh,Bà Rịa - Vũng Tàu,,,,,conversational,conversational_neutral_short_007,legacy+none+no_prefix+neutral,legacy,none,neutral,osm,02|commercial|conversational|neutral_short
bf754ca173896e20,cho hỏi đường Khách sạn & Suites JW Marriott Sài Gòn ở tỉnh Bình Dương,commercial,hotel,Khách sạn & Suites JW Marriott Sài Gòn ở tỉnh Bình Dương,osm_poi_way_165520768,Hồ Chí Minh,Bình Dương,,,,,conversational,conversational_neutral_short_007,legacy+none+no_prefix+neutral,legacy,none,neutral,osm,02|commercial|conversational|neutral_short
6975d53631a0debf,hỏi hướng đến BIDV ở thành phố Hồ Chí Minh,commercial,bank,BIDV ở thành phố Hồ Chí Minh,osm_poi_node_6315687786,Hồ Chí Minh,,,,,,conversational,conversational_neutral_short_010,current+none+no_prefix+neutral,current,none,neutral,osm,02|commercial|conversational|neutral_short
95c292502d7c5124,"chỉ mình lối đến Warning Zone ở thành phố Hồ Chí Minh đi, mình đang bị lạc nè",commercial,restaurant,Warning Zone ở thành phố Hồ Chí Minh,osm_poi_node_9584833483,Hồ Chí Minh,,,,,,nav_command,nav_command_casual_long_007,current+none+no_prefix+casual,current,none,casual,osm,02|commercial|nav_command|casual_long
637a694eab63e9e1,"cho hỏi cái ờ dẫn mình tới Nhà hàng Ếch Xanh ở thành phố Hồ Chí Minh với, mình không rành đường lắm cái nhé",commercial,restaurant,Nhà hàng Ếch Xanh ở thành phố Hồ Chí Minh,osm_poi_node_6645617788,Hồ Chí Minh,,,,,,nav_command,nav_command_casual_long_002,current+none+no_prefix+casual,current,none,casual,osm,02|commercial|nav_command|casual_long
d8737dfc129fc970,"dẫn mình đường tới Hủ Tiếu Mì ở tỉnh Bình Dương cũ với, đi từ từ thôi cũng được được không",commercial,restaurant,Hủ Tiếu Mì ở tỉnh Bình Dương cũ,osm_poi_way_1549755885,Hồ Chí Minh,Bình Dương,,,,,nav_command,nav_command_casual_long_010,legacy+none+no_prefix+casual,legacy,none,casual,osm,02|commercial|nav_command|casual_long
eda41fb569cd6972,lái đến Tiệm Hủ Tiếu Nhân Quán ở thành phố Hồ Chí Minh cái nhé,commercial,restaurant,Tiệm Hủ Tiếu Nhân Quán ở thành phố Hồ Chí Minh,osm_poi_node_4690507794,Hồ Chí Minh,,,,,,nav_command,nav_command_casual_short_006,current+none+no_prefix+casual,current,none,casual,osm,02|commercial|nav_command|casual_short
fd74f05d6706b971,chỉ đường DNTN Suất Ăn Công Nghiệp Long An VN,commercial,restaurant,DNTN Suất Ăn Công Nghiệp Long An VN,osm_poi_node_4527482890,Hồ Chí Minh,,,,,,nav_command,nav_command_casual_short_004,current+none+no_prefix+casual,current,none,casual,osm,02|commercial|nav_command|casual_short
a96f980ed872ca25,tới Hoahiep Petrol đi mà,commercial,gas_station,Hoahiep Petrol,osm_poi_way_1338752821,Hồ Chí Minh,,,,,,nav_command,nav_command_casual_short_002,current+none+no_prefix+casual,current,none,casual,osm,02|commercial|nav_command|casual_short
8809b2d79dc75622,xin cho hỏi xin chỉ đường đến Sloppy Joe ở thành phố Hồ Chí Minh giúp tôi với ạ,commercial,restaurant,Sloppy Joe ở thành phố Hồ Chí Minh,osm_poi_node_12683583297,Hồ Chí Minh,,,,,,nav_command,nav_command_formal_medium_001,current+none+no_prefix+formal,current,none,formal,osm,02|commercial|nav_command|formal_medium
b3c34ea72439bb1f,xin cho hỏi mong chỉ giúp tuyến đường đến Thượng Hải ạ,commercial,hotel,Thượng Hải,osm_poi_way_1469350414,Hồ Chí Minh,,,,,,nav_command,nav_command_formal_medium_009,current+none+no_prefix+formal,current,none,formal,osm,02|commercial|nav_command|formal_medium
6ff899875a67209c,cho tôi hỏi một chút mong chỉ giúp tuyến đường đến Bún Bò Huế Lyn ở thành phố Hồ Chí Minh được không ạ,commercial,restaurant,Bún Bò Huế Lyn ở thành phố Hồ Chí Minh,osm_poi_node_6794876985,Hồ Chí Minh,,,,,,nav_command,nav_command_formal_medium_009,current+none+no_prefix+formal,current,none,formal,osm,02|commercial|nav_command|formal_medium
332536d57cd86d43,cho hỏi chỉ tuyến đường đến Cơm Chay Yến Mai ở thành phố Hồ Chí Minh nhé,commercial,restaurant,Cơm Chay Yến Mai ở thành phố Hồ Chí Minh,osm_poi_node_13742629605,Hồ Chí Minh,,,,,,nav_command,nav_command_neutral_medium_007,current+none+no_prefix+neutral,current,none,neutral,osm,02|commercial|nav_command|neutral_medium
a966788bafadef7c,cho hỏi cho tôi đường đi đến Cô Cư Chè quán,commercial,restaurant,Cô Cư Chè quán,osm_poi_way_1487080250,Hồ Chí Minh,,,,,,nav_command,nav_command_neutral_medium_002,current+none+no_prefix+neutral,current,none,neutral,osm,02|commercial|nav_command|neutral_medium
2e909166d2cfa663,chỉ tuyến đường đến Quán Cơm Dân Chủ ở thành phố Hồ Chí Minh nhé,commercial,restaurant,Quán Cơm Dân Chủ ở thành phố Hồ Chí Minh,osm_poi_node_3227623263,Hồ Chí Minh,,,,,,nav_command,nav_command_neutral_medium_007,current+none+no_prefix+neutral,current,none,neutral,osm,02|commercial|nav_command|neutral_medium
9f7579ffa62043cf,hướng dẫn đường đến Co.opmart SCA Phạm Văn Chiêu giúp tôi,commercial,supermarket,Co.opmart SCA Phạm Văn Chiêu,osm_poi_way_1214094908,Hồ Chí Minh,,,,,,nav_command,nav_command_neutral_medium_005,current+none+no_prefix+neutral,current,none,neutral,osm,02|commercial|nav_command|neutral_medium
30994ecabc808d6b,chỉ hướng đến Comeco,commercial,gas_station,Comeco,osm_poi_way_715838875,Hồ Chí Minh,,,,,,nav_command,nav_command_neutral_short_009,current+none+no_prefix+neutral,current,none,neutral,osm,02|commercial|nav_command|neutral_short
c9234699b6cd732a,chỉ hướng đến Bếp Chay An Nhiên Viên ở thành phố Hồ Chí Minh,commercial,restaurant,Bếp Chay An Nhiên Viên ở thành phố Hồ Chí Minh,osm_poi_node_13138020239,Hồ Chí Minh,,,,,,nav_command,nav_command_neutral_short_009,current+none+no_prefix+neutral,current,none,neutral,osm,02|commercial|nav_command|neutral_short
347a4b969ebabba1,tìm đường đến Quán Mì Nấm ở tỉnh Bình Dương cũ,commercial,restaurant,Quán Mì Nấm ở tỉnh Bình Dương cũ,osm_poi_node_12816068713,Hồ Chí Minh,Bình Dương,,,,,nav_command,nav_command_neutral_short_004,legacy+none+no_prefix+neutral,legacy,none,neutral,osm,02|commercial|nav_command|neutral_short
38acb7f285cb6a02,chỉ đường đến Sukiya với,commercial,restaurant,Sukiya,osm_poi_node_12606277101,Hồ Chí Minh,,,,,,nav_command,nav_command_neutral_short_001,current+none+no_prefix+neutral,current,none,neutral,osm,02|commercial|nav_command|neutral_short
7d84f00c1014906f,"cho hỏi cái có ai biết đường tới Saigon Cafe không, chỉ mình với",commercial,restaurant,Saigon Cafe,osm_poi_node_10607223987,Hồ Chí Minh,,,,,,route_question,route_question_casual_long_006,current+none+no_prefix+casual,current,none,casual,osm,02|commercial|route_question|casual_long
4c577b1edcf81385,"muốn qua Vietcombank ở thành phố Hồ Chí Minh mà không biết đi lối nào, chỉ mình cái",commercial,bank,Vietcombank ở thành phố Hồ Chí Minh,osm_poi_node_7007167875,Hồ Chí Minh,,,,,,route_question,route_question_casual_long_002,current+none+no_prefix+casual,current,none,casual,osm,02|commercial|route_question|casual_long
fd3de2250e81328b,lối nào tới Quán Ăn Mì Vịt Tiềm Thuận Hiếu đi,commercial,restaurant,Quán Ăn Mì Vịt Tiềm Thuận Hiếu,osm_poi_node_14024825889,Hồ Chí Minh,,,,,,route_question,route_question_casual_short_006,current+none+no_prefix+casual,current,none,casual,osm,02|commercial|route_question|casual_short
7608b357baa0dd83,Ẩm Thực Chay Hương Sen đường nào vậy,commercial,restaurant,Ẩm Thực Chay Hương Sen,osm_poi_node_13011555600,Hồ Chí Minh,,,,,,route_question,route_question_casual_short_008,current+none+no_prefix+casual,current,none,casual,osm,02|commercial|route_question|casual_short
12d5db97255ee9e1,làm ơn cho hỏi xin hỏi muốn tới Phim cách nhiệt nhà kính NanoX thì đi đường nào ạ,commercial,supermarket,Phim cách nhiệt nhà kính NanoX,osm_poi_node_12249396552,Hồ Chí Minh,,,,,,route_question,route_question_formal_medium_004,current+none+no_prefix+formal,current,none,formal,osm,02|commercial|route_question|formal_medium
5b73d51fd1a2c896,xin hỏi từ đây đến Gà nướng Bia hơi Hồng Kông đi thế nào,commercial,restaurant,Gà nướng Bia hơi Hồng Kông,osm_poi_node_13667388817,Hồ Chí Minh,,,,,,route_question,route_question_formal_medium_001,current+none+no_prefix+formal,current,none,formal,osm,02|commercial|route_question|formal_medium
5e9583be8514e1f5,từ đây đến Đình Phát ở thành phố mang tên Bác đi thế nào nhỉ,commercial,hotel,Đình Phát ở thành phố mang tên Bác,osm_poi_way_807138076,Hồ Chí Minh,,,,,,route_question,route_question_neutral_medium_001,spoken_alias+none+no_prefix+neutral,spoken_alias,none,neutral,osm,02|commercial|route_question|neutral_medium
0d271b7cb03d6e4e,đến BacAbank đi lối nào,commercial,bank,BacAbank,osm_poi_node_3235652074,Hồ Chí Minh,,,,,,route_question,route_question_neutral_medium_006,current+none+no_prefix+neutral,current,none,neutral,osm,02|commercial|route_question|neutral_medium
4e03838b3396a22f,từ đây tới Trạm Xăng Đầu Thắng Xuân đi kiểu gì nhỉ,commercial,gas_station,Trạm Xăng Đầu Thắng Xuân,osm_poi_node_729604915,Hồ Chí Minh,,,,,,route_question,route_question_neutral_medium_002,current+none+no_prefix+neutral,current,none,neutral,osm,02|commercial|route_question|neutral_medium
ecd6b4c1b373a389,tới The Beach Club đường nào vậy,commercial,restaurant,The Beach Club,osm_poi_way_469361864,Hồ Chí Minh,,,,,,route_question,route_question_neutral_short_007,current+none+no_prefix+neutral,current,none,neutral,osm,02|commercial|route_question|neutral_short
353ab1ca8f98bb7f,tới Nhà Hàng Shri Lounge đi lối nào,commercial,restaurant,Nhà Hàng Shri Lounge,osm_poi_node_1770193906,Hồ Chí Minh,,,,,,route_question,route_question_neutral_short_002,current+none+no_prefix+neutral,current,none,neutral,osm,02|commercial|route_question|neutral_short
fbced32293a4f9a9,đi Nguyên Phát II lối nào,commercial,restaurant,Nguyên Phát II,osm_poi_way_1470052605,Hồ Chí Minh,,,,,,route_question,route_question_neutral_short_005,current+none+no_prefix+neutral,current,none,neutral,osm,02|commercial|route_question|neutral_short
b34df341fe4e2967,"tìm giúp mình Phố Việt đi, chỗ nào ngon ngon ấy nha",commercial,restaurant,Phố Việt,osm_poi_way_1463053974,Hồ Chí Minh,,,,,,search,search_casual_long_010,current+none+no_prefix+casual,current,none,casual,osm,02|commercial|search|casual_long
7686a45537b38bfd,"ờ tìm thử giúp mình Khách Sạn Ava hai xem, gần đây có không",commercial,hotel,Khách Sạn Ava hai,osm_poi_node_4213710995,Hồ Chí Minh,,,,,,search,search_casual_long_005,current+cardinal+no_prefix+casual,current,cardinal,casual,osm,02|commercial|search|casual_long
8054306d51b05159,mò tìm Khách Sạn Ailen Garden đi mà,commercial,hotel,Khách Sạn Ailen Garden,osm_poi_node_7025492986,Hồ Chí Minh,,,,,,search,search_casual_short_010,current+none+no_prefix+casual,current,none,casual,osm,02|commercial|search|casual_short
60a989556e8b72ed,tìm VPBank ở thành phố Hồ Chí Minh với,commercial,bank,VPBank ở thành phố Hồ Chí Minh,osm_poi_node_4869085327,Hồ Chí Minh,,,,,,search,search_casual_short_001,current+none+no_prefix+casual,current,none,casual,osm,02|commercial|search|casual_short
e99e2364213ad441,lục tìm Pizza Hut nha,commercial,restaurant,Pizza Hut,osm_poi_node_13757967704,Hồ Chí Minh,,,,,,search,search_casual_short_009,current+none+no_prefix+casual,current,none,casual,osm,02|commercial|search|casual_short
1dfa0d968f0d155d,làm ơn cho hỏi xin tra giúp thông tin Nhà Hàng Sushi Kei xin cảm ơn,commercial,restaurant,Nhà Hàng Sushi Kei,osm_poi_node_7016628659,Hồ Chí Minh,,,,,,search,search_formal_medium_003,current+none+no_prefix+formal,current,none,formal,osm,02|commercial|search|formal_medium
c4188eb6d912046c,nhờ tra vị trí El Gaucho | Saigon Pearl ở thành phố Hồ Chí Minh xin cảm ơn,commercial,restaurant,El Gaucho | Saigon Pearl ở thành phố Hồ Chí Minh,osm_poi_node_9645043688,Hồ Chí Minh,,,,,,search,search_formal_medium_006,current+none+no_prefix+formal,current,none,formal,osm,02|commercial|search|formal_medium
482f1e2ac32d0ef8,tìm giúp tôi thông tin về Lẩu Chay Nhà Nát ở thành phố Hồ Chí Minh nhé,commercial,restaurant,Lẩu Chay Nhà Nát ở thành phố Hồ Chí Minh,osm_poi_node_12798100730,Hồ Chí Minh,,,,,,search,search_neutral_medium_009,current+none+no_prefix+neutral,current,none,neutral,osm,02|commercial|search|neutral_medium
f412856f55bfff56,thế tìm hộ tôi vị trí Khách Sạn Cô Lợi với,commercial,hotel,Khách Sạn Cô Lợi,osm_poi_node_1063811183,Hồ Chí Minh,,,,,,search,search_neutral_medium_006,current+none+no_prefix+neutral,current,none,neutral,osm,02|commercial|search|neutral_medium
690ebc941c36c282,cho hỏi kiếm giúp tôi thông tin Sukiya ở thành phố Hồ Chí Minh nhé,commercial,restaurant,Sukiya ở thành phố Hồ Chí Minh,osm_poi_node_7016628661,Hồ Chí Minh,,,,,,search,search_neutral_medium_002,current+none+no_prefix+neutral,current,none,neutral,osm,02|commercial|search|neutral_medium
218f3adf9dcfde0d,này kiếm giúp tôi chỗ Nhà Hàng Soya Pudding ở thành phố Hồ Chí Minh,commercial,restaurant,Nhà Hàng Soya Pudding ở thành phố Hồ Chí Minh,osm_poi_node_2957025634,Hồ Chí Minh,,,,,,search,search_neutral_medium_010,current+none+no_prefix+neutral,current,none,neutral,osm,02|commercial|search|neutral_medium
8ffbbd9e3f0fbc12,tìm thử BIDV ở thành phố Hồ Chí Minh,commercial,bank,BIDV ở thành phố Hồ Chí Minh,osm_poi_way_263640383,Hồ Chí Minh,,,,,,search,search_neutral_short_008,current+none+no_prefix+neutral,current,none,neutral,osm,02|commercial|search|neutral_short
a21f311f1591db12,kiếm giúp Nhà Hàng Kohako Sushi với,commercial,restaurant,Nhà Hàng Kohako Sushi,osm_poi_node_5366253671,Hồ Chí Minh,,,,,,search,search_neutral_short_003,current+none+no_prefix+neutral,current,none,neutral,osm,02|commercial|search|neutral_short
b919091fe5da942b,tìm vị trí BIDV,commercial,bank,BIDV,osm_poi_node_6789730186,Hồ Chí Minh,,,,,,search,search_neutral_short_007,current+none+no_prefix+neutral,current,none,neutral,osm,02|commercial|search|neutral_short
dcde2dabd66486e7,kiếm giúp Hana Buffet,commercial,restaurant,Hana Buffet,osm_poi_node_3227808476,Hồ Chí Minh,,,,,,search,search_neutral_short_003,current+none+no_prefix+neutral,current,none,neutral,osm,02|commercial|search|neutral_short
89ec73a4a1e8a625,"này chỗ Khách Sạn Đại Huy Hoàng lúc nãy nói ấy, quẹo vô đó đi",commercial,hotel,Khách Sạn Đại Huy Hoàng,osm_poi_node_2103831053,Hồ Chí Minh,,,,,,short_command,short_command_casual_long_006,current+none+no_prefix+casual,current,none,casual,osm,02|commercial|short_command|casual_long
0bbf2db5d56e1478,"à Sacombank đó mà, tấp vô đi cho rồi được không",commercial,bank,Sacombank,osm_poi_node_947763479,Hồ Chí Minh,,,,,,short_command,short_command_casual_long_008,current+none+no_prefix+casual,current,none,casual,osm,02|commercial|short_command|casual_long
032a7cf7d0d24c89,vòng qua Vườn Chay Giác Duyên nha,commercial,restaurant,Vườn Chay Giác Duyên,osm_poi_node_13185847339,Hồ Chí Minh,,,,,,short_command,short_command_casual_short_005,current+none+no_prefix+casual,current,none,casual,osm,02|commercial|short_command|casual_short
cdf249db103f662c,chạy vô Gigamall Thủ Đức,commercial,shopping_mall,Gigamall Thủ Đức,osm_poi_node_9586916912,Hồ Chí Minh,,,,,,short_command,short_command_casual_short_008,current+none+no_prefix+casual,current,none,casual,osm,02|commercial|short_command|casual_short
8d9ad4bb04e74a62,cho tôi hỏi một chút xin cho xe chạy đến Vikki Bank được không ạ,commercial,bank,Vikki Bank,osm_poi_node_3198068121,Hồ Chí Minh,,,,,,short_command,short_command_formal_medium_002,current+none+no_prefix+formal,current,none,formal,osm,02|commercial|short_command|formal_medium
e9125e803ddc5a21,xin dừng lại ở VPBank,commercial,bank,VPBank,osm_poi_node_4869085327,Hồ Chí Minh,,,,,,short_command,short_command_formal_medium_003,current+none+no_prefix+formal,current,none,formal,osm,02|commercial|short_command|formal_medium
c501d0714a700e4c,đi thẳng tới Trung tâm Nhà hàng Tiệc cưới Hải Yến,commercial,restaurant,Trung tâm Nhà hàng Tiệc cưới Hải Yến,osm_poi_way_1146140831,Hồ Chí Minh,,,,,,short_command,short_command_neutral_medium_009,current+none+no_prefix+neutral,current,none,neutral,osm,02|commercial|short_command|neutral_medium
1b04a58a063e336c,đi thẳng tới PV Oil,commercial,gas_station,PV Oil,osm_poi_way_724128862,Hồ Chí Minh,,,,,,short_command,short_command_neutral_medium_009,current+none+no_prefix+neutral,current,none,neutral,osm,02|commercial|short_command|neutral_medium
aac2ed2bccffe070,cho xe rẽ vào BIDV ở thành phố Hồ Chí Minh,commercial,bank,BIDV ở thành phố Hồ Chí Minh,osm_poi_node_7017596604,Hồ Chí Minh,,,,,,short_command,short_command_neutral_medium_010,current+none+no_prefix+neutral,current,none,neutral,osm,02|commercial|short_command|neutral_medium
e7fb4a14f8c32002,đi BIDV được không,commercial,bank,BIDV,osm_poi_way_718503403,Hồ Chí Minh,,,,,,short_command,short_command_neutral_short_002,current+none+no_prefix+neutral,current,none,neutral,osm,02|commercial|short_command|neutral_short
1bc69bea2b1a33c2,rẽ Chay ba sáu năm,commercial,restaurant,Chay ba sáu năm,osm_poi_node_12880170399,Hồ Chí Minh,,,,,,short_command,short_command_neutral_short_009,current+mixed+no_prefix+neutral,current,mixed,neutral,osm,02|commercial|short_command|neutral_short
d97f0873728b16ef,qua Nhà Hàng Hương Đồng bốn,commercial,restaurant,Nhà Hàng Hương Đồng bốn,osm_poi_node_2340227004,Hồ Chí Minh,,,,,,short_command,short_command_neutral_short_005,current+cardinal+no_prefix+neutral,current,cardinal,neutral,osm,02|commercial|short_command|neutral_short
4692e30aeb2baade,"ơ ờ đoạn này gần Bia Kỷ Niệm Lễ Độc Lập ở thành phố Hồ Chí Minh không vậy ta, xa không",landmark,monument,Bia Kỷ Niệm Lễ Độc Lập ở thành phố Hồ Chí Minh,osm_poi_node_7501051345,Hồ Chí Minh,,,,,,contextual,contextual_casual_long_007,current+none+no_prefix+casual,current,none,casual,osm,02|landmark|contextual|casual_long
97a91de344123910,gần Cầu Ông Lãnh ở thành phố Hồ Chí Minh không ta,landmark,bridge,Cầu Ông Lãnh ở thành phố Hồ Chí Minh,osm_poi_way_719490620,Hồ Chí Minh,,,,,,contextual,contextual_casual_short_006,current+none+no_prefix+casual,current,none,casual,osm,02|landmark|contextual|casual_short
0c23ab7914debec6,xin hỏi quanh đây có gần Chợ Phú Lợi ở thành phố Hồ Chí Minh không,landmark,market,Chợ Phú Lợi ở thành phố Hồ Chí Minh,osm_poi_way_694928279,Hồ Chí Minh,,,,,,contextual,contextual_formal_medium_004,current+none+no_prefix+formal,current,none,formal,osm,02|landmark|contextual|formal_medium
32b2bb1149253fff,chỗ mình đứng gần Nhà tưởng niệm Nguyễn An Ninh ở tỉnh Bình Dương không,landmark,monument,Nhà tưởng niệm Nguyễn An Ninh ở tỉnh Bình Dương,osm_poi_way_516639140,Hồ Chí Minh,Bình Dương,,,,,contextual,contextual_neutral_medium_008,legacy+none+no_prefix+neutral,legacy,none,neutral,osm,02|landmark|contextual|neutral_medium
5c01055e1d4a445a,Cầu Nguyễn Kiệu ở tỉnh Bà Rịa - Vũng Tàu cũ có xa không,landmark,bridge,Cầu Nguyễn Kiệu ở tỉnh Bà Rịa - Vũng Tàu cũ,osm_poi_way_719460554,Hồ Chí Minh,Bà Rịa - Vũng Tàu,,,,,contextual,contextual_neutral_short_007,legacy+none+no_prefix+neutral,legacy,none,neutral,osm,02|landmark|contextual|neutral_short
dfa94749862a41cf,"cho hỏi cái mình đang định qua Chợ Tân Phú hai, ai biết đường chỉ mình với",landmark,market,Chợ Tân Phú hai,osm_poi_way_458857435,Hồ Chí Minh,,,,,,conversational,conversational_casual_long_010,current+cardinal+no_prefix+casual,current,cardinal,casual,osm,02|landmark|conversational|casual_long
88f9a9181d01e2c3,chỉ đường Đài tưởng niệm liệt sĩ quận Tân Bình ở thành phố Hồ Chí Minh,landmark,monument,Đài tưởng niệm liệt sĩ quận Tân Bình ở thành phố Hồ Chí Minh,osm_poi_way_198047406,Hồ Chí Minh,,,,,,conversational,conversational_casual_short_003,current+none+no_prefix+casual,current,none,casual,osm,02|landmark|conversational|casual_short
f45e2f78b06074c4,xin phép hỏi tôi đang tìm đường đến Chợ Thái Bình giúp tôi với ạ,landmark,market,Chợ Thái Bình,osm_poi_way_39598509,Hồ Chí Minh,,,,,,conversational,conversational_formal_medium_006,current+none+no_prefix+formal,current,none,formal,osm,02|landmark|conversational|formal_medium
827a7709dc77c746,cho tôi hỏi đường đến Nhà tưởng niệm Nguyễn An Ninh,landmark,monument,Nhà tưởng niệm Nguyễn An Ninh,osm_poi_way_516639140,Hồ Chí Minh,,,,,,conversational,conversational_neutral_medium_001,current+none+no_prefix+neutral,current,none,neutral,osm,02|landmark|conversational|neutral_medium
5c2e967e3e47429e,hỏi đường tới Bia ghi công Mặt trận Cầu Kiệu,landmark,monument,Bia ghi công Mặt trận Cầu Kiệu,osm_poi_node_411926448,Hồ Chí Minh,,,,,,conversational,conversational_neutral_short_002,current+none+no_prefix+neutral,current,none,neutral,osm,02|landmark|conversational|neutral_short
b2f001c22a723e60,"ơ chỉ đường đến Đài tưởng niệm Liệt sỹ Bình Thạnh giùm mình, mình chưa đi bao giờ",landmark,monument,Đài tưởng niệm Liệt sỹ Bình Thạnh,osm_poi_node_11274966991,Hồ Chí Minh,,,,,,nav_command,nav_command_casual_long_009,current+none+no_prefix+casual,current,none,casual,osm,02|landmark|nav_command|casual_long
90e2349c2de64942,đi Cầu Bình Triệu một với,landmark,bridge,Cầu Bình Triệu một,osm_poi_way_697189719,Hồ Chí Minh,,,,,,nav_command,nav_command_casual_short_001,current+cardinal+no_prefix+casual,current,cardinal,casual,osm,02|landmark|nav_command|casual_short
b1420c8b567ef222,mong được chỉ đường tới Cầu Rạch Bàng hai,landmark,bridge,Cầu Rạch Bàng hai,osm_poi_way_720330129,Hồ Chí Minh,,,,,,nav_command,nav_command_formal_medium_005,current+mixed+no_prefix+formal,current,mixed,formal,osm,02|landmark|nav_command|formal_medium
d9b28b43bec437db,chỉ giúp lối đi đến Địa đạo Củ Chi,landmark,heritage_site,Địa đạo Củ Chi,manual_02_ia_ao_cu_chi,Hồ Chí Minh,,,,,,nav_command,nav_command_neutral_medium_010,current+none+no_prefix+neutral,current,none,neutral,manual,02|landmark|nav_command|neutral_medium
abb06dbc4c0eeeba,này tìm giúp đường đến Chợ Ngã Ba Bầu,landmark,market,Chợ Ngã Ba Bầu,osm_poi_node_9587618738,Hồ Chí Minh,,,,,,nav_command,nav_command_neutral_medium_003,current+none+no_prefix+neutral,current,none,neutral,osm,02|landmark|nav_command|neutral_medium
4b499da74eb19dc4,bật đường đến Chợ Chiều ở thành phố Hồ Chí Minh,landmark,market,Chợ Chiều ở thành phố Hồ Chí Minh,osm_poi_node_4617175606,Hồ Chí Minh,,,,,,nav_command,nav_command_neutral_short_010,current+none+no_prefix+neutral,current,none,neutral,osm,02|landmark|nav_command|neutral_short
004510233eccab72,mở đường đến Chợ Rạch Ông giúp tôi,landmark,market,Chợ Rạch Ông,osm_poi_way_1358149660,Hồ Chí Minh,,,,,,nav_command,nav_command_neutral_short_007,current+none+no_prefix+neutral,current,none,neutral,osm,02|landmark|nav_command|neutral_short
fdb7adeffa55c716,"này thế từ chỗ này đến Chợ Phạm Thế Hiển ở thành phố Hồ Chí Minh đi sao vậy ta, chỉ mình với",landmark,market,Chợ Phạm Thế Hiển ở thành phố Hồ Chí Minh,osm_poi_way_420032375,Hồ Chí Minh,,,,,,route_question,route_question_casual_long_001,current+none+no_prefix+casual,current,none,casual,osm,02|landmark|route_question|casual_long
8bbc968d328c75fd,lối nào tới Hồ Bao Tử ở thành phố Hồ Chí Minh,landmark,lake,Hồ Bao Tử ở thành phố Hồ Chí Minh,osm_poi_way_467383959,Hồ Chí Minh,,,,,,route_question,route_question_casual_short_006,current+none+no_prefix+casual,current,none,casual,osm,02|landmark|route_question|casual_short
baef13ae40cc4484,xin phép hỏi xin hỏi tuyến nào gần nhất tới Ring xin cảm ơn,landmark,monument,Ring,osm_poi_node_13663839301,Hồ Chí Minh,,,,,,route_question,route_question_formal_medium_010,current+none+no_prefix+formal,current,none,formal,osm,02|landmark|route_question|formal_medium
fdc51a6488fe01f6,từ đây đến Chợ Thiếc ở thành phố Hồ Chí Minh đi thế nào,landmark,market,Chợ Thiếc ở thành phố Hồ Chí Minh,osm_poi_way_316633363,Hồ Chí Minh,,,,,,route_question,route_question_neutral_medium_001,current+none+no_prefix+neutral,current,none,neutral,osm,02|landmark|route_question|neutral_medium
12f40d3ddf4a779a,tới Cầu Rạch Bàng một đi lối nào,landmark,bridge,Cầu Rạch Bàng một,osm_poi_way_720330130,Hồ Chí Minh,,,,,,route_question,route_question_neutral_short_002,current+cardinal+no_prefix+neutral,current,cardinal,neutral,osm,02|landmark|route_question|neutral_short
b2ccbe51433e56fc,"tìm giùm mình hồ sen ở thành phố Hồ Chí Minh với, mình đang cần gấp đi mà",landmark,lake,hồ sen ở thành phố Hồ Chí Minh,osm_poi_way_1419636796,Hồ Chí Minh,,,,,,search,search_casual_long_008,current+none+no_prefix+casual,current,none,casual,osm,02|landmark|search|casual_long
f552f904f819ae5b,tìm giùm Seafood mini-market ở thành phố Hồ Chí Minh cái nhé,landmark,market,Seafood mini-market ở thành phố Hồ Chí Minh,osm_poi_node_12259274107,Hồ Chí Minh,,,,,,search,search_casual_short_008,current+none+no_prefix+casual,current,none,casual,osm,02|landmark|search|casual_short
2b662ea79fb9a12c,cho tôi hỏi một chút xin tìm giúp thông tin về Đài tưởng niệm Căn cứ Hố Bần ở thành phố Hồ Chí Minh ạ,landmark,monument,Đài tưởng niệm Căn cứ Hố Bần ở thành phố Hồ Chí Minh,osm_poi_way_675945696,Hồ Chí Minh,,,,,,search,search_formal_medium_009,current+none+no_prefix+formal,current,none,formal,osm,02|landmark|search|formal_medium
2ceb675df458bc3e,tìm giúp tôi chỗ Cầu Văn Thánh hai,landmark,bridge,Cầu Văn Thánh hai,osm_poi_way_1424390385,Hồ Chí Minh,,,,,,search,search_neutral_medium_004,current+mixed+no_prefix+neutral,current,mixed,neutral,osm,02|landmark|search|neutral_medium
eb36e2977b380819,tra cứu giúp tôi Chợ Nam Hòa ở thành phố Hồ Chí Minh với,landmark,market,Chợ Nam Hòa ở thành phố Hồ Chí Minh,osm_poi_way_547931045,Hồ Chí Minh,,,,,,search,search_neutral_medium_008,current+none+no_prefix+neutral,current,none,neutral,osm,02|landmark|search|neutral_medium
2eb282b31d86afdb,tra giúp Chợ Hoa Hậu Giang,landmark,market,Chợ Hoa Hậu Giang,osm_poi_way_327192427,Hồ Chí Minh,,,,,,search,search_neutral_short_004,current+none+no_prefix+neutral,current,none,neutral,osm,02|landmark|search|neutral_short
7b94d7352a8a31f7,tìm vị trí Cầu Số bảy nhé,landmark,bridge,Cầu Số bảy,osm_poi_way_1282089471,Hồ Chí Minh,,,,,,search,search_neutral_short_007,current+cardinal+no_prefix+neutral,current,cardinal,neutral,osm,02|landmark|search|neutral_short
9b15fd8a3cd2aafd,"à Ring đó mà, tấp vô đi cho rồi",landmark,monument,Ring,osm_poi_node_13663839301,Hồ Chí Minh,,,,,,short_command,short_command_casual_long_008,current+none+no_prefix+casual,current,none,casual,osm,02|landmark|short_command|casual_long
a32b5a7dd77e6089,vòng qua Chợ Bàu Sen ở thành phố mang tên Bác được không,landmark,market,Chợ Bàu Sen ở thành phố mang tên Bác,osm_poi_node_5598913820,Hồ Chí Minh,,,,,,short_command,short_command_casual_short_005,spoken_alias+none+no_prefix+casual,spoken_alias,none,casual,osm,02|landmark|short_command|casual_short
565beddf121319bc,xin đưa xe đến Bia Truyền thống Vườn Lài ở thành phố Sài Gòn,landmark,monument,Bia Truyền thống Vườn Lài ở thành phố Sài Gòn,osm_poi_node_11700124145,Hồ Chí Minh,,,,,,short_command,short_command_formal_medium_010,spoken_alias+none+no_prefix+formal,spoken_alias,none,formal,osm,02|landmark|short_command|formal_medium
d63b8a7fa5a2d1bc,ghé ngang Chợ Cầu,landmark,market,Chợ Cầu,osm_poi_node_2296666121,Hồ Chí Minh,,,,,,short_command,short_command_neutral_medium_008,current+none+no_prefix+neutral,current,none,neutral,osm,02|landmark|short_command|neutral_medium
6d8fa3328f1fa443,đi Chợ Hoàng Hoa Thám được không,landmark,market,Chợ Hoàng Hoa Thám,osm_poi_way_1234026253,Hồ Chí Minh,,,,,,short_command,short_command_neutral_short_002,current+none+no_prefix+neutral,current,none,neutral,osm,02|landmark|short_command|neutral_short
66f9e8389b18dbdd,"ê quanh đây có nhà nghỉ nào gần Chùa Quang Minh ở thành phố mang tên Bác không, chỉ mình với",poi_other,worship_place,Chùa Quang Minh ở thành phố mang tên Bác,osm_poi_way_225528466,Hồ Chí Minh,,,,,,contextual,contextual_casual_long_002,spoken_alias+none+no_prefix+casual,spoken_alias,none,casual,osm,02|poi_other|contextual|casual_long
5c0a0a42f91afef8,gần Công viên Ven sông không ta,poi_other,park,Công viên Ven sông,osm_poi_way_961031437,Hồ Chí Minh,,,,,,contextual,contextual_casual_short_006,current+none+no_prefix+casual,current,none,casual,osm,02|poi_other|contextual|casual_short
d7feec4866e58350,làm ơn cho hỏi xin hỏi vị trí này có gần Nhà Thờ Tân Phú Hòa ở thành phố Hồ Chí Minh không ạ,poi_other,worship_place,Nhà Thờ Tân Phú Hòa ở thành phố Hồ Chí Minh,osm_poi_node_9587566629,Hồ Chí Minh,,,,,,contextual,contextual_formal_medium_008,current+none+no_prefix+formal,current,none,formal,osm,02|poi_other|contextual|formal_medium
ef376f5186de8f2b,à vị trí này gần Nhà thờ Thánh Tâm ở thành phố Hồ Chí Minh không,poi_other,worship_place,Nhà thờ Thánh Tâm ở thành phố Hồ Chí Minh,osm_poi_way_683917144,Hồ Chí Minh,,,,,,contextual,contextual_neutral_medium_010,current+none+no_prefix+neutral,current,none,neutral,osm,02|poi_other|contextual|neutral_medium
a4691667613be0eb,gần đây có Công viên thú cưng Empire City ở thành phố Hồ Chí Minh không,poi_other,park,Công viên thú cưng Empire City ở thành phố Hồ Chí Minh,osm_poi_way_1222703225,Hồ Chí Minh,,,,,,contextual,contextual_neutral_short_002,current+none+no_prefix+neutral,current,none,neutral,osm,02|poi_other|contextual|neutral_short
d778f25a261984f9,"mình đang định qua đồng cỏ lau ba, ai biết đường chỉ mình với",poi_other,park,đồng cỏ lau ba,osm_poi_way_751042597,Hồ Chí Minh,,,,,,conversational,conversational_casual_long_010,current+cardinal+no_prefix+casual,current,cardinal,casual,osm,02|poi_other|conversational|casual_long
a97a158e90ba55ba,chỉ đường Chùa Bửu Long ở thành phố Hồ Chí Minh đi,poi_other,worship_place,Chùa Bửu Long ở thành phố Hồ Chí Minh,osm_poi_node_3164015111,Hồ Chí Minh,,,,,,conversational,conversational_casual_short_003,current+none+no_prefix+casual,current,none,casual,osm,02|poi_other|conversational|casual_short
3f4457629be11602,làm ơn cho hỏi tôi xin hỏi hướng đi đến Nhà Thờ Tống Viết Bường giúp tôi với ạ,poi_other,worship_place,Nhà Thờ Tống Viết Bường,osm_poi_way_1043435432,Hồ Chí Minh,,,,,,conversational,conversational_formal_medium_009,current+none+no_prefix+formal,current,none,formal,osm,02|poi_other|conversational|formal_medium
d8001dd632d3b12d,mình đang tìm đường đến Chủng Viện Scalabrinian Seminary ở thành phố Hồ Chí Minh nhé,poi_other,worship_place,Chủng Viện Scalabrinian Seminary ở thành phố Hồ Chí Minh,osm_poi_node_5076808823,Hồ Chí Minh,,,,,,conversational,conversational_neutral_medium_007,current+none+no_prefix+neutral,current,none,neutral,osm,02|poi_other|conversational|neutral_medium
e6c819fccd5147ef,hỏi đường đi Chùa Vĩnh Phước ở thành phố Hồ Chí Minh nhé,poi_other,worship_place,Chùa Vĩnh Phước ở thành phố Hồ Chí Minh,osm_poi_way_675572227,Hồ Chí Minh,,,,,,conversational,conversational_neutral_short_004,current+none+no_prefix+neutral,current,none,neutral,osm,02|poi_other|conversational|neutral_short
7be61931dcf4253a,"à dẫn đường tới Khu công nghiệp Đồng An một giúp mình, đi đường tắt cũng được giúp mình",poi_other,industrial_zone,Khu công nghiệp Đồng An một,osm_poi_way_323602532,Hồ Chí Minh,,,,,,nav_command,nav_command_casual_long_006,current+mixed+no_prefix+casual,current,mixed,casual,osm,02|poi_other|nav_command|casual_long
30fe3174ebf69351,tới Đình Bình Lộc ở thành phố Hồ Chí Minh đi,poi_other,worship_place,Đình Bình Lộc ở thành phố Hồ Chí Minh,osm_poi_way_899754205,Hồ Chí Minh,,,,,,nav_command,nav_command_casual_short_002,current+none+no_prefix+casual,current,none,casual,osm,02|poi_other|nav_command|casual_short
e43e266cdf4fd6a8,ghé Nhà thờ Thánh Giuse ở thành phố Hồ Chí Minh,poi_other,worship_place,Nhà thờ Thánh Giuse ở thành phố Hồ Chí Minh,osm_poi_way_682412611,Hồ Chí Minh,,,,,,nav_command,nav_command_casual_short_007,current+none+no_prefix+casual,current,none,casual,osm,02|poi_other|nav_command|casual_short
328488ab6d08640d,mong chỉ giúp tuyến đường đến Nhà thờ Xóm Chiếu được không ạ,poi_other,worship_place,Nhà thờ Xóm Chiếu,osm_poi_way_188114098,Hồ Chí Minh,,,,,,nav_command,nav_command_formal_medium_009,current+none+no_prefix+formal,current,none,formal,osm,02|poi_other|nav_command|formal_medium
410a1f158aa7f6aa,này chỉ giúp tôi đường đến Nhà thờ Hạnh Thông Tây,poi_other,worship_place,Nhà thờ Hạnh Thông Tây,osm_poi_way_262963858,Hồ Chí Minh,,,,,,nav_command,nav_command_neutral_medium_001,current+none+no_prefix+neutral,current,none,neutral,osm,02|poi_other|nav_command|neutral_medium
67d60f046aaaaee4,chỉ tuyến đường đến Chùa Kỳ Quang ở thành phố Hồ Chí Minh được không,poi_other,worship_place,Chùa Kỳ Quang ở thành phố Hồ Chí Minh,osm_poi_way_1518080732,Hồ Chí Minh,,,,,,nav_command,nav_command_neutral_medium_007,current+none+no_prefix+neutral,current,none,neutral,osm,02|poi_other|nav_command|neutral_medium
957a81127ea86bc8,chỉ đường tới Giáo xứ Bác Ái,poi_other,worship_place,Giáo xứ Bác Ái,osm_poi_node_3614214188,Hồ Chí Minh,,,,,,nav_command,nav_command_neutral_short_002,current+none+no_prefix+neutral,current,none,neutral,osm,02|poi_other|nav_command|neutral_short
7d9f5ad2d1104ab3,chỉ hướng đến Giáo xứ Lam Sơn,poi_other,worship_place,Giáo xứ Lam Sơn,osm_poi_way_327447640,Hồ Chí Minh,,,,,,nav_command,nav_command_neutral_short_009,current+none+no_prefix+neutral,current,none,neutral,osm,02|poi_other|nav_command|neutral_short
c7357078075f7745,à đi Nhà Thờ Tân Sa Châu ở thành phố mang tên Bác đường nào tránh được kẹt xe không ta,poi_other,worship_place,Nhà Thờ Tân Sa Châu ở thành phố mang tên Bác,osm_poi_way_197995353,Hồ Chí Minh,,,,,,route_question,route_question_casual_long_008,spoken_alias+none+no_prefix+casual,spoken_alias,none,casual,osm,02|poi_other|route_question|casual_long
f284b29a64dfb1f4,đi sao tới Nhà thờ Tân Phú với,poi_other,worship_place,Nhà thờ Tân Phú,osm_poi_way_421603557,Hồ Chí Minh,,,,,,route_question,route_question_casual_short_010,current+none+no_prefix+casual,current,none,casual,osm,02|poi_other|route_question|casual_short
23df6328a2b1f720,xin hỏi tuyến nào gần nhất tới Công viên Đảo Nhật Bản ở thành phố Hồ Chí Minh giúp tôi với ạ,poi_other,park,Công viên Đảo Nhật Bản ở thành phố Hồ Chí Minh,osm_poi_way_1218075300,Hồ Chí Minh,,,,,,route_question,route_question_formal_medium_010,current+none+no_prefix+formal,current,none,formal,osm,02|poi_other|route_question|formal_medium
059679a5f9e857ab,cho mình hỏi từ chỗ này đến Giáo xứ Bình Lợi ở thành phố Hồ Chí Minh đi hướng nào vậy,poi_other,worship_place,Giáo xứ Bình Lợi ở thành phố Hồ Chí Minh,osm_poi_way_906434459,Hồ Chí Minh,,,,,,route_question,route_question_neutral_medium_009,current+none+no_prefix+neutral,current,none,neutral,osm,02|poi_other|route_question|neutral_medium
b55a30b917de51ea,tới Nhà thờ Giáo xứ Phú Thọ Hòa đi lối nào,poi_other,worship_place,Nhà thờ Giáo xứ Phú Thọ Hòa,osm_poi_way_377308559,Hồ Chí Minh,,,,,,route_question,route_question_neutral_short_002,current+none+no_prefix+neutral,current,none,neutral,osm,02|poi_other|route_question|neutral_short
71e2fab14b57605c,"này tìm hộ mình The parkland với, chỗ nào đông đông tí cũng được nha",poi_other,park,The parkland,osm_poi_way_675751079,Hồ Chí Minh,,,,,,search,search_casual_long_003,current+none+no_prefix+casual,current,none,casual,osm,02|poi_other|search|casual_long
4112a94f74b176df,lục tìm Chùa Bát Nhã ở tỉnh Bà Rịa - Vũng Tàu cũ,poi_other,worship_place,Chùa Bát Nhã ở tỉnh Bà Rịa - Vũng Tàu cũ,osm_poi_node_9585091203,Hồ Chí Minh,Bà Rịa - Vũng Tàu,,,,,search,search_casual_short_009,legacy+none+no_prefix+casual,legacy,none,casual,osm,02|poi_other|search|casual_short
5a47ec49a732e2cc,nhờ tìm hộ vị trí Nhà thờ Nghĩa Hòa ạ,poi_other,worship_place,Nhà thờ Nghĩa Hòa,osm_poi_way_495697571,Hồ Chí Minh,,,,,,search,search_formal_medium_010,current+none+no_prefix+formal,current,none,formal,osm,02|poi_other|search|formal_medium
b0baeb5c02b38b12,cho tôi hỏi kiếm giúp tôi chỗ Cảng Tân Thuận với,poi_other,industrial_zone,Cảng Tân Thuận,osm_poi_way_1419557203,Hồ Chí Minh,,,,,,search,search_neutral_medium_010,current+none+no_prefix+neutral,current,none,neutral,osm,02|poi_other|search|neutral_medium
46300eb5f316fb48,tra cứu giúp tôi Đình Tân Thới Nhì ở thành phố Hồ Chí Minh,poi_other,worship_place,Đình Tân Thới Nhì ở thành phố Hồ Chí Minh,osm_poi_way_1313432463,Hồ Chí Minh,,,,,,search,search_neutral_medium_008,current+none+no_prefix+neutral,current,none,neutral,osm,02|poi_other|search|neutral_medium
9b552dfec6c565d0,tìm chỗ Công Ty CP Nhựa Vân Đồn,poi_other,industrial_zone,Công Ty CP Nhựa Vân Đồn,osm_poi_way_188238244,Hồ Chí Minh,,,,,,search,search_neutral_short_005,current+none+no_prefix+neutral,current,none,neutral,osm,02|poi_other|search|neutral_short
4e6ba79d078efca7,tìm Đình Nghi Hòa ở thành phố Hồ Chí Minh,poi_other,worship_place,Đình Nghi Hòa ở thành phố Hồ Chí Minh,osm_poi_way_1211305600,Hồ Chí Minh,,,,,,search,search_neutral_short_002,current+none+no_prefix+neutral,current,none,neutral,osm,02|poi_other|search|neutral_short
7e548abb1eed7fb4,"cho hỏi cái cái chỗ Nhà Thờ Thánh Phaolô đó, ghé vô đó xíu đi",poi_other,worship_place,Nhà Thờ Thánh Phaolô,osm_poi_node_4131745690,Hồ Chí Minh,,,,,,short_command,short_command_casual_long_002,current+none+no_prefix+casual,current,none,casual,osm,02|poi_other|short_command|casual_long
80f532d2d2d511dc,quẹo vào Công viên nội khu ở thành phố Hồ Chí Minh đi mà,poi_other,park,Công viên nội khu ở thành phố Hồ Chí Minh,osm_poi_way_1307726692,Hồ Chí Minh,,,,,,short_command,short_command_casual_short_007,current+none+no_prefix+casual,current,none,casual,osm,02|poi_other|short_command|casual_short
f58d86d289cb832a,xin rẽ vào Chùa Quang Minh xin cảm ơn,poi_other,worship_place,Chùa Quang Minh,osm_poi_node_11056355060,Hồ Chí Minh,,,,,,short_command,short_command_formal_medium_006,current+none+no_prefix+formal,current,none,formal,osm,02|poi_other|short_command|formal_medium
d1afc24d13968b0e,ghé ngang Chùa Linh Chưởng giúp tôi,poi_other,worship_place,Chùa Linh Chưởng,osm_poi_way_1042789394,Hồ Chí Minh,,,,,,short_command,short_command_neutral_medium_008,current+none+no_prefix+neutral,current,none,neutral,osm,02|poi_other|short_command|neutral_medium
93ab4d36e7c57f70,tới Đình Khánh Bình ở thành phố Hồ Chí Minh,poi_other,worship_place,Đình Khánh Bình ở thành phố Hồ Chí Minh,osm_poi_way_1065767687,Hồ Chí Minh,,,,,,short_command,short_command_neutral_short_003,current+none+no_prefix+neutral,current,none,neutral,osm,02|poi_other|short_command|neutral_short
70086163a3aac216,"quanh đây có công viên nào gần Ủy ban nhân dân xã Hóc Môn không, chỉ mình với",public_facility,government_office,Ủy ban nhân dân xã Hóc Môn,osm_poi_way_1314396567,Hồ Chí Minh,,,,,,contextual,contextual_casual_long_002,current+none+no_prefix+casual,current,none,casual,osm,02|public_facility|contextual|casual_long
b987df5bc6568dd8,gần Trường Trung học cơ sở Nguyễn Chí Thanh lắm không,public_facility,school,Trường Trung học cơ sở Nguyễn Chí Thanh,osm_poi_way_516639204,Hồ Chí Minh,,,,,,contextual,contextual_casual_short_009,current+none+no_prefix+casual,current,none,casual,osm,02|public_facility|contextual|casual_short
bcc7d1e7df0b4271,xin hỏi vị trí này có gần Trường Trung học cơ sở Phan Bội Châu ở thành phố Hồ Chí Minh không,public_facility,school,Trường Trung học cơ sở Phan Bội Châu ở thành phố Hồ Chí Minh,osm_poi_way_421603562,Hồ Chí Minh,,,,,,contextual,contextual_formal_medium_008,current+none+no_prefix+formal,current,none,formal,osm,02|public_facility|contextual|formal_medium
16a0deb08be83a52,này vị trí này gần Phân viện Miền Nam không,public_facility,government_office,Phân viện Miền Nam,osm_poi_way_1152630953,Hồ Chí Minh,,,,,,contextual,contextual_neutral_medium_010,current+none+no_prefix+neutral,current,none,neutral,osm,02|public_facility|contextual|neutral_medium
7cecc237b99af236,Trường Tiểu Học Lê Hoàn - Cơ Sở hai có xa không,public_facility,school,Trường Tiểu Học Lê Hoàn - Cơ Sở hai,osm_poi_node_4423148880,Hồ Chí Minh,,,,,,contextual,contextual_neutral_short_007,current+cardinal+no_prefix+neutral,current,cardinal,neutral,osm,02|public_facility|contextual|neutral_short
f5f034420289e9f1,"cho mình hỏi, đi bộ tới Trường Đại Học Ngoại Ngữ-Tin Học HCM ở thành phố Hồ Chí Minh được không",public_facility,university,Trường Đại Học Ngoại Ngữ-Tin Học HCM ở thành phố Hồ Chí Minh,osm_poi_node_2231242931,Hồ Chí Minh,,,,,,conversational,conversational_casual_long_007,current+none+no_prefix+casual,current,none,casual,osm,02|public_facility|conversational|casual_long
e09321af5a11451d,đường tới Trường Trung học cơ sở&Trung học phổ thông Dân Lập Đào Duy Anh ở thành phố mang tên Bác sao,public_facility,school,Trường Trung học cơ sở&Trung học phổ thông Dân Lập Đào Duy Anh ở thành phố mang tên Bác,osm_poi_node_5057466321,Hồ Chí Minh,,,,,,conversational,conversational_casual_short_009,spoken_alias+none+no_prefix+casual,spoken_alias,none,casual,osm,02|public_facility|conversational|casual_short
a1531178b147719a,hỏi lối Bộ Nội vụ - Cơ quan thường trực tại Thành phố Hồ Chí Minh nha,public_facility,government_office,Bộ Nội vụ - Cơ quan thường trực tại Thành phố Hồ Chí Minh,osm_poi_way_804926061,Hồ Chí Minh,,,,,,conversational,conversational_casual_short_004,current+none+no_prefix+casual,current,none,casual,osm,02|public_facility|conversational|casual_short
410d0b596b63b546,tôi xin phép hỏi đường tới Trường Tiểu học Trần Quốc Toản ở thành phố Hồ Chí Minh,public_facility,school,Trường Tiểu học Trần Quốc Toản ở thành phố Hồ Chí Minh,osm_poi_way_1313995384,Hồ Chí Minh,,,,,,conversational,conversational_formal_medium_005,current+none+no_prefix+formal,current,none,formal,osm,02|public_facility|conversational|formal_medium
8e941114405e3032,này cho tôi xin đường đi Trường Trung học cơ sở&Trung học phổ thông Khai Minh,public_facility,school,Trường Trung học cơ sở&Trung học phổ thông Khai Minh,osm_poi_node_5013685221,Hồ Chí Minh,,,,,,conversational,conversational_neutral_medium_008,current+none+no_prefix+neutral,current,none,neutral,osm,02|public_facility|conversational|neutral_medium
84a15fc36195cde0,cho tôi hỏi đường đến TT Kỹ Thuật Tổng Hợp Hướng Nghiệp Quận mười một,public_facility,school,TT Kỹ Thuật Tổng Hợp Hướng Nghiệp Quận mười một,osm_poi_node_5006252089,Hồ Chí Minh,,,,,,conversational,conversational_neutral_medium_001,current+cardinal+no_prefix+neutral,current,cardinal,neutral,osm,02|public_facility|conversational|neutral_medium
9ad58e4ceabf2f39,hỏi hướng đến UBND phường Hiệp Tân ở thành phố Hồ Chí Minh được không,public_facility,government_office,UBND phường Hiệp Tân ở thành phố Hồ Chí Minh,osm_poi_way_961616573,Hồ Chí Minh,,,,,,conversational,conversational_neutral_short_010,current+none+no_prefix+neutral,current,none,neutral,osm,02|public_facility|conversational|neutral_short
b15c1bb2e2dce36b,hỏi hướng đến Ủy ban nhân dân phường Phú Định ở tỉnh Bình Dương cũ với,public_facility,government_office,Ủy ban nhân dân phường Phú Định ở tỉnh Bình Dương cũ,osm_poi_way_826171230,Hồ Chí Minh,Bình Dương,,,,,conversational,conversational_neutral_short_010,legacy+none+no_prefix+neutral,legacy,none,neutral,osm,02|public_facility|conversational|neutral_short
378ff51418822b63,"này thế dẫn đường tới Trường Tiểu học Nguyễn Huệ giúp mình, đi đường tắt cũng được được không",public_facility,school,Trường Tiểu học Nguyễn Huệ,osm_poi_way_1295735902,Hồ Chí Minh,,,,,,nav_command,nav_command_casual_long_006,current+none+no_prefix+casual,current,none,casual,osm,02|public_facility|nav_command|casual_long
f55701c6208640fb,"ơ chỉ đường đến Trường Tiểu Học Đông Ba ở thành phố Hồ Chí Minh giúp mình cái, đường nào cũng được miễn tới nơi",public_facility,school,Trường Tiểu Học Đông Ba ở thành phố Hồ Chí Minh,osm_poi_way_854573869,Hồ Chí Minh,,,,,,nav_command,nav_command_casual_long_001,current+none+no_prefix+casual,current,none,casual,osm,02|public_facility|nav_command|casual_long
6b0564023c7b750e,chỉ đường Trường Tiểu Học Chí Linh đi,public_facility,school,Trường Tiểu Học Chí Linh,osm_poi_way_505777278,Hồ Chí Minh,,,,,,nav_command,nav_command_casual_short_004,current+none+no_prefix+casual,current,none,casual,osm,02|public_facility|nav_command|casual_short
f971cb85a1630d9d,ghé Trường Tiểu học Huỳnh Kiến Hoa ở tỉnh Bà Rịa - Vũng Tàu,public_facility,school,Trường Tiểu học Huỳnh Kiến Hoa ở tỉnh Bà Rịa - Vũng Tàu,osm_poi_way_1215418798,Hồ Chí Minh,Bà Rịa - Vũng Tàu,,,,,nav_command,nav_command_casual_short_007,legacy+none+no_prefix+casual,legacy,none,casual,osm,02|public_facility|nav_command|casual_short
52f58cbe19a4f402,xin cho hỏi nhờ chỉ giúp đường đến Bệnh viện Đa khoa Chánh Hưng ở tỉnh Bình Dương giúp tôi với ạ,public_facility,hospital,Bệnh viện Đa khoa Chánh Hưng ở tỉnh Bình Dương,osm_poi_way_420032370,Hồ Chí Minh,Bình Dương,,,,,nav_command,nav_command_formal_medium_003,legacy+none+no_prefix+formal,legacy,none,formal,osm,02|public_facility|nav_command|formal_medium
0f0e6d0b079f9f3f,làm ơn cho hỏi xin chỉ lối đi đến Trường Trung học cơ sở Nguyễn An Khương được không ạ,public_facility,school,Trường Trung học cơ sở Nguyễn An Khương,osm_poi_way_531191851,Hồ Chí Minh,,,,,,nav_command,nav_command_formal_medium_008,current+none+no_prefix+formal,current,none,formal,osm,02|public_facility|nav_command|formal_medium
27a138c2d80ebe89,à mở giúp đường đi đến Bệnh viện Đại học Y Dược - Cơ sở hai,public_facility,hospital,Bệnh viện Đại học Y Dược - Cơ sở hai,osm_poi_way_463034095,Hồ Chí Minh,,,,,,nav_command,nav_command_neutral_medium_008,current+digit_by_digit+no_prefix+neutral,current,digit_by_digit,neutral,osm,02|public_facility|nav_command|neutral_medium
f7e0c056acf839ee,cho hỏi chỉ đường đi tới Trường Cao đẳng Sư phạm Trung ương Thành phố Hồ Chí Minh,public_facility,university,Trường Cao đẳng Sư phạm Trung ương Thành phố Hồ Chí Minh,osm_poi_way_1085083093,Hồ Chí Minh,,,,,,nav_command,nav_command_neutral_medium_004,current+none+no_prefix+neutral,current,none,neutral,osm,02|public_facility|nav_command|neutral_medium
26a41e962cef51c2,cho tôi đường đi đến Trường Trung học cơ sở Nguyễn Trãi ở thành phố Hồ Chí Minh,public_facility,school,Trường Trung học cơ sở Nguyễn Trãi ở thành phố Hồ Chí Minh,osm_poi_way_1213393842,Hồ Chí Minh,,,,,,nav_command,nav_command_neutral_medium_002,current+none+no_prefix+neutral,current,none,neutral,osm,02|public_facility|nav_command|neutral_medium
fabbf185a356b2fd,đưa đường đến Trường Trung học phổ thông Nguyễn Công Trứ với,public_facility,school,Trường Trung học phổ thông Nguyễn Công Trứ,osm_poi_way_1036030815,Hồ Chí Minh,,,,,,nav_command,nav_command_neutral_short_008,current+none+no_prefix+neutral,current,none,neutral,osm,02|public_facility|nav_command|neutral_short
671f32911ed6f564,chỉ đường đến Phòng Cảnh sát giao thông đường bộ - đường sắt Thành phố Hồ Chí Minh,public_facility,government_office,Phòng Cảnh sát giao thông đường bộ - đường sắt Thành phố Hồ Chí Minh,osm_poi_way_1359561756,Hồ Chí Minh,,,,,,nav_command,nav_command_neutral_short_001,current+none+no_prefix+neutral,current,none,neutral,osm,02|public_facility|nav_command|neutral_short
b56414f86c348eaa,dẫn đường đến Trường cấp một hai Tân Sơn được không,public_facility,school,Trường cấp một hai Tân Sơn,osm_poi_way_253446982,Hồ Chí Minh,,,,,,nav_command,nav_command_neutral_short_003,current+cardinal+no_prefix+neutral,current,cardinal,neutral,osm,02|public_facility|nav_command|neutral_short
ca5df111e1036a3b,"ờ đường nào tới BENLUXURY VIỆT NAM nhanh nhất vậy, mình đang vội đi mà",public_facility,government_office,BENLUXURY VIỆT NAM,osm_poi_node_11409199747,Hồ Chí Minh,,,,,,route_question,route_question_casual_long_003,current+none+no_prefix+casual,current,none,casual,osm,02|public_facility|route_question|casual_long
b7f55efa94d8a401,đến Trường Trung học cơ sở&Trung học phổ thông Khai Minh ở thành phố Hồ Chí Minh sao,public_facility,school,Trường Trung học cơ sở&Trung học phổ thông Khai Minh ở thành phố Hồ Chí Minh,osm_poi_node_5013685221,Hồ Chí Minh,,,,,,route_question,route_question_casual_short_007,current+none+no_prefix+casual,current,none,casual,osm,02|public_facility|route_question|casual_short
6e9be11441841647,tới Ủy ban nhân dân phường Tân Hưng sao đây đi,public_facility,government_office,Ủy ban nhân dân phường Tân Hưng,osm_poi_way_1155955878,Hồ Chí Minh,,,,,,route_question,route_question_casual_short_003,current+none+no_prefix+casual,current,none,casual,osm,02|public_facility|route_question|casual_short
51242e229c294bee,xin phép hỏi xin hỏi từ chỗ này đến Bệnh viện Tim Tâm Đức ở thành phố Hồ Chí Minh đi hướng nào,public_facility,hospital,Bệnh viện Tim Tâm Đức ở thành phố Hồ Chí Minh,osm_poi_way_158971987,Hồ Chí Minh,,,,,,route_question,route_question_formal_medium_006,current+none+no_prefix+formal,current,none,formal,osm,02|public_facility|route_question|formal_medium
4fb9143faea79136,từ chỗ này đến Trường Trung học cơ sở Trần Bội Cơ đi hướng nào vậy,public_facility,school,Trường Trung học cơ sở Trần Bội Cơ,osm_poi_way_961031456,Hồ Chí Minh,,,,,,route_question,route_question_neutral_medium_009,current+none+no_prefix+neutral,current,none,neutral,osm,02|public_facility|route_question|neutral_medium
19e0b9609fafc65d,cho hỏi đi đến Trường Trung học phổ thông Hai Bà Trưng ở thành phố Hồ Chí Minh bằng đường nào,public_facility,school,Trường Trung học phổ thông Hai Bà Trưng ở thành phố Hồ Chí Minh,osm_poi_node_5006304723,Hồ Chí Minh,,,,,,route_question,route_question_neutral_medium_008,current+none+no_prefix+neutral,current,none,neutral,osm,02|public_facility|route_question|neutral_medium
d63ae85abecb0a20,đi Trường Tiểu học Nguyễn Bá Ngọc lối nào nhỉ,public_facility,school,Trường Tiểu học Nguyễn Bá Ngọc,osm_poi_way_420287607,Hồ Chí Minh,,,,,,route_question,route_question_neutral_short_005,current+none+no_prefix+neutral,current,none,neutral,osm,02|public_facility|route_question|neutral_short
037339c3b2a240dc,đường nào tới Trường Trung học phổ thông Võ Văn Kiệt ở thành phố Hồ Chí Minh giúp tôi,public_facility,school,Trường Trung học phổ thông Võ Văn Kiệt ở thành phố Hồ Chí Minh,osm_poi_way_420287597,Hồ Chí Minh,,,,,,route_question,route_question_neutral_short_010,current+none+no_prefix+neutral,current,none,neutral,osm,02|public_facility|route_question|neutral_short
603b0ac918d16b74,"à ờ tìm giúp mình Trường Tiểu học Hưng Việt cái, tìm chỗ nào gần gần thôi được không",public_facility,school,Trường Tiểu học Hưng Việt,osm_poi_way_420287603,Hồ Chí Minh,,,,,,search,search_casual_long_001,current+none+no_prefix+casual,current,none,casual,osm,02|public_facility|search|casual_long
55e7617b299bd5af,kiếm giùm Trường Trung học cơ sở Lê Thành Công ở thành phố Sài Gòn với,public_facility,school,Trường Trung học cơ sở Lê Thành Công ở thành phố Sài Gòn,osm_poi_way_1035102513,Hồ Chí Minh,,,,,,search,search_casual_short_007,spoken_alias+none+no_prefix+casual,spoken_alias,none,casual,osm,02|public_facility|search|casual_short
8b2d947729ce7e4a,tra Trường Trung học phổ thông Lê Trọng Tấn ở thành phố Hồ Chí Minh với,public_facility,school,Trường Trung học phổ thông Lê Trọng Tấn ở thành phố Hồ Chí Minh,osm_poi_way_627180296,Hồ Chí Minh,,,,,,search,search_casual_short_003,current+none+no_prefix+casual,current,none,casual,osm,02|public_facility|search|casual_short
153c3166433d746f,xin tìm hộ Ủy ban nhân dân phường Tân Định ở thành phố Hồ Chí Minh ạ,public_facility,government_office,Ủy ban nhân dân phường Tân Định ở thành phố Hồ Chí Minh,osm_poi_way_987255769,Hồ Chí Minh,,,,,,search,search_formal_medium_005,current+none+no_prefix+formal,current,none,formal,osm,02|public_facility|search|formal_medium
df1c898afdc842ea,này tra cứu giúp tôi Trường Tiểu Học Nguyễn Khuyến,public_facility,school,Trường Tiểu Học Nguyễn Khuyến,osm_poi_node_5207580621,Hồ Chí Minh,,,,,,search,search_neutral_medium_008,current+none+no_prefix+neutral,current,none,neutral,osm,02|public_facility|search|neutral_medium
2897cd1c590b23b9,à tìm giúp tôi thông tin về Trường Cao đẳng Kinh tế - Kỹ thuật Thành phố Hồ Chí Minh,public_facility,university,Trường Cao đẳng Kinh tế - Kỹ thuật Thành phố Hồ Chí Minh,osm_poi_way_419464706,Hồ Chí Minh,,,,,,search,search_neutral_medium_009,current+none+no_prefix+neutral,current,none,neutral,osm,02|public_facility|search|neutral_medium
8981615e1b33a00c,kiếm thử Trường Trung học cơ sở Phạm Hữu Lầu,public_facility,school,Trường Trung học cơ sở Phạm Hữu Lầu,osm_poi_way_1304212688,Hồ Chí Minh,,,,,,search,search_neutral_short_009,current+none+no_prefix+neutral,current,none,neutral,osm,02|public_facility|search|neutral_short
1277a83aff7748f1,kiếm chỗ Trường Trung học cơ sở Vĩnh Lộc B ở tỉnh Bà Rịa - Vũng Tàu,public_facility,school,Trường Trung học cơ sở Vĩnh Lộc B ở tỉnh Bà Rịa - Vũng Tàu,osm_poi_way_1226249015,Hồ Chí Minh,Bà Rịa - Vũng Tàu,,,,,search,search_neutral_short_006,legacy+none+no_prefix+neutral,legacy,none,neutral,osm,02|public_facility|search|neutral_short
5b36de9681d3cd93,"thế ừ thì Trường Tiểu học Phú Long ở thành phố Hồ Chí Minh đó, cho xe tấp vô đó đi",public_facility,school,Trường Tiểu học Phú Long ở thành phố Hồ Chí Minh,osm_poi_way_627779299,Hồ Chí Minh,,,,,,short_command,short_command_casual_long_003,current+none+no_prefix+casual,current,none,casual,osm,02|public_facility|short_command|casual_long
5a7088eff384279d,ghé Trường Ngoại Ngữ Tin Học HUFLIT tí,public_facility,school,Trường Ngoại Ngữ Tin Học HUFLIT,osm_poi_node_10062806617,Hồ Chí Minh,,,,,,short_command,short_command_casual_short_003,current+none+no_prefix+casual,current,none,casual,osm,02|public_facility|short_command|casual_short
f1f4e15f76c81a47,"xin cho xe tới Trường Mầm non Pathway Tuệ Đức - Cơ sở Lê Thị Riêng, Quận một hai xin cảm ơn",public_facility,school,"Trường Mầm non Pathway Tuệ Đức - Cơ sở Lê Thị Riêng, Quận một hai",osm_poi_way_1229205054,Hồ Chí Minh,,,,,,short_command,short_command_formal_medium_009,current+digit_by_digit+no_prefix+formal,current,digit_by_digit,formal,osm,02|public_facility|short_command|formal_medium
0008ca8a752697cf,đi thẳng tới Trường Trung học cơ sở Đống Đa ở thành phố Sài Gòn,public_facility,school,Trường Trung học cơ sở Đống Đa ở thành phố Sài Gòn,osm_poi_way_597466820,Hồ Chí Minh,,,,,,short_command,short_command_neutral_medium_009,spoken_alias+none+no_prefix+neutral,spoken_alias,none,neutral,osm,02|public_facility|short_command|neutral_medium
34bfe2cbe6240968,ghé ngang BENLUXURY VIỆT NAM ở thành phố Hồ Chí Minh nhé,public_facility,government_office,BENLUXURY VIỆT NAM ở thành phố Hồ Chí Minh,osm_poi_node_11409199747,Hồ Chí Minh,,,,,,short_command,short_command_neutral_medium_008,current+none+no_prefix+neutral,current,none,neutral,osm,02|public_facility|short_command|neutral_medium
8363e6c1e49e6885,vào Trường Tiểu học Hoàng Minh Đạo ở thành phố Hồ Chí Minh giúp tôi,public_facility,school,Trường Tiểu học Hoàng Minh Đạo ở thành phố Hồ Chí Minh,osm_poi_way_420032395,Hồ Chí Minh,,,,,,short_command,short_command_neutral_short_008,current+none+no_prefix+neutral,current,none,neutral,osm,02|public_facility|short_command|neutral_short
b3d06a3fbad74362,rẽ Trường Tiểu Học Lê Văn Tám với,public_facility,school,Trường Tiểu Học Lê Văn Tám,osm_poi_node_9587171492,Hồ Chí Minh,,,,,,short_command,short_command_neutral_short_009,current+none+no_prefix+neutral,current,none,neutral,osm,02|public_facility|short_command|neutral_short
87221ea7933baa54,"chỗ này có gần bảy lờ ở thành phố Hồ Chí Minh không ta, hay là xa lắm",street,street,bảy lờ ở thành phố Hồ Chí Minh,osm_street_way_408161941,Hồ Chí Minh,,,,Đường 7L,,contextual,contextual_casual_long_001,current+cardinal+no_prefix+casual,current,cardinal,casual,osm,02|street|contextual|casual_long
7db7535f0955b2ab,"quanh đây có chợ nào gần hẻm tám mươi hai đường Ngô Tất Tố không, chỉ mình với",street,street,hẻm tám mươi hai đường Ngô Tất Tố,osm_street_way_609967077,Hồ Chí Minh,,,,Hẻm 82 Đường Ngô Tất Tố,,contextual,contextual_casual_long_002,current+cardinal+prefix+casual,current,cardinal,casual,osm,02|street|contextual|casual_long
eec6ffcd6536ee40,gần hẻm hai trăm ba mươi lăm Nguyễn Xí hông,street,street,hẻm hai trăm ba mươi lăm Nguyễn Xí,osm_street_way_604803363,Hồ Chí Minh,,,,Hẻm 235 Nguyễn Xí,,contextual,contextual_casual_short_001,current+cardinal+prefix+casual,current,cardinal,casual,osm,02|street|contextual|casual_short
2c9a5a162beee12f,gần hẻm bảy trăm lẻ hai xuyệt một trăm hai mươi sáu Lê Đức Thọ hông,street,street,hẻm bảy trăm lẻ hai xuyệt một trăm hai mươi sáu Lê Đức Thọ,osm_street_way_1430634418,Hồ Chí Minh,,,,Hẻm 702/126 Lê Đức Thọ,,contextual,contextual_casual_short_001,current+cardinal+prefix+casual,current,cardinal,casual,osm,02|street|contextual|casual_short
52ad9850cc84a3ef,xin hỏi khu này có gần hẻm hai ba hai xuyệt năm Bà Hạt ở thành phố Hồ Chí Minh không ạ,street,street,hẻm hai ba hai xuyệt năm Bà Hạt ở thành phố Hồ Chí Minh,osm_street_way_518517350,Hồ Chí Minh,,,,Hẻm 232/5 Bà Hạt,,contextual,contextual_formal_medium_001,current+digit_by_digit+prefix+formal,current,digit_by_digit,formal,osm,02|street|contextual|formal_medium
4245ec272faf3f0b,xin hỏi từ đây đến hẻm sáu trăm lẻ một xuyệt ba mươi sáu xuyệt mười tám đường Cách Mạng Tháng tám ở thành phố mang tên Bác có xa không ạ,street,street,hẻm sáu trăm lẻ một xuyệt ba mươi sáu xuyệt mười tám đường Cách Mạng Tháng tám ở thành phố mang tên Bác,osm_street_way_520723321,Hồ Chí Minh,,,,Hẻm 601/36/18 Đường Cách Mạng Tháng 8,,contextual,contextual_formal_medium_003,spoken_alias+cardinal+prefix+formal,spoken_alias,cardinal,formal,osm,02|street|contextual|formal_medium
f501eca9bfc1feaa,vị trí này gần hẻm mười chín Bình Đức ở thành phố Hồ Chí Minh không,street,street,hẻm mười chín Bình Đức ở thành phố Hồ Chí Minh,osm_street_way_604833867,Hồ Chí Minh,,,,Hẻm 19 Bình Đức,,contextual,contextual_neutral_medium_010,current+cardinal+prefix+neutral,current,cardinal,neutral,osm,02|street|contextual|neutral_medium
1a96649b3514a559,từ đây đến hẻm một không sáu Tôn Thất Hiệp ở thành phố Hồ Chí Minh có xa không,street,street,hẻm một không sáu Tôn Thất Hiệp ở thành phố Hồ Chí Minh,osm_street_way_501749593,Hồ Chí Minh,,,,Hẻm 106 Tôn Thất Hiệp,,contextual,contextual_neutral_medium_005,current+mixed+prefix+neutral,current,mixed,neutral,osm,02|street|contextual|neutral_medium
695bc645b3b3dd88,chỗ này có gần hẻm bảy năm bốn xuyệt chín Tân Kỳ Tân Quý không,street,street,hẻm bảy năm bốn xuyệt chín Tân Kỳ Tân Quý,osm_street_way_512755630,Hồ Chí Minh,,,,Hẻm 754/9 Tân Kỳ Tân Quý,,contextual,contextual_neutral_medium_001,current+digit_by_digit+prefix+neutral,current,digit_by_digit,neutral,osm,02|street|contextual|neutral_medium
6dff92b53240b322,đường ba trăm lẻ hai Bông Sao ở tỉnh Bà Rịa - Vũng Tàu cũ gần đây không,street,street,đường ba trăm lẻ hai Bông Sao ở tỉnh Bà Rịa - Vũng Tàu cũ,osm_street_way_694948491,Hồ Chí Minh,Bà Rịa - Vũng Tàu,,,Đường 302 Bông Sao,,contextual,contextual_neutral_short_003,legacy+cardinal+prefix+neutral,legacy,cardinal,neutral,osm,02|street|contextual|neutral_short
bce453c22c891b86,đường Nguyễn Đình Chi gần đây không,street,street,đường Nguyễn Đình Chi,osm_street_way_189027765,Hồ Chí Minh,,,,Đường Nguyễn Đình Chi,,contextual,contextual_neutral_short_003,current+none+prefix+neutral,current,none,neutral,osm,02|street|contextual|neutral_short
2fba38db766bc2f6,hẻm năm trăm ba mươi sáu xuyệt bốn mươi ba xuyệt mười tám Âu Cơ ở gần không,street,street,hẻm năm trăm ba mươi sáu xuyệt bốn mươi ba xuyệt mười tám Âu Cơ,osm_street_way_675640336,Hồ Chí Minh,,,,Hẻm 536/43/18 Âu Cơ,,contextual,contextual_neutral_short_010,current+cardinal+prefix+neutral,current,cardinal,neutral,osm,02|street|contextual|neutral_short
31a30c729d86a104,"ơ cho mình hỏi, đi bộ tới hẻm bốn trăm lẻ tám Phạm Văn Bạch được không",street,street,hẻm bốn trăm lẻ tám Phạm Văn Bạch,osm_street_way_359015309,Hồ Chí Minh,,,,Hẻm 408 Phạm Văn Bạch,,conversational,conversational_casual_long_007,current+cardinal+prefix+casual,current,cardinal,casual,osm,02|street|conversational|casual_long
1546a113cce74079,"cho hỏi xíu, đường đi hẻm một trăm lẻ một đường một trăm Bình Thới ở thành phố Hồ Chí Minh có xa không",street,street,hẻm một trăm lẻ một đường một trăm Bình Thới ở thành phố Hồ Chí Minh,osm_street_way_667626437,Hồ Chí Minh,,,,Hẻm 101 đường 100 Bình Thới,,conversational,conversational_casual_long_005,current+cardinal+prefix+casual,current,cardinal,casual,osm,02|street|conversational|casual_long
714fb00c73136795,biết hẻm một trăm hai mươi chín xuyệt bốn mươi ba xuyệt mười bốn Liên khu năm sáu ở đâu không,street,street,hẻm một trăm hai mươi chín xuyệt bốn mươi ba xuyệt mười bốn Liên khu năm sáu,osm_street_way_513860204,Hồ Chí Minh,,,,Hẻm 129/43/14 Liên khu 5-6,,conversational,conversational_casual_short_006,current+cardinal+prefix+casual,current,cardinal,casual,osm,02|street|conversational|casual_short
db4fed0ed3f53636,hỏi đường hẻm tám trăm bốn mươi xuyệt một trăm bốn mươi ba Hương lộ hai đi mà,street,street,hẻm tám trăm bốn mươi xuyệt một trăm bốn mươi ba Hương lộ hai,osm_street_way_512505555,Hồ Chí Minh,,,,Hẻm 840/143 Hương lộ 2,,conversational,conversational_casual_short_001,current+cardinal+prefix+casual,current,cardinal,casual,osm,02|street|conversational|casual_short
a49c8a0a635bbf19,chỉ mình hẻm ba bốn ba xuyệt một hai đường Tô Hiến Thành ở thành phố Hồ Chí Minh,street,street,hẻm ba bốn ba xuyệt một hai đường Tô Hiến Thành ở thành phố Hồ Chí Minh,osm_street_way_518855294,Hồ Chí Minh,,,,Hẻm 343/12 Đường Tô Hiến Thành,,conversational,conversational_casual_short_007,current+digit_by_digit+prefix+casual,current,digit_by_digit,casual,osm,02|street|conversational|casual_short
ce77b3e285d89129,tôi xin phép hỏi đường tới Số ba bảy ạ,street,street,Số ba bảy,osm_street_way_32586649,Hồ Chí Minh,,,,Đường Số 37,,conversational,conversational_formal_medium_005,current+digit_by_digit+no_prefix+formal,current,digit_by_digit,formal,osm,02|street|conversational|formal_medium
9203f11ec31f043d,tôi đang cần hỏi đường đến đường Phan Anh ở thành phố Hồ Chí Minh xin cảm ơn,street,highway,đường Phan Anh ở thành phố Hồ Chí Minh,osm_street_way_256582317,Hồ Chí Minh,,,,Phan Anh,,conversational,conversational_formal_medium_003,current+none+prefix+formal,current,none,formal,osm,02|street|conversational|formal_medium
a5c729933a2ee7b5,cho mình hỏi mình đang tìm đường đến đường Tam Đảo ở thành phố Hồ Chí Minh giúp tôi,street,street,đường Tam Đảo ở thành phố Hồ Chí Minh,osm_street_way_367999463,Hồ Chí Minh,,,,Đường Tam Đảo,,conversational,conversational_neutral_medium_007,current+none+prefix+neutral,current,none,neutral,osm,02|street|conversational|neutral_medium
222363b5abaac4b0,cho mình hỏi cho tôi hỏi đường đến hẻm ba sáu năm xuyệt năm tám Lê Văn Quới,street,street,hẻm ba sáu năm xuyệt năm tám Lê Văn Quới,osm_street_way_513828661,Hồ Chí Minh,,,,Hẻm 365/58 Lê Văn Quới,,conversational,conversational_neutral_medium_001,current+digit_by_digit+prefix+neutral,current,digit_by_digit,neutral,osm,02|street|conversational|neutral_medium
a2fed492ac28d200,cho hỏi có ai biết đường đến hẻm tám đường Thạnh Xuân bốn không không,street,street,hẻm tám đường Thạnh Xuân bốn không,osm_street_way_322875709,Hồ Chí Minh,,,,Hẻm 8 Đường Thạnh Xuân 40,,conversational,conversational_neutral_medium_004,current+digit_by_digit+prefix+neutral,current,digit_by_digit,neutral,osm,02|street|conversational|neutral_medium
a8b4afb93af64d60,cho hỏi đường đến hẻm bốn mươi tư Trương Phước Phan ở thành phố Hồ Chí Minh nhé,street,street,hẻm bốn mươi tư Trương Phước Phan ở thành phố Hồ Chí Minh,osm_street_way_520823063,Hồ Chí Minh,,,,Hẻm 44 Trương Phước Phan,,conversational,conversational_neutral_short_001,current+mixed+prefix+neutral,current,mixed,neutral,osm,02|street|conversational|neutral_short
883efac10e8105be,cho hỏi ngả tới hẻm ba tám chín Lê Văn Khương ở thành phố Hồ Chí Minh nhé,street,street,hẻm ba tám chín Lê Văn Khương ở thành phố Hồ Chí Minh,osm_street_way_327591221,Hồ Chí Minh,,,,Hẻm 389 Lê Văn Khương,,conversational,conversational_neutral_short_009,current+digit_by_digit+prefix+neutral,current,digit_by_digit,neutral,osm,02|street|conversational|neutral_short
e834907e5f5363e1,cho hỏi ngả tới hẻm hai năm tám Điện Biên Phủ,street,street,hẻm hai năm tám Điện Biên Phủ,osm_street_way_610093734,Hồ Chí Minh,,,,Hẻm 258 Điện Biên Phủ,,conversational,conversational_neutral_short_009,current+mixed+prefix+neutral,current,mixed,neutral,osm,02|street|conversational|neutral_short
182c3659b315e213,"chỉ mình đường đi hẻm một nghìn năm trăm chín mươi tám Phạm Thế Hiển đi, mình mới chuyển tới đây",street,street,hẻm một nghìn năm trăm chín mươi tám Phạm Thế Hiển,osm_street_way_686390162,Hồ Chí Minh,,,,Hẻm 1598 Phạm Thế Hiển,,nav_command,nav_command_casual_long_003,current+cardinal+prefix+casual,current,cardinal,casual,osm,02|street|nav_command|casual_long
93e78ad7ae0a981e,"à chỉ đường đến hẻm bốn một sáu Lạc Long Quân ở tỉnh Bình Dương cũ giùm mình, mình chưa đi bao giờ",street,street,hẻm bốn một sáu Lạc Long Quân ở tỉnh Bình Dương cũ,osm_street_way_32583702,Hồ Chí Minh,Bình Dương,,,Hẻm 416 Lạc Long Quân,,nav_command,nav_command_casual_long_009,legacy+digit_by_digit+prefix+casual,legacy,digit_by_digit,casual,osm,02|street|nav_command|casual_long
07f04357ea849b78,"chỉ đường đến hẻm hai trăm ba mươi chín xuyệt một Khuông Việt giùm mình, mình chưa đi bao giờ được không",street,street,hẻm hai trăm ba mươi chín xuyệt một Khuông Việt,osm_street_way_639433220,Hồ Chí Minh,,,,Hẻm 239/1 Khuông Việt,,nav_command,nav_command_casual_long_009,current+cardinal+prefix+casual,current,cardinal,casual,osm,02|street|nav_command|casual_long
9de7264a899d5a79,ghé Phan Văn Hùm,street,street,Phan Văn Hùm,osm_street_way_226348429,Hồ Chí Minh,,,,Đường Phan Văn Hùm,,nav_command,nav_command_casual_short_007,current+none+no_prefix+casual,current,none,casual,osm,02|street|nav_command|casual_short
3c0eeb0b1c10ce08,lái đến hẻm một bốn không xuyệt hai Bình Quới ở tỉnh Bà Rịa - Vũng Tàu cũ đi mà,street,street,hẻm một bốn không xuyệt hai Bình Quới ở tỉnh Bà Rịa - Vũng Tàu cũ,osm_street_way_174632918,Hồ Chí Minh,Bà Rịa - Vũng Tàu,,,Hẻm 140/2 Bình Quới,,nav_command,nav_command_casual_short_006,legacy+digit_by_digit+prefix+casual,legacy,digit_by_digit,casual,osm,02|street|nav_command|casual_short
844ced5ecfd698b7,chạy đến hẻm bảy ba không xuyệt hai mươi chín Hương lộ hai đi mà,street,street,hẻm bảy ba không xuyệt hai mươi chín Hương lộ hai,osm_street_way_513828694,Hồ Chí Minh,,,,Hẻm 730/29 Hương lộ 2,,nav_command,nav_command_casual_short_009,current+mixed+prefix+casual,current,mixed,casual,osm,02|street|nav_command|casual_short
e238faff30f2ed06,phóng tới hẻm mười Phạm Hùng đi mà,street,street,hẻm mười Phạm Hùng,osm_street_way_262954943,Hồ Chí Minh,,,,Hẻm 10 Phạm Hùng,,nav_command,nav_command_casual_short_008,current+cardinal+prefix+casual,current,cardinal,casual,osm,02|street|nav_command|casual_short
9f80a805bbb80e18,xin phép hỏi nhờ chỉ giúp đường đến hẻm một tám chín Hoà Bình xin cảm ơn,street,street,hẻm một tám chín Hoà Bình,osm_street_way_459137915,Hồ Chí Minh,,,,Hẻm 189 Hoà Bình,,nav_command,nav_command_formal_medium_003,current+digit_by_digit+prefix+formal,current,digit_by_digit,formal,osm,02|street|nav_command|formal_medium
0c4eb52f384216f8,vui lòng chỉ đường tới hẻm bốn trăm mười sáu xuyệt sáu xuyệt ba mươi tám Lạc Long Quân giúp tôi với ạ,street,street,hẻm bốn trăm mười sáu xuyệt sáu xuyệt ba mươi tám Lạc Long Quân,osm_street_way_659636075,Hồ Chí Minh,,,,Hẻm 416/6/38 Lạc Long Quân,,nav_command,nav_command_formal_medium_002,current+cardinal+prefix+formal,current,cardinal,formal,osm,02|street|nav_command|formal_medium
253b83d74896ef96,xin chỉ đường đến hẻm một nghìn năm trăm bốn mươi chín Huỳnh Tấn Phát ở thành phố Hồ Chí Minh giúp tôi với ạ,street,street,hẻm một nghìn năm trăm bốn mươi chín Huỳnh Tấn Phát ở thành phố Hồ Chí Minh,osm_street_way_614367726,Hồ Chí Minh,,,,Hẻm 1549 Huỳnh Tấn Phát,,nav_command,nav_command_formal_medium_001,current+cardinal+prefix+formal,current,cardinal,formal,osm,02|street|nav_command|formal_medium
a326baeaa496922e,mở giúp đường đi đến hẻm hai sáu xuyệt một chín Nguyễn Văn Vịnh giúp tôi,street,street,hẻm hai sáu xuyệt một chín Nguyễn Văn Vịnh,osm_street_way_641904053,Hồ Chí Minh,,,,Hẻm 26/19 Nguyễn Văn Vịnh,,nav_command,nav_command_neutral_medium_008,current+digit_by_digit+prefix+neutral,current,digit_by_digit,neutral,osm,02|street|nav_command|neutral_medium
e73cd757f3494fb3,tìm giúp đường đến hẽm hai xuyệt mười tám ích ở thành phố Hồ Chí Minh,street,street,hẽm hai xuyệt mười tám ích ở thành phố Hồ Chí Minh,osm_street_way_1267595458,Hồ Chí Minh,,,,hẽm 2/18x,,nav_command,nav_command_neutral_medium_003,current+cardinal+no_prefix+neutral,current,cardinal,neutral,osm,02|street|nav_command|neutral_medium
64defeed83b916b6,này cho tôi đường đi đến hẻm bảy trăm sáu mươi sáu xuyệt bảy mươi ba Cách mạng tháng tám,street,street,hẻm bảy trăm sáu mươi sáu xuyệt bảy mươi ba Cách mạng tháng tám,osm_street_way_499043899,Hồ Chí Minh,,,,Hẻm 766/73 Cách mạng tháng 8,,nav_command,nav_command_neutral_medium_002,current+cardinal+prefix+neutral,current,cardinal,neutral,osm,02|street|nav_command|neutral_medium
04d27da6d73c0235,chỉ giúp lối đi đến hẻm bảy chín một xuyệt hai một Trần Xuân Soạn với,street,street,hẻm bảy chín một xuyệt hai một Trần Xuân Soạn,osm_street_way_1228824717,Hồ Chí Minh,,,,Hẻm 791/21 Trần Xuân Soạn,,nav_command,nav_command_neutral_medium_010,current+digit_by_digit+prefix+neutral,current,digit_by_digit,neutral,osm,02|street|nav_command|neutral_medium
6958838210bca8fd,tìm đường đến Trần Văn Hoàng ở thành phố Hồ Chí Minh,street,street,Trần Văn Hoàng ở thành phố Hồ Chí Minh,osm_street_way_32578332,Hồ Chí Minh,,,,Trần Văn Hoàng,,nav_command,nav_command_neutral_short_004,current+none+no_prefix+neutral,current,none,neutral,osm,02|street|nav_command|neutral_short
e8bd7661b022b6d2,chỉ đường đến hẻm hai tám không năm xuyệt hai không Phạm Thế Hiển với,street,street,hẻm hai tám không năm xuyệt hai không Phạm Thế Hiển,osm_street_way_687728006,Hồ Chí Minh,,,,Hẻm 2805/20 Phạm Thế Hiển,,nav_command,nav_command_neutral_short_001,current+digit_by_digit+prefix+neutral,current,digit_by_digit,neutral,osm,02|street|nav_command|neutral_short
0d58db9ecaea62b4,dẫn đường đến hẻm hai trăm lẻ bảy đường Số tám giúp tôi,street,street,hẻm hai trăm lẻ bảy đường Số tám,osm_street_way_404680107,Hồ Chí Minh,,,,Hẻm 207 Đường Số 8,,nav_command,nav_command_neutral_short_003,current+cardinal+prefix+neutral,current,cardinal,neutral,osm,02|street|nav_command|neutral_short
e7cda8b055f4b506,dẫn đường đến Lý Long Tường,street,street,Lý Long Tường,osm_street_way_226181234,Hồ Chí Minh,,,,Lý Long Tường,,nav_command,nav_command_neutral_short_003,current+none+no_prefix+neutral,current,none,neutral,osm,02|street|nav_command|neutral_short
6ffb116d47a6f174,"à đường nào tới hẻm hai năm sáu Mã Lò nhanh nhất vậy, mình đang vội với",street,street,hẻm hai năm sáu Mã Lò,osm_street_way_513828703,Hồ Chí Minh,,,,Hẻm 256 Mã Lò,,route_question,route_question_casual_long_003,current+digit_by_digit+prefix+casual,current,digit_by_digit,casual,osm,02|street|route_question|casual_long
5b87e4b00acba9e1,đi Bùi Công Trừng ở thành phố Hồ Chí Minh kiểu gì cho lẹ vậy ta,street,street,Bùi Công Trừng ở thành phố Hồ Chí Minh,osm_street_way_32587661,Hồ Chí Minh,,,,Đường Bùi Công Trừng,,route_question,route_question_casual_long_004,current+none+no_prefix+casual,current,none,casual,osm,02|street|route_question|casual_long
ab6329d94b5880b3,tới hẻm sáu Nguyễn Cửu Đàm lối nào nhỉ,street,street,hẻm sáu Nguyễn Cửu Đàm,osm_street_way_525185398,Hồ Chí Minh,,,,Hẻm 6 Nguyễn Cửu Đàm,,route_question,route_question_casual_short_009,current+cardinal+prefix+casual,current,cardinal,casual,osm,02|street|route_question|casual_short
e69367b86fe0b13d,đường nào tới hẻm hai Yên Đổ với,street,street,hẻm hai Yên Đổ,osm_street_way_525107135,Hồ Chí Minh,,,,Hẻm 2 Yên Đổ,,route_question,route_question_casual_short_002,current+cardinal+prefix+casual,current,cardinal,casual,osm,02|street|route_question|casual_short
24b7086f32a5f158,hẻm hai trăm tám mươi ba xuyệt hai mươi mốt Bông Sao ở thành phố Hồ Chí Minh đi sao,street,street,hẻm hai trăm tám mươi ba xuyệt hai mươi mốt Bông Sao ở thành phố Hồ Chí Minh,osm_street_way_686297953,Hồ Chí Minh,,,,Hẻm 283/21 Bông Sao,,route_question,route_question_casual_short_001,current+cardinal+prefix+casual,current,cardinal,casual,osm,02|street|route_question|casual_short
5c78492149ee3ce9,cho tôi hỏi một chút xin hỏi làm sao đến phố Phan Đình Thông nhanh nhất,street,street,phố Phan Đình Thông,osm_street_way_509647260,Hồ Chí Minh,,,,Phan Đình Thông,,route_question,route_question_formal_medium_008,current+none+prefix+formal,current,none,formal,osm,02|street|route_question|formal_medium
dcb0885536278b75,làm ơn cho hỏi xin hỏi từ đây đến hẻm một sáu bốn đường Tập Đoàn sáu bê đi thế nào ạ,street,street,hẻm một sáu bốn đường Tập Đoàn sáu bê,osm_street_way_636345421,Hồ Chí Minh,,,,Hẻm 164 Đường Tập Đoàn 6B,,route_question,route_question_formal_medium_001,current+digit_by_digit+prefix+formal,current,digit_by_digit,formal,osm,02|street|route_question|formal_medium
855bc146793611a1,cho hỏi đường nào gần nhất đến hẻm bảy mươi bảy Nhất Chi Mai ở thành phố Hồ Chí Minh,street,street,hẻm bảy mươi bảy Nhất Chi Mai ở thành phố Hồ Chí Minh,osm_street_way_197940885,Hồ Chí Minh,,,,Hẻm 77 Nhất Chi Mai,,route_question,route_question_neutral_medium_004,current+cardinal+prefix+neutral,current,cardinal,neutral,osm,02|street|route_question|neutral_medium
cd923cca05dad5ec,này ờ làm sao đến đường số bốn mươi tám ở thành phố Hồ Chí Minh nhanh nhất,street,street,đường số bốn mươi tám ở thành phố Hồ Chí Minh,osm_street_way_32580160,Hồ Chí Minh,,,,Đường số 48,,route_question,route_question_neutral_medium_007,current+cardinal+prefix+neutral,current,cardinal,neutral,osm,02|street|route_question|neutral_medium
d4e0be5cbb85fa67,từ đây tới đường số tám bốn đi kiểu gì nhỉ,street,street,đường số tám bốn,osm_street_way_428429336,Hồ Chí Minh,,,,Đường số 84,,route_question,route_question_neutral_medium_002,current+digit_by_digit+prefix+neutral,current,digit_by_digit,neutral,osm,02|street|route_question|neutral_medium
4a329a8e3a48b312,đường nào đến phố Đông Thạnh một bốn nhé,street,street,phố Đông Thạnh một bốn,osm_street_way_605519833,Hồ Chí Minh,,,,Đông Thạnh 1-4,,route_question,route_question_neutral_short_004,current+cardinal+prefix+neutral,current,cardinal,neutral,osm,02|street|route_question|neutral_short
d257dc6a5834414e,hẻm mười hai Cù Lao đi đường nào,street,street,hẻm mười hai Cù Lao,osm_street_way_602308852,Hồ Chí Minh,,,,Hẻm 12 Cù Lao,,route_question,route_question_neutral_short_003,current+cardinal+prefix+neutral,current,cardinal,neutral,osm,02|street|route_question|neutral_short
d9e3e462a8005eb2,hẻm chín bốn Tây Lân đi hướng nào vậy,street,street,hẻm chín bốn Tây Lân,osm_street_way_512505602,Hồ Chí Minh,,,,Hẻm 94 Tây Lân,,route_question,route_question_neutral_short_006,current+digit_by_digit+prefix+neutral,current,digit_by_digit,neutral,osm,02|street|route_question|neutral_short
124ad7f995bf5d33,"tìm thử giúp mình hẻm bảy ba bảy xuyệt bốn tám xuyệt một Lạc Long Quân ở thành phố Hồ Chí Minh xem, gần đây có không",street,street,hẻm bảy ba bảy xuyệt bốn tám xuyệt một Lạc Long Quân ở thành phố Hồ Chí Minh,osm_street_way_675670561,Hồ Chí Minh,,,,Hẻm 737/48/1 Lạc Long Quân,,search,search_casual_long_005,current+digit_by_digit+prefix+casual,current,digit_by_digit,casual,osm,02|street|search|casual_long
fde1a6e2e2ccef0b,"ơ tìm giúp mình hẻm hai trăm hai mươi ba đường số tám ở thành phố Hồ Chí Minh đi, chỗ nào ngon ngon ấy",street,street,hẻm hai trăm hai mươi ba đường số tám ở thành phố Hồ Chí Minh,osm_street_way_623765296,Hồ Chí Minh,,,,Hẻm 223 Đường số 8,,search,search_casual_long_010,current+cardinal+prefix+casual,current,cardinal,casual,osm,02|street|search|casual_long
903769dcee853949,ê kiếm giúp mình khách sạn nào gần Trương Phước Phan nhất đi mà,street,street,Trương Phước Phan,osm_street_way_460757149,Hồ Chí Minh,,,,Trương Phước Phan,,search,search_casual_long_007,current+none+no_prefix+casual,current,none,casual,osm,02|street|search|casual_long
921e1cc06cbac984,mò tìm hẻm hai trăm mười tám xuyệt mười lăm mười bảy Lê Văn Sỹ ở thành phố Hồ Chí Minh đi mà,street,street,hẻm hai trăm mười tám xuyệt mười lăm mười bảy Lê Văn Sỹ ở thành phố Hồ Chí Minh,osm_street_way_201526300,Hồ Chí Minh,,,,Hẻm 218/15-17 Lê Văn Sỹ,,search,search_casual_short_010,current+cardinal+prefix+casual,current,cardinal,casual,osm,02|street|search|casual_short
50a398bd71e468e7,kiếm hẻm mười một ép Bạch Đằng ở thành phố Hồ Chí Minh cái nhé,street,street,hẻm mười một ép Bạch Đằng ở thành phố Hồ Chí Minh,osm_street_way_32576776,Hồ Chí Minh,,,,Hẻm 11F Bạch Đằng,,search,search_casual_short_002,current+cardinal+prefix+casual,current,cardinal,casual,osm,02|street|search|casual_short
2fd4bc51c1a531f0,dò hẻm bốn trăm bốn mươi xuyệt bốn mươi chín Thống Nhất,street,street,hẻm bốn trăm bốn mươi xuyệt bốn mươi chín Thống Nhất,osm_street_way_627180435,Hồ Chí Minh,,,,Hẻm 440/49 Thống Nhất,,search,search_casual_short_004,current+cardinal+prefix+casual,current,cardinal,casual,osm,02|street|search|casual_short
cb0655aa46749771,làm ơn cho hỏi xin tra giúp thông tin phố Cù Lao,street,street,phố Cù Lao,osm_street_way_32577817,Hồ Chí Minh,,,,Cù Lao,,search,search_formal_medium_003,current+none+prefix+formal,current,none,formal,osm,02|street|search|formal_medium
3d64089d3810c382,xin tìm kiếm giúp hẻm năm ép Bến Bình Đông,street,street,hẻm năm ép Bến Bình Đông,osm_street_way_572778181,Hồ Chí Minh,,,,Hẻm 5F Bến Bình Đông,,search,search_formal_medium_007,current+digit_by_digit+prefix+formal,current,digit_by_digit,formal,osm,02|street|search|formal_medium
619f59383623ba6e,xin tra giúp thông tin hẻm bốn một xuyệt ba bốn đường Nguyễn Oanh ở thành phố Hồ Chí Minh,street,street,hẻm bốn một xuyệt ba bốn đường Nguyễn Oanh ở thành phố Hồ Chí Minh,osm_street_way_446052461,Hồ Chí Minh,,,,Hẻm 41/34 Đường Nguyễn Oanh,,search,search_formal_medium_003,current+digit_by_digit+prefix+formal,current,digit_by_digit,formal,osm,02|street|search|formal_medium
85a3f88721cd2fac,tra giúp tôi vị trí hẻm chín mươi tư Tây Lân,street,street,hẻm chín mươi tư Tây Lân,osm_street_way_512505602,Hồ Chí Minh,,,,Hẻm 94 Tây Lân,,search,search_neutral_medium_003,current+mixed+prefix+neutral,current,mixed,neutral,osm,02|street|search|neutral_medium
278c40fc91249b8c,kiếm giúp tôi chỗ hẻm một nghìn một trăm tám mươi bảy được không,street,street,hẻm một nghìn một trăm tám mươi bảy,osm_street_way_606183677,Hồ Chí Minh,,,,Hẻm 1187,,search,search_neutral_medium_010,current+cardinal+prefix+neutral,current,cardinal,neutral,osm,02|street|search|neutral_medium
f639e56d510ac79e,tra giúp tôi vị trí Nguyễn Văn Dưỡng ở thành phố Hồ Chí Minh,street,street,Nguyễn Văn Dưỡng ở thành phố Hồ Chí Minh,osm_street_way_1361112487,Hồ Chí Minh,,,,Nguyễn Văn Dưỡng,,search,search_neutral_medium_003,current+none+no_prefix+neutral,current,none,neutral,osm,02|street|search|neutral_medium
b0ae84de88bfdc41,cho hỏi tìm giúp tôi thông tin về hẻm một trăm lẻ bảy xuyệt tám Quang Trung ở tỉnh Bình Dương giúp tôi,street,street,hẻm một trăm lẻ bảy xuyệt tám Quang Trung ở tỉnh Bình Dương,osm_street_way_447331263,Hồ Chí Minh,Bình Dương,,,Hẻm 107/8 Quang Trung,,search,search_neutral_medium_009,legacy+cardinal+prefix+neutral,legacy,cardinal,neutral,osm,02|street|search|neutral_medium
4e217d05993a2087,kiếm chỗ hẻm bảy trăm ba mươi xuyệt một trăm lẻ tám đường Lê Đức Thọ giúp tôi,street,street,hẻm bảy trăm ba mươi xuyệt một trăm lẻ tám đường Lê Đức Thọ,osm_street_way_604818484,Hồ Chí Minh,,,,Hẻm 730/108 Đường Lê Đức Thọ,,search,search_neutral_short_006,current+cardinal+prefix+neutral,current,cardinal,neutral,osm,02|street|search|neutral_short
58b1a3c6a5fc423a,kiếm chỗ hẻm một trăm Chiến Thắng được không,street,street,hẻm một trăm Chiến Thắng,osm_street_way_608252230,Hồ Chí Minh,,,,Hẻm 100 Chiến Thắng,,search,search_neutral_short_006,current+cardinal+prefix+neutral,current,cardinal,neutral,osm,02|street|search|neutral_short
32f58893fcb44db4,tra giúp hẻm năm năm xuyệt bốn ba Nguyễn Văn Công ở thành phố Hồ Chí Minh với,street,street,hẻm năm năm xuyệt bốn ba Nguyễn Văn Công ở thành phố Hồ Chí Minh,osm_street_way_611041120,Hồ Chí Minh,,,,Hẻm 55/43 Nguyễn Văn Công,,search,search_neutral_short_004,current+digit_by_digit+prefix+neutral,current,digit_by_digit,neutral,osm,02|street|search|neutral_short
d9cc67d72ff89ed2,kiếm thử đường Bùi Văn Ba giúp tôi,street,street,đường Bùi Văn Ba,osm_street_way_205373794,Hồ Chí Minh,,,,Bùi Văn Ba,,search,search_neutral_short_009,current+none+prefix+neutral,current,none,neutral,osm,02|street|search|neutral_short
2a72ac5d050d5e9a,"cái chỗ hẻm mười bảy Liên khu năm sáu ở thành phố Hồ Chí Minh đó, ghé vô đó xíu đi",street,street,hẻm mười bảy Liên khu năm sáu ở thành phố Hồ Chí Minh,osm_street_way_411560761,Hồ Chí Minh,,,,Hẻm 17 Liên khu 5-6,,short_command,short_command_casual_long_002,current+cardinal+prefix+casual,current,cardinal,casual,osm,02|street|short_command|casual_long
d5f229045ad5581f,"ơ Mỹ Thái một xê ở thành phố Hồ Chí Minh đó mà, tấp vô đi cho rồi nha",street,street,Mỹ Thái một xê ở thành phố Hồ Chí Minh,osm_street_way_149904717,Hồ Chí Minh,,,,Mỹ Thái 1C,,short_command,short_command_casual_long_008,current+digit_by_digit+no_prefix+casual,current,digit_by_digit,casual,osm,02|street|short_command|casual_long
f682bf9f306e67c4,quẹo vào hẻm một trăm lẻ chín Tôn Thất Thuyết ở thành phố Hồ Chí Minh cái nhé,street,street,hẻm một trăm lẻ chín Tôn Thất Thuyết ở thành phố Hồ Chí Minh,osm_street_way_220412129,Hồ Chí Minh,,,,Hẻm 109 Tôn Thất Thuyết,,short_command,short_command_casual_short_007,current+cardinal+prefix+casual,current,cardinal,casual,osm,02|street|short_command|casual_short
dabbfb3f6b04e7d0,qua phố Nguyễn Thị Tần cái,street,highway,phố Nguyễn Thị Tần,osm_street_way_608796935,Hồ Chí Minh,,,,Nguyễn Thị Tần,,short_command,short_command_casual_short_002,current+none+prefix+casual,current,none,casual,osm,02|street|short_command|casual_short
b35cfa755c98c245,xin cho hỏi xin đi thẳng đến hẻm một trăm sáu mươi đường số bốn ở tỉnh Bình Dương,street,street,hẻm một trăm sáu mươi đường số bốn ở tỉnh Bình Dương,osm_street_way_625775711,Hồ Chí Minh,Bình Dương,,,Hẻm 160 Đường số 4,,short_command,short_command_formal_medium_008,legacy+cardinal+prefix+formal,legacy,cardinal,formal,osm,02|street|short_command|formal_medium
d4eb7a432561e617,xin đưa tôi đến đường Ga đến tê ba (Tầng một ở thành phố Hồ Chí Minh giúp tôi với ạ,street,street,đường Ga đến tê ba (Tầng một ở thành phố Hồ Chí Minh,osm_street_way_1375824757,Hồ Chí Minh,,,,Ga đến T3 (Tầng 1),,short_command,short_command_formal_medium_001,current+cardinal+prefix+formal,current,cardinal,formal,osm,02|street|short_command|formal_medium
85a18b24ad25db85,cho xe chạy đến hẻm hai mươi tám a Dương Bá Trạc ở thành phố Hồ Chí Minh giúp tôi,street,street,hẻm hai mươi tám a Dương Bá Trạc ở thành phố Hồ Chí Minh,osm_street_way_193940365,Hồ Chí Minh,,,,Hẻm 28A Dương Bá Trạc,,short_command,short_command_neutral_medium_001,current+cardinal+prefix+neutral,current,cardinal,neutral,osm,02|street|short_command|neutral_medium
f9f4e47c28b0883d,cho tôi hỏi cho xe chạy đến đường Tua mười tám giúp tôi,street,street,đường Tua mười tám,osm_street_way_315658187,Hồ Chí Minh,,,,Tua 18,,short_command,short_command_neutral_medium_001,current+cardinal+prefix+neutral,current,cardinal,neutral,osm,02|street|short_command|neutral_medium
be1300296998c425,chạy tới đường Cầu Kênh mười ở thành phố Hồ Chí Minh nhé,street,highway,đường Cầu Kênh mười ở thành phố Hồ Chí Minh,osm_street_way_231879443,Hồ Chí Minh,,,,Cầu Kênh 10,,short_command,short_command_neutral_medium_007,current+cardinal+prefix+neutral,current,cardinal,neutral,osm,02|street|short_command|neutral_medium
3f1dffade5a52126,tới đường Hàn Thuyên ở thành phố Hồ Chí Minh,street,street,đường Hàn Thuyên ở thành phố Hồ Chí Minh,osm_street_way_35113663,Hồ Chí Minh,,,,Hàn Thuyên,,short_command,short_command_neutral_short_003,current+none+prefix+neutral,current,none,neutral,osm,02|street|short_command|neutral_short
19307c68de32b60a,rẽ hẻm hai trăm chín mươi tư Phú Thọ Hòa,street,street,hẻm hai trăm chín mươi tư Phú Thọ Hòa,osm_street_way_752165795,Hồ Chí Minh,,,,Hẻm 294 Phú Thọ Hòa,,short_command,short_command_neutral_short_009,current+cardinal+prefix+neutral,current,cardinal,neutral,osm,02|street|short_command|neutral_short
ab53ddea2d0571a4,dừng hẻm hai bảy bảy Tân Hòa Đông được không,street,street,hẻm hai bảy bảy Tân Hòa Đông,osm_street_way_959100058,Hồ Chí Minh,,,,Hẻm 277 Tân Hòa Đông,,short_command,short_command_neutral_short_010,current+mixed+prefix+neutral,current,mixed,neutral,osm,02|street|short_command|neutral_short
a4c167fa7f3596f0,gần Nhà Xe Hoa Mai hông,transport,bus_terminal,Nhà Xe Hoa Mai,osm_poi_node_9585162923,Hồ Chí Minh,,,,,,contextual,contextual_casual_short_001,current+none+no_prefix+casual,current,none,casual,osm,02|transport|contextual|casual_short
ba1f34a0bf82f177,ờ vị trí này gần Nhà xe Thành Bưởi Lê Hồng Phong ở tỉnh Bà Rịa - Vũng Tàu không,transport,bus_terminal,Nhà xe Thành Bưởi Lê Hồng Phong ở tỉnh Bà Rịa - Vũng Tàu,osm_poi_node_9584841105,Hồ Chí Minh,Bà Rịa - Vũng Tàu,,,,,contextual,contextual_neutral_medium_010,legacy+none+no_prefix+neutral,legacy,none,neutral,osm,02|transport|contextual|neutral_medium
7fd9ddb33431fec5,Bến Thảo Điền gần đây không,transport,ferry_terminal,Bến Thảo Điền,osm_poi_node_5333120734,Hồ Chí Minh,,,,,,contextual,contextual_neutral_short_003,current+none+no_prefix+neutral,current,none,neutral,osm,02|transport|contextual|neutral_short
019b6f8b40781c94,"à cho hỏi xíu, đường đi Bến xe Sài Gòn có xa không",transport,bus_terminal,Bến xe Sài Gòn,osm_poi_way_326846291,Hồ Chí Minh,,,,,,conversational,conversational_casual_long_005,current+none+no_prefix+casual,current,none,casual,osm,02|transport|conversational|casual_long
1c725d4d091aecea,hỏi đường Bến xe buýt Hiệp Thành ở thành phố Hồ Chí Minh đi,transport,bus_terminal,Bến xe buýt Hiệp Thành ở thành phố Hồ Chí Minh,osm_poi_node_9593797952,Hồ Chí Minh,,,,,,conversational,conversational_casual_short_001,current+none+no_prefix+casual,current,none,casual,osm,02|transport|conversational|casual_short
8c4db9ec8f850907,làm ơn cho hỏi tôi xin phép hỏi đường tới Tân Cảng được không ạ,transport,metro_station,Tân Cảng,osm_poi_node_11586280299,Hồ Chí Minh,,,,,,conversational,conversational_formal_medium_005,current+none+no_prefix+formal,current,none,formal,osm,02|transport|conversational|formal_medium
4fff39b825b25e68,cho hỏi mình đang tìm đường đến Bến xe Thành Bưởi - Hàng Xanh ở thành phố Hồ Chí Minh với,transport,bus_terminal,Bến xe Thành Bưởi - Hàng Xanh ở thành phố Hồ Chí Minh,osm_poi_node_9587268683,Hồ Chí Minh,,,,,,conversational,conversational_neutral_medium_007,current+none+no_prefix+neutral,current,none,neutral,osm,02|transport|conversational|neutral_medium
309fd9f58605f139,cho hỏi đường đến Sân bay quốc tế Tân Sơn Nhất ở thành phố Hồ Chí Minh,transport,airport,Sân bay quốc tế Tân Sơn Nhất ở thành phố Hồ Chí Minh,osm_poi_way_54242195,Hồ Chí Minh,,,,,,conversational,conversational_neutral_short_001,current+none+no_prefix+neutral,current,none,neutral,osm,02|transport|conversational|neutral_short
965df59f3e9d8ee6,"à chỉ mình đường đi Bến xe Miền Đông đi, mình mới chuyển tới đây",transport,bus_terminal,Bến xe Miền Đông,osm_poi_node_11757386654,Hồ Chí Minh,,,,,,nav_command,nav_command_casual_long_003,current+none+no_prefix+casual,current,none,casual,osm,02|transport|nav_command|casual_long
8457e71f835093a3,vọt qua An Phú cái nhé,transport,metro_station,An Phú,osm_poi_node_11586280301,Hồ Chí Minh,,,,,,nav_command,nav_command_casual_short_010,current+none+no_prefix+casual,current,none,casual,osm,02|transport|nav_command|casual_short
7eb5e3707142b0a0,vui lòng chỉ đường tới Bến Bạch Đằng,transport,ferry_terminal,Bến Bạch Đằng,osm_poi_node_5884373574,Hồ Chí Minh,,,,,,nav_command,nav_command_formal_medium_002,current+none+no_prefix+formal,current,none,formal,osm,02|transport|nav_command|formal_medium
0189319c760ed087,cho hỏi chỉ tuyến đường đến Meko limosine ho chi minh city giúp tôi,transport,bus_terminal,Meko limosine ho chi minh city,osm_poi_node_13576594302,Hồ Chí Minh,,,,,,nav_command,nav_command_neutral_medium_007,current+none+no_prefix+neutral,current,none,neutral,osm,02|transport|nav_command|neutral_medium
8e76e3a9b65238da,chỉ hướng đến Gò Vấp ở thành phố Hồ Chí Minh,transport,railway_station,Gò Vấp ở thành phố Hồ Chí Minh,osm_poi_node_2893771497,Hồ Chí Minh,,,,,,nav_command,nav_command_neutral_short_009,current+none+no_prefix+neutral,current,none,neutral,osm,02|transport|nav_command|neutral_short
a8fb131ca2cbfed2,tới Bến đò Sa Tân Miếu ở thành phố Hồ Chí Minh đi ngả nào cho khỏi kẹt xe vậy,transport,ferry_terminal,Bến đò Sa Tân Miếu ở thành phố Hồ Chí Minh,osm_poi_node_8366663735,Hồ Chí Minh,,,,,,route_question,route_question_casual_long_007,current+none+no_prefix+casual,current,none,casual,osm,02|transport|route_question|casual_long
774683c1245a21af,Đò Bình Quới đi đâu vậy,transport,ferry_terminal,Đò Bình Quới,osm_poi_node_366465995,Hồ Chí Minh,,,,,,route_question,route_question_casual_short_005,current+none+no_prefix+casual,current,none,casual,osm,02|transport|route_question|casual_short
c9da24a76fbac3e6,làm ơn cho hỏi xin hỏi đường nào gần nhất đến Đò Bình Quới ở thành phố Hồ Chí Minh,transport,ferry_terminal,Đò Bình Quới ở thành phố Hồ Chí Minh,osm_poi_node_366465995,Hồ Chí Minh,,,,,,route_question,route_question_formal_medium_002,current+none+no_prefix+formal,current,none,formal,osm,02|transport|route_question|formal_medium
84bc697da0b46fbe,này đi đến Bến xe Chợ Lớn bằng đường nào,transport,bus_terminal,Bến xe Chợ Lớn,osm_poi_way_286258506,Hồ Chí Minh,,,,,,route_question,route_question_neutral_medium_008,current+none+no_prefix+neutral,current,none,neutral,osm,02|transport|route_question|neutral_medium
a216da10b0ccdbac,đến Bến xe Tân Phú ở thành phố Hồ Chí Minh lối nào nhỉ,transport,bus_terminal,Bến xe Tân Phú ở thành phố Hồ Chí Minh,osm_poi_way_462954278,Hồ Chí Minh,,,,,,route_question,route_question_neutral_short_008,current+none+no_prefix+neutral,current,none,neutral,osm,02|transport|route_question|neutral_short
139e8a60da54d23d,"tìm giúp mình Bến xe buýt Hiệp Thành cái, tìm chỗ nào gần gần thôi cái nhé",transport,bus_terminal,Bến xe buýt Hiệp Thành,osm_poi_node_9593797952,Hồ Chí Minh,,,,,,search,search_casual_long_001,current+none+no_prefix+casual,current,none,casual,osm,02|transport|search|casual_long
6f6c9c148dde175c,lục tìm Đò Bình Quới cái nhé,transport,ferry_terminal,Đò Bình Quới,osm_poi_node_1519797030,Hồ Chí Minh,,,,,,search,search_casual_short_009,current+none+no_prefix+casual,current,none,casual,osm,02|transport|search|casual_short
c1620976cbd59cba,xin tra giúp thông tin Bến xe Đầm Sen ở thành phố Hồ Chí Minh giúp tôi với ạ,transport,bus_terminal,Bến xe Đầm Sen ở thành phố Hồ Chí Minh,osm_poi_way_457800083,Hồ Chí Minh,,,,,,search,search_formal_medium_003,current+none+no_prefix+formal,current,none,formal,osm,02|transport|search|formal_medium
a87ba4054606831e,tìm giúp tôi chỗ Bến xe Miền Đông ở thành phố Sài Gòn với,transport,bus_terminal,Bến xe Miền Đông ở thành phố Sài Gòn,osm_poi_node_11757386654,Hồ Chí Minh,,,,,,search,search_neutral_medium_004,spoken_alias+none+no_prefix+neutral,spoken_alias,none,neutral,osm,02|transport|search|neutral_medium
db568107c6c2d865,kiếm giúp Nhà xe Ngọc Ánh ở thành phố Hồ Chí Minh,transport,bus_terminal,Nhà xe Ngọc Ánh ở thành phố Hồ Chí Minh,osm_poi_node_9587171477,Hồ Chí Minh,,,,,,search,search_neutral_short_003,current+none+no_prefix+neutral,current,none,neutral,osm,02|transport|search|neutral_short
7c66c26f26914bc0,"chỗ kia kìa, Bến xe Quận tám đó, rẽ vô đi",transport,bus_terminal,Bến xe Quận tám,osm_poi_way_462903365,Hồ Chí Minh,,,,,,short_command,short_command_casual_long_005,current+cardinal+no_prefix+casual,current,cardinal,casual,osm,02|transport|short_command|casual_long
b7fe7af9c41e639b,ghé Bến xe buýt Hiệp Thành ở tỉnh Bà Rịa - Vũng Tàu tí nha,transport,bus_terminal,Bến xe buýt Hiệp Thành ở tỉnh Bà Rịa - Vũng Tàu,osm_poi_node_9593797952,Hồ Chí Minh,Bà Rịa - Vũng Tàu,,,,,short_command,short_command_casual_short_003,legacy+none+no_prefix+casual,legacy,none,casual,osm,02|transport|short_command|casual_short
d2e536454bd0b0dd,xin rẽ vào Nhà xe Ngọc Ánh ở thành phố Hồ Chí Minh được không ạ,transport,bus_terminal,Nhà xe Ngọc Ánh ở thành phố Hồ Chí Minh,osm_poi_node_9587171477,Hồ Chí Minh,,,,,,short_command,short_command_formal_medium_006,current+none+no_prefix+formal,current,none,formal,osm,02|transport|short_command|formal_medium
327299ad453a236e,cho mình hỏi ghé ngang Nhà Xe Hoa Mai,transport,bus_terminal,Nhà Xe Hoa Mai,osm_poi_node_9585162923,Hồ Chí Minh,,,,,,short_command,short_command_neutral_medium_008,current+none+no_prefix+neutral,current,none,neutral,osm,02|transport|short_command|neutral_medium
38f8cacf4da063c3,đến Nhà Xe Hoa Mai,transport,bus_terminal,Nhà Xe Hoa Mai,osm_poi_node_9585162923,Hồ Chí Minh,,,,,,short_command,short_command_neutral_short_004,current+none+no_prefix+neutral,current,none,neutral,osm,02|transport|short_command|neutral_short
2e6de4bc2b49c91e,gần số một trăm ba mươi lăm xuyệt tám mươi tư ngõ năm mươi Trung Hải ở thành phố Hải Phòng không ta,address,house_address,số một trăm ba mươi lăm xuyệt tám mươi tư ngõ năm mươi Trung Hải ở thành phố Hải Phòng,osm_street_way_885389554,Hải Phòng,,,,Ngõ 50 Trung Hải,135/84 Ngõ 50 Trung Hải,contextual,contextual_casual_short_006,current+cardinal+prefix+casual,current,cardinal,casual,osm,03|address|contextual|casual_short
d8d0082dbf936f85,này chỗ này có gần số một hai sáu Hiệp An một ở thành phố Hải Phòng không,address,house_address,số một hai sáu Hiệp An một ở thành phố Hải Phòng,osm_street_way_885351929,Hải Phòng,,,,Phố Hiệp An 1,126 Phố Hiệp An 1,contextual,contextual_neutral_medium_001,current+mixed+no_prefix+neutral,current,mixed,neutral,osm,03|address|contextual|neutral_medium
6649a1ed62c8be8e,quanh đây gần hai trăm lẻ sáu Vũ Giới ở thành phố Hải Phòng không,address,house_address,hai trăm lẻ sáu Vũ Giới ở thành phố Hải Phòng,osm_street_way_1053195779,Hải Phòng,,,,Đường Vũ Giới,206 Đường Vũ Giới,contextual,contextual_neutral_short_006,current+cardinal+no_prefix+neutral,current,cardinal,neutral,osm,03|address|contextual|neutral_short
6c8f67d89fe520fd,"này mình không rành đường ở đây, chỉ mình tới bốn mươi ngõ chín mươi lăm Hoàng Hoa Thám với",address,house_address,bốn mươi ngõ chín mươi lăm Hoàng Hoa Thám,osm_street_way_745396814,Hải Phòng,,,,Ngõ 95 Hoàng Hoa Thám,40 Ngõ 95 Hoàng Hoa Thám,conversational,conversational_casual_long_008,current+cardinal+prefix+casual,current,cardinal,casual,osm,03|address|conversational|casual_long
e22d1e6d5416910a,đường một sáu ba lờ phố Chợ Cột ở thành phố Hải Phòng sao,address,house_address,một sáu ba lờ phố Chợ Cột ở thành phố Hải Phòng,osm_street_way_529675514,Hải Phòng,,,,Phố Chợ Cột,163L Phố Chợ Cột,conversational,conversational_casual_short_005,current+mixed+prefix+casual,current,mixed,casual,osm,03|address|conversational|casual_short
4f8b8536b8f27bcc,làm ơn cho hỏi tôi cần hỏi đường đi số hai trăm hai mươi sáu phố Vạn Lê ở thành phố Hải Phòng giúp tôi với ạ,address,house_address,số hai trăm hai mươi sáu phố Vạn Lê ở thành phố Hải Phòng,osm_street_way_1110090286,Hải Phòng,,,,Phố Vạn Lê,226 Phố Vạn Lê,conversational,conversational_formal_medium_007,current+cardinal+prefix+formal,current,cardinal,formal,osm,03|address|conversational|formal_medium
04218d844c338238,mình đang tìm đường đến hai trăm ba mươi sáu phố Vĩnh Khê ở thành phố Hải Phòng được không,address,house_address,hai trăm ba mươi sáu phố Vĩnh Khê ở thành phố Hải Phòng,osm_street_way_617349688,Hải Phòng,,,,Phố Vĩnh Khê,236 Phố Vĩnh Khê,conversational,conversational_neutral_medium_007,current+cardinal+prefix+neutral,current,cardinal,neutral,osm,03|address|conversational|neutral_medium
60c1fb39beb15abf,cho hỏi đường đến số hai trăm tám mươi bảy phố Hà Sen ở thành phố Hải Phòng nhé,address,house_address,số hai trăm tám mươi bảy phố Hà Sen ở thành phố Hải Phòng,osm_street_way_896375789,Hải Phòng,,,,Phố Hà Sen,287 Phố Hà Sen,conversational,conversational_neutral_short_001,current+cardinal+prefix+neutral,current,cardinal,neutral,osm,03|address|conversational|neutral_short
dd488384a29f98c7,"à chỉ đường đến một trăm mười hai Tân Phong ở tỉnh Hải Dương giùm mình, mình chưa đi bao giờ đi mà",address,house_address,một trăm mười hai Tân Phong ở tỉnh Hải Dương,osm_street_way_1106094623,Hải Phòng,Hải Dương,,,Phố Tân Phong,112 Phố Tân Phong,nav_command,nav_command_casual_long_009,legacy+cardinal+no_prefix+casual,legacy,cardinal,casual,osm,03|address|nav_command|casual_long
38ff623dbfa048b5,qua bảy hai xuyệt năm sáu Hoàng Đăng Miện ở thành phố Hải Phòng đi mà,address,house_address,bảy hai xuyệt năm sáu Hoàng Đăng Miện ở thành phố Hải Phòng,osm_street_way_952812073,Hải Phòng,,,,Phố Hoàng Đăng Miện,72/56 Phố Hoàng Đăng Miện,nav_command,nav_command_casual_short_003,current+digit_by_digit+no_prefix+casual,current,digit_by_digit,casual,osm,03|address|nav_command|casual_short
29e6eb46bff0f1b9,xin cho hỏi xin chỉ đường đến số bốn mươi lăm xuyệt hai phố Tôn Thất Tùng xin cảm ơn,address,house_address,số bốn mươi lăm xuyệt hai phố Tôn Thất Tùng,osm_street_way_627972629,Hải Phòng,,,,Phố Tôn Thất Tùng,45/2 Phố Tôn Thất Tùng,nav_command,nav_command_formal_medium_001,current+mixed+prefix+formal,current,mixed,formal,osm,03|address|nav_command|formal_medium
05284028b9afe216,chỉ giúp lối đi đến tám mươi chín tê phố Thái Sơn ở thành phố Hải Phòng giúp tôi,address,house_address,tám mươi chín tê phố Thái Sơn ở thành phố Hải Phòng,osm_street_way_759756952,Hải Phòng,,,,Phố Thái Sơn,89T Phố Thái Sơn,nav_command,nav_command_neutral_medium_010,current+cardinal+prefix+neutral,current,cardinal,neutral,osm,03|address|nav_command|neutral_medium
e7ff3917f26d4ea9,mở đường đến số một một bảy Thái Hưng ở thành phố Hải Phòng nhé,address,house_address,số một một bảy Thái Hưng ở thành phố Hải Phòng,osm_street_way_616597562,Hải Phòng,,,,Thái Hưng,117 Thái Hưng,nav_command,nav_command_neutral_short_007,current+digit_by_digit+no_prefix+neutral,current,digit_by_digit,neutral,osm,03|address|nav_command|neutral_short
3e9f1c78e1ad3cdf,này đi hai sáu ba ngõ ba mươi tư Nguyễn Bỉnh Khiêm ở thành phố Hải Phòng đường nào tránh được kẹt xe không ta,address,house_address,hai sáu ba ngõ ba mươi tư Nguyễn Bỉnh Khiêm ở thành phố Hải Phòng,osm_street_way_503042433,Hải Phòng,,,,Ngõ 34 Nguyễn Bỉnh Khiêm,263 Ngõ 34 Nguyễn Bỉnh Khiêm,route_question,route_question_casual_long_008,current+mixed+prefix+casual,current,mixed,casual,osm,03|address|route_question|casual_long
ffd35bb31b1cdf71,số một năm năm Núi Đụn đường nào,address,house_address,số một năm năm Núi Đụn,osm_street_way_742079453,Hải Phòng,,,,Đường Núi Đụn,155 Đường Núi Đụn,route_question,route_question_casual_short_008,current+mixed+no_prefix+casual,current,mixed,casual,osm,03|address|route_question|casual_short
d404c65e238b6f94,xin phép hỏi xin hỏi đến số sáu mươi bảy Vườn Lài ở thành phố Hải Phòng đi bằng đường nào ạ,address,house_address,số sáu mươi bảy Vườn Lài ở thành phố Hải Phòng,osm_street_way_754173136,Hải Phòng,,,,Vườn Lài,67 Vườn Lài,route_question,route_question_formal_medium_005,current+cardinal+no_prefix+formal,current,cardinal,formal,osm,03|address|route_question|formal_medium
9ff11079b0a910bf,đường nào gần nhất đến hai ba chín phố Cái Bèo ở thành phố Hải Phòng nhé,address,house_address,hai ba chín phố Cái Bèo ở thành phố Hải Phòng,osm_street_way_45484177,Hải Phòng,,,,Phố Cái Bèo,239 Phố Cái Bèo,route_question,route_question_neutral_medium_004,current+digit_by_digit+prefix+neutral,current,digit_by_digit,neutral,osm,03|address|route_question|neutral_medium
35b01c9b76c6aff5,tới hai trăm sáu mươi lăm ngõ một nghìn tám trăm bốn mươi bảy đường Quang Trung ở tỉnh Hải Dương đường nào nhỉ,address,house_address,hai trăm sáu mươi lăm ngõ một nghìn tám trăm bốn mươi bảy đường Quang Trung ở tỉnh Hải Dương,osm_street_way_942691099,Hải Phòng,Hải Dương,,,Ngõ 1847 Đường Quang Trung,265 Ngõ 1847 Đường Quang Trung,route_question,route_question_neutral_short_007,legacy+cardinal+prefix+neutral,legacy,cardinal,neutral,osm,03|address|route_question|neutral_short
afbf196527cfecb4,"kiếm giúp mình một trăm hai mươi mốt Nguyễn Hữu Cầu đi, mình đang đói meo rồi đi mà",address,house_address,một trăm hai mươi mốt Nguyễn Hữu Cầu,osm_street_way_1103021293,Hải Phòng,,,,Phố Nguyễn Hữu Cầu,121 Phố Nguyễn Hữu Cầu,search,search_casual_long_002,current+cardinal+no_prefix+casual,current,cardinal,casual,osm,03|address|search|casual_long
f14b79b7b0d03e10,tìm giùm một bảy năm đường Mỹ Cụ giúp mình,address,house_address,một bảy năm đường Mỹ Cụ,osm_street_way_252108235,Hải Phòng,,,,Đường Mỹ Cụ,175 Đường Mỹ Cụ,search,search_casual_short_008,current+digit_by_digit+prefix+casual,current,digit_by_digit,casual,osm,03|address|search|casual_short
a8c7d57951142413,xin cho hỏi xin tìm kiếm giúp số một trăm bảy mươi chín xuyệt hai phố Minh Hà ở thành phố Hải Phòng,address,house_address,số một trăm bảy mươi chín xuyệt hai phố Minh Hà ở thành phố Hải Phòng,osm_street_way_368443595,Hải Phòng,,,,Phố Minh Hà,179/2 Phố Minh Hà,search,search_formal_medium_007,current+cardinal+prefix+formal,current,cardinal,formal,osm,03|address|search|formal_medium
2d318bff921b3694,này kiếm hộ tôi hai trăm chín mươi tư phố Hải Nam ở thành phố Hải Phòng giúp tôi,address,house_address,hai trăm chín mươi tư phố Hải Nam ở thành phố Hải Phòng,osm_street_way_752875383,Hải Phòng,,,,Hải Nam,294 Hải Nam,search,search_neutral_medium_005,current+cardinal+prefix+neutral,current,cardinal,neutral,osm,03|address|search|neutral_medium
55a5d01eafc50626,tìm thử số hai mươi lăm Trần Thâm ở tỉnh Hải Dương,address,house_address,số hai mươi lăm Trần Thâm ở tỉnh Hải Dương,osm_street_way_897932712,Hải Phòng,Hải Dương,,,Phố Trần Thâm,25 Phố Trần Thâm,search,search_neutral_short_008,legacy+cardinal+no_prefix+neutral,legacy,cardinal,neutral,osm,03|address|search|neutral_short
9aa8be6a2c4e8779,tấp vô số bảy mươi hai hát phố Trần Hưng Đạo ở thành phố Hải Phòng,address,house_address,số bảy mươi hai hát phố Trần Hưng Đạo ở thành phố Hải Phòng,osm_street_way_497471875,Hải Phòng,,,,Phố Trần Hưng Đạo,72H Phố Trần Hưng Đạo,short_command,short_command_casual_short_006,current+cardinal+prefix+casual,current,cardinal,casual,osm,03|address|short_command|casual_short
c783570379ffc3db,dừng lại ở số tám mươi hai ngõ ba mươi tám Cung đường ở tỉnh Hải Dương nhé,address,house_address,số tám mươi hai ngõ ba mươi tám Cung đường ở tỉnh Hải Dương,osm_street_way_490428887,Hải Phòng,Hải Dương,,,Ngõ 38 Cung Đường,82 Ngõ 38 Cung Đường,short_command,short_command_neutral_medium_005,legacy+mixed+prefix+neutral,legacy,mixed,neutral,osm,03|address|short_command|neutral_medium
383eb84bb1d926e8,số hai trăm mười bốn đường Trần Quang Triều ở thành phố Hải Phòng,address,house_address,số hai trăm mười bốn đường Trần Quang Triều ở thành phố Hải Phòng,osm_street_way_497290345,Hải Phòng,,,,Đường Trần Quang Triều,214 Đường Trần Quang Triều,short_command,short_command_neutral_short_001,current+cardinal+prefix+neutral,current,cardinal,neutral,osm,03|address|short_command|neutral_short
da6509e26f98f58c,"đoạn này gần xã An Phú không vậy ta, xa không",admin_unit,ward,xã An Phú,osm_ward_19297519,Hải Phòng,,,An Phú,,,contextual,contextual_casual_long_007,current+none+prefix+casual,current,none,casual,manual,03|admin_unit|contextual|casual_long
cc2f98449f40b18b,gần phường Hải An lắm không,admin_unit,ward,phường Hải An,osm_ward_19263416,Hải Phòng,,,Hải An,,,contextual,contextual_casual_short_009,current+none+prefix+casual,current,none,casual,manual,03|admin_unit|contextual|casual_short
86db994dd05e4806,xin cho hỏi xin hỏi khu này có gần phường Hồng An không,admin_unit,ward,phường Hồng An,osm_ward_19263156,Hải Phòng,,,Hồng An,,,contextual,contextual_formal_medium_001,current+none+prefix+formal,current,none,formal,manual,03|admin_unit|contextual|formal_medium
5bf87787887df6b7,quanh đây có gần đặc khu Bạch Long Vĩ ở tỉnh Hải Dương không,admin_unit,ward,đặc khu Bạch Long Vĩ ở tỉnh Hải Dương,osm_ward_19274223,Hải Phòng,Hải Dương,,Bạch Long Vĩ,,,contextual,contextual_neutral_medium_002,legacy+none+prefix+neutral,legacy,none,neutral,manual,03|admin_unit|contextual|neutral_medium
b0312fbf56af8e41,có gần Vĩnh Am không,admin_unit,ward,Vĩnh Am,osm_ward_19282553,Hải Phòng,,,Vĩnh Am,,,contextual,contextual_neutral_short_005,current+none+no_prefix+neutral,current,none,neutral,manual,03|admin_unit|contextual|neutral_short
69b102ea48894cfd,"à cho hỏi xíu, đường đi Kẻ Sặt có xa không",admin_unit,ward,Kẻ Sặt,osm_ward_19348941,Hải Phòng,,,Kẻ Sặt,,,conversational,conversational_casual_long_005,current+none+no_prefix+casual,current,none,casual,manual,03|admin_unit|conversational|casual_long
06b87b1967b54562,hỏi đường Tứ Kỳ nha,admin_unit,ward,Tứ Kỳ,osm_ward_19300829,Hải Phòng,,,Tứ Kỳ,,,conversational,conversational_casual_short_001,current+none+no_prefix+casual,current,none,casual,manual,03|admin_unit|conversational|casual_short
b81ce6799e44faa2,tôi xin phép hỏi đường tới phường Nam Triệu ở thành phố Hải Phòng ạ,admin_unit,ward,phường Nam Triệu ở thành phố Hải Phòng,osm_ward_19266305,Hải Phòng,,,Nam Triệu,,,conversational,conversational_formal_medium_005,current+none+prefix+formal,current,none,formal,manual,03|admin_unit|conversational|formal_medium
3c8014439373e22f,có ai biết đường đến xã Nguyễn Lương Bằng không,admin_unit,ward,xã Nguyễn Lương Bằng,osm_ward_19348945,Hải Phòng,,,Nguyễn Lương Bằng,,,conversational,conversational_neutral_medium_004,current+none+prefix+neutral,current,none,neutral,manual,03|admin_unit|conversational|neutral_medium
1dd94ce170ae5f78,cho hỏi lối đến xã Nam Thanh Miện ở thành phố Hải Phòng,admin_unit,ward,xã Nam Thanh Miện ở thành phố Hải Phòng,osm_ward_19349047,Hải Phòng,,,Nam Thanh Miện,,,conversational,conversational_neutral_short_003,current+none+prefix+neutral,current,none,neutral,manual,03|admin_unit|conversational|neutral_short
cc9578e06f1adf81,"chỉ đường tới An Phú với, mình chạy xe máy thôi nha",admin_unit,ward,An Phú,osm_ward_19297519,Hải Phòng,,,An Phú,,,nav_command,nav_command_casual_long_005,current+none+no_prefix+casual,current,none,casual,manual,03|admin_unit|nav_command|casual_long
bd59d052a11b76f1,qua Bạch Đằng ở thành phố Hải Phòng giúp mình,admin_unit,ward,Bạch Đằng ở thành phố Hải Phòng,osm_ward_19266304,Hải Phòng,,,Bạch Đằng,,,nav_command,nav_command_casual_short_003,current+none+no_prefix+casual,current,none,casual,manual,03|admin_unit|nav_command|casual_short
9887dcafa933f824,xin cho hỏi xin cho tôi đường đi đến phường An Phong ở tỉnh Hải Dương được không ạ,admin_unit,ward,phường An Phong ở tỉnh Hải Dương,osm_ward_19268239,Hải Phòng,Hải Dương,,An Phong,,,nav_command,nav_command_formal_medium_004,legacy+none+prefix+formal,legacy,none,formal,manual,03|admin_unit|nav_command|formal_medium
7bcd0d8d7ba0b49c,tìm hộ đường đến phường Lưu Kiếm được không,admin_unit,ward,phường Lưu Kiếm,osm_ward_18256961,Hải Phòng,,,Lưu Kiếm,,,nav_command,nav_command_neutral_medium_009,current+none+prefix+neutral,current,none,neutral,manual,03|admin_unit|nav_command|neutral_medium
86c0495cecc5ff8d,chỉ đường đến phường Nam Đồng với,admin_unit,ward,phường Nam Đồng,osm_ward_19300140,Hải Phòng,,,Nam Đồng,,,nav_command,nav_command_neutral_short_001,current+none+prefix+neutral,current,none,neutral,manual,03|admin_unit|nav_command|neutral_short
64e0aab4d49f8b5e,đi Phù Liễn ở tỉnh Hải Dương cũ đường nào tránh được kẹt xe không ta,admin_unit,ward,Phù Liễn ở tỉnh Hải Dương cũ,osm_ward_19265172,Hải Phòng,Hải Dương,,Phù Liễn,,,route_question,route_question_casual_long_008,legacy+none+no_prefix+casual,legacy,none,casual,manual,03|admin_unit|route_question|casual_long
8187f977fd419e05,lối nào tới An Biên,admin_unit,ward,An Biên,osm_ward_19262157,Hải Phòng,,,An Biên,,,route_question,route_question_casual_short_006,current+none+no_prefix+casual,current,none,casual,manual,03|admin_unit|route_question|casual_short
b37d3e04bae9629f,xin hỏi từ đây đến xã Hải Hưng đi thế nào,admin_unit,ward,xã Hải Hưng,osm_ward_19349044,Hải Phòng,,,Hải Hưng,,,route_question,route_question_formal_medium_001,current+none+prefix+formal,current,none,formal,manual,03|admin_unit|route_question|formal_medium
1296f189004676e9,muốn tới phường Lưu Kiếm thì đi đường nào,admin_unit,ward,phường Lưu Kiếm,osm_ward_18256961,Hải Phòng,,,Lưu Kiếm,,,route_question,route_question_neutral_medium_003,current+none+prefix+neutral,current,none,neutral,manual,03|admin_unit|route_question|neutral_medium
af0b1b6747011f26,đến xã Vĩnh Bảo lối nào vậy,admin_unit,ward,xã Vĩnh Bảo,osm_ward_19282555,Hải Phòng,,,Vĩnh Bảo,,,route_question,route_question_neutral_short_008,current+none+prefix+neutral,current,none,neutral,manual,03|admin_unit|route_question|neutral_short
106f379f5bf28e33,"tìm thử giúp mình Kiến Thụy ở thành phố Hải Phòng xem, gần đây có không",admin_unit,ward,Kiến Thụy ở thành phố Hải Phòng,osm_ward_19269015,Hải Phòng,,,Kiến Thụy,,,search,search_casual_long_005,current+none+no_prefix+casual,current,none,casual,manual,03|admin_unit|search|casual_long
83db37290767e0d2,tìm giùm An Trường với,admin_unit,ward,An Trường,osm_ward_19285507,Hải Phòng,,,An Trường,,,search,search_casual_short_008,current+none+no_prefix+casual,current,none,casual,manual,03|admin_unit|search|casual_short
1a5bbc0876e0af86,xin cho hỏi xin tìm giúp xã Hà Nam ạ,admin_unit,ward,xã Hà Nam,osm_ward_19292255,Hải Phòng,,,Hà Nam,,,search,search_formal_medium_001,current+none+prefix+formal,current,none,formal,manual,03|admin_unit|search|formal_medium
10bbb3e963be304c,kiếm giúp tôi chỗ xã An Trường ở thành phố Hải Phòng được không,admin_unit,ward,xã An Trường ở thành phố Hải Phòng,osm_ward_19285507,Hải Phòng,,,An Trường,,,search,search_neutral_medium_010,current+none+prefix+neutral,current,none,neutral,manual,03|admin_unit|search|neutral_medium
fe8fe96c93eb34be,kiếm chỗ Vĩnh Lại,admin_unit,ward,Vĩnh Lại,osm_ward_19349122,Hải Phòng,,,Vĩnh Lại,,,search,search_neutral_short_006,current+none+no_prefix+neutral,current,none,neutral,manual,03|admin_unit|search|neutral_short
866d4857e5a40122,"cho hỏi cái chỗ đó, Việt Khê ấy, vòng qua đó cái",admin_unit,ward,Việt Khê,osm_ward_19266422,Hải Phòng,,,Việt Khê,,,short_command,short_command_casual_long_009,current+none+no_prefix+casual,current,none,casual,manual,03|admin_unit|short_command|casual_long
aac614714b37c568,chạy vô Bắc An Phụ được không,admin_unit,ward,Bắc An Phụ,osm_ward_19287761,Hải Phòng,,,Bắc An Phụ,,,short_command,short_command_casual_short_008,current+none+no_prefix+casual,current,none,casual,manual,03|admin_unit|short_command|casual_short
08df9349349d4d40,xin đưa tôi đến xã Thái Tân ở thành phố Hải Phòng được không ạ,admin_unit,ward,xã Thái Tân ở thành phố Hải Phòng,osm_ward_19297520,Hải Phòng,,,Thái Tân,,,short_command,short_command_formal_medium_001,current+none+prefix+formal,current,none,formal,manual,03|admin_unit|short_command|formal_medium
ee67bc94933f3a14,cho tôi xuống ở phường Lưu Kiếm,admin_unit,ward,phường Lưu Kiếm,osm_ward_18256961,Hải Phòng,,,Lưu Kiếm,,,short_command,short_command_neutral_medium_006,current+none+prefix+neutral,current,none,neutral,manual,03|admin_unit|short_command|neutral_medium
81f7ab6c245fc9a2,tới xã Đường An ở thành phố Hải Phòng,admin_unit,ward,xã Đường An ở thành phố Hải Phòng,osm_ward_19348943,Hải Phòng,,,Đường An,,,short_command,short_command_neutral_short_003,current+none+prefix+neutral,current,none,neutral,manual,03|admin_unit|short_command|neutral_short
328fcd87cfa58e4c,"à quanh đây có trạm xăng nào gần Petrolimex – Cửa hàng số ba mươi ba ở thành phố Hải Phòng không, chỉ mình với",commercial,gas_station,Petrolimex – Cửa hàng số ba mươi ba ở thành phố Hải Phòng,osm_poi_node_13595924839,Hải Phòng,,,,,,contextual,contextual_casual_long_002,current+cardinal+no_prefix+casual,current,cardinal,casual,osm,03|commercial|contextual|casual_long
a5c730107c28864f,gần Nhà Nghỉ năm mươi tư Hải Dương lắm không,commercial,hotel,Nhà Nghỉ năm mươi tư Hải Dương,osm_poi_node_11332040505,Hải Phòng,,,,,,contextual,contextual_casual_short_009,current+cardinal+no_prefix+casual,current,cardinal,casual,osm,03|commercial|contextual|casual_short
385355ce1cc72d39,xin phép hỏi xin hỏi khu này có gần Phuong Hotel không ạ,commercial,hotel,Phuong Hotel,osm_poi_node_6206923087,Hải Phòng,,,,,,contextual,contextual_formal_medium_001,current+none+no_prefix+formal,current,none,formal,osm,03|commercial|contextual|formal_medium
1e435d2364040920,đoạn này có gần Cat Ba Eco Hotel ở thành phố Hải Phòng không,commercial,hotel,Cat Ba Eco Hotel ở thành phố Hải Phòng,osm_poi_node_13386159101,Hải Phòng,,,,,,contextual,contextual_neutral_medium_007,current+none+no_prefix+neutral,current,none,neutral,osm,03|commercial|contextual|neutral_medium
abd85df962adaf97,Nhà Nghỉ Vạn Lợi ở thành phố Hải Phòng ở gần không,commercial,hotel,Nhà Nghỉ Vạn Lợi ở thành phố Hải Phòng,osm_poi_node_11332040524,Hải Phòng,,,,,,contextual,contextual_neutral_short_010,current+none+no_prefix+neutral,current,none,neutral,osm,03|commercial|contextual|neutral_short
38e7c35e36e4f71f,"ê cho hỏi xíu, đường đi Quiri ở tỉnh Hải Dương có xa không",commercial,restaurant,Quiri ở tỉnh Hải Dương,osm_poi_node_5767581153,Hải Phòng,Hải Dương,,,,,conversational,conversational_casual_long_005,legacy+none+no_prefix+casual,legacy,none,casual,osm,03|commercial|conversational|casual_long
765e236dc7bdadb4,chỉ đường PV Oil ở thành phố Hải Phòng đi,commercial,gas_station,PV Oil ở thành phố Hải Phòng,osm_poi_node_4435482192,Hải Phòng,,,,,,conversational,conversational_casual_short_003,current+none+no_prefix+casual,current,none,casual,osm,03|commercial|conversational|casual_short
dd9ebf0f1a4c6955,xin cho hỏi tôi xin hỏi đường đi tới Dung Hà ạ,commercial,hotel,Dung Hà,osm_poi_node_994727586,Hải Phòng,,,,,,conversational,conversational_formal_medium_002,current+none+no_prefix+formal,current,none,formal,osm,03|commercial|conversational|formal_medium
b8b9dc836bb6f058,cho hỏi tôi đang cần tìm đường đến Nhà hàng Nguyệt Hùng ở thành phố Hải Phòng với,commercial,restaurant,Nhà hàng Nguyệt Hùng ở thành phố Hải Phòng,osm_poi_node_11415325272,Hải Phòng,,,,,,conversational,conversational_neutral_medium_002,current+none+no_prefix+neutral,current,none,neutral,osm,03|commercial|conversational|neutral_medium
7bb1890edbc25391,cho hỏi hướng Nhà Nghỉ Đồ Sơn Star ở tỉnh Hải Dương,commercial,hotel,Nhà Nghỉ Đồ Sơn Star ở tỉnh Hải Dương,osm_poi_node_11332040537,Hải Phòng,Hải Dương,,,,,conversational,conversational_neutral_short_005,legacy+none+no_prefix+neutral,legacy,none,neutral,osm,03|commercial|conversational|neutral_short
afba3ac206ad591b,"ê chỉ mình đường đi My Way ở thành phố Hải Phòng đi, mình mới chuyển tới đây",commercial,restaurant,My Way ở thành phố Hải Phòng,osm_poi_node_2649308257,Hải Phòng,,,,,,nav_command,nav_command_casual_long_003,current+none+no_prefix+casual,current,none,casual,osm,03|commercial|nav_command|casual_long
d2fcbab6e4b18213,lái đến Casa Bonita nha,commercial,restaurant,Casa Bonita,osm_poi_node_6224590485,Hải Phòng,,,,,,nav_command,nav_command_casual_short_006,current+none+no_prefix+casual,current,none,casual,osm,03|commercial|nav_command|casual_short
e490e070ce76b517,mong chỉ giúp tuyến đường đến Paradise Trend Hotel,commercial,hotel,Paradise Trend Hotel,osm_poi_node_6814192321,Hải Phòng,,,,,,nav_command,nav_command_formal_medium_009,current+none+no_prefix+formal,current,none,formal,osm,03|commercial|nav_command|formal_medium
425b7080357cef27,tìm giúp đường đến My Way Café,commercial,restaurant,My Way Café,osm_poi_node_6325083485,Hải Phòng,,,,,,nav_command,nav_command_neutral_medium_003,current+none+no_prefix+neutral,current,none,neutral,osm,03|commercial|nav_command|neutral_medium
957e401d6a0177c7,chỉ tuyến đường đến Nhà hàng Trọng Thức một giúp tôi,commercial,restaurant,Nhà hàng Trọng Thức một,osm_poi_node_11485704953,Hải Phòng,,,,,,nav_command,nav_command_neutral_medium_007,current+cardinal+no_prefix+neutral,current,cardinal,neutral,osm,03|commercial|nav_command|neutral_medium
d5a42d848b37f0ac,tìm đường đến Petrolimex nhé,commercial,gas_station,Petrolimex,osm_poi_node_993868842,Hải Phòng,,,,,,nav_command,nav_command_neutral_short_004,current+none+no_prefix+neutral,current,none,neutral,osm,03|commercial|nav_command|neutral_short
a4b1d92604266355,chỉ đường đến Secret Garden ở thành phố Hải Phòng với,commercial,restaurant,Secret Garden ở thành phố Hải Phòng,osm_poi_node_6467601835,Hải Phòng,,,,,,nav_command,nav_command_neutral_short_001,current+none+no_prefix+neutral,current,none,neutral,osm,03|commercial|nav_command|neutral_short
716930dbbd05d47e,"mình đang ở đây, đi Huy Hoàng kiểu gì nhanh nhất giúp mình",commercial,hotel,Huy Hoàng,osm_poi_node_994727613,Hải Phòng,,,,,,route_question,route_question_casual_long_010,current+none+no_prefix+casual,current,none,casual,osm,03|commercial|route_question|casual_long
c52770af9960763a,tới Nhà Nghỉ Phúc Lâm lối nào nhỉ,commercial,hotel,Nhà Nghỉ Phúc Lâm,osm_poi_node_11332040527,Hải Phòng,,,,,,route_question,route_question_casual_short_009,current+none+no_prefix+casual,current,none,casual,osm,03|commercial|route_question|casual_short
9cda85794a39a555,xin phép hỏi xin hỏi đường nào gần nhất đến Nhà Nghỉ Cây Dừa hai,commercial,hotel,Nhà Nghỉ Cây Dừa hai,osm_poi_node_11332040515,Hải Phòng,,,,,,route_question,route_question_formal_medium_002,current+cardinal+no_prefix+formal,current,cardinal,formal,osm,03|commercial|route_question|formal_medium
1770841ccd402792,cho mình hỏi làm sao đến Nhà Hàng Hồng Bàng nhanh nhất giúp tôi,commercial,restaurant,Nhà Hàng Hồng Bàng,osm_poi_node_11332040488,Hải Phòng,,,,,,route_question,route_question_neutral_medium_007,current+none+no_prefix+neutral,current,none,neutral,osm,03|commercial|route_question|neutral_medium
15ced1044054e074,đường nào đến Thành Ốc với,commercial,restaurant,Thành Ốc,osm_poi_node_13038565862,Hải Phòng,,,,,,route_question,route_question_neutral_short_004,current+none+no_prefix+neutral,current,none,neutral,osm,03|commercial|route_question|neutral_short
62001319ffb06fce,"ơ dò giúp mình CHXD Phả Lại cái, mình chưa biết chỗ nào cả với",commercial,gas_station,CHXD Phả Lại,osm_poi_node_993196889,Hải Phòng,,,,,,search,search_casual_long_006,current+none+no_prefix+casual,current,none,casual,osm,03|commercial|search|casual_long
fa3541efb1441da2,tìm giùm Paradise Suites đi mà,commercial,hotel,Paradise Suites,osm_poi_node_6956608362,Hải Phòng,,,,,,search,search_casual_short_008,current+none+no_prefix+casual,current,none,casual,osm,03|commercial|search|casual_short
e9c8d9149357e92e,xin tra giúp thông tin Nhà Nghỉ Thành Phúc ở thành phố Hải Phòng giúp tôi với ạ,commercial,hotel,Nhà Nghỉ Thành Phúc ở thành phố Hải Phòng,osm_poi_node_11332040530,Hải Phòng,,,,,,search,search_formal_medium_003,current+none+no_prefix+formal,current,none,formal,osm,03|commercial|search|formal_medium
dafc5cdd4200cea2,này dò giúp tôi vị trí Sunflower One ở thành phố Hải Phòng,commercial,hotel,Sunflower One ở thành phố Hải Phòng,osm_poi_node_994727544,Hải Phòng,,,,,,search,search_neutral_medium_007,current+none+no_prefix+neutral,current,none,neutral,osm,03|commercial|search|neutral_medium
f73f3b520605b7f0,kiếm hộ tôi Phuong Thao ở thành phố Hải Phòng được không,commercial,hotel,Phuong Thao ở thành phố Hải Phòng,osm_poi_node_5835330685,Hải Phòng,,,,,,search,search_neutral_medium_005,current+none+no_prefix+neutral,current,none,neutral,osm,03|commercial|search|neutral_medium
8fe413d3f6a5455c,tra giúp Thành Ốc ở tỉnh Hải Dương cũ,commercial,restaurant,Thành Ốc ở tỉnh Hải Dương cũ,osm_poi_node_13038565862,Hải Phòng,Hải Dương,,,,,search,search_neutral_short_004,legacy+none+no_prefix+neutral,legacy,none,neutral,osm,03|commercial|search|neutral_short
9b926baa8fe939c6,tìm thử Princes Hotel,commercial,hotel,Princes Hotel,osm_poi_node_994065585,Hải Phòng,,,,,,search,search_neutral_short_008,current+none+no_prefix+neutral,current,none,neutral,osm,03|commercial|search|neutral_short
e9f3c6fa79e2c880,"ơ ờ cái chỗ Petrolimex – Cửa hàng số ba mươi ba đó, ghé vô đó xíu đi",commercial,gas_station,Petrolimex – Cửa hàng số ba mươi ba,osm_poi_node_13595924839,Hải Phòng,,,,,,short_command,short_command_casual_long_002,current+cardinal+no_prefix+casual,current,cardinal,casual,osm,03|commercial|short_command|casual_long
31e4c68119ca96ae,vòng qua Total ở thành phố Hải Phòng,commercial,gas_station,Total ở thành phố Hải Phòng,osm_poi_node_993196989,Hải Phòng,,,,,,short_command,short_command_casual_short_005,current+none+no_prefix+casual,current,none,casual,osm,03|commercial|short_command|casual_short
821a5757554c221d,xin đưa xe đến Nhà Nghỉ ĐỨC CƯỜNG xin cảm ơn,commercial,hotel,Nhà Nghỉ ĐỨC CƯỜNG,osm_poi_node_11332040506,Hải Phòng,,,,,,short_command,short_command_formal_medium_010,current+none+no_prefix+formal,current,none,formal,osm,03|commercial|short_command|formal_medium
398b7d5c618c1f25,ghé ngang Nhà Nghỉ Mây Ngàn được không,commercial,hotel,Nhà Nghỉ Mây Ngàn,osm_poi_node_11332040526,Hải Phòng,,,,,,short_command,short_command_neutral_medium_008,current+none+no_prefix+neutral,current,none,neutral,osm,03|commercial|short_command|neutral_medium
87e2e809b57a82b0,Nhà Nghỉ Minh Anh được không,commercial,hotel,Nhà Nghỉ Minh Anh,osm_poi_node_11332040519,Hải Phòng,,,,,,short_command,short_command_neutral_short_001,current+none+no_prefix+neutral,current,none,neutral,osm,03|commercial|short_command|neutral_short
4d6e59c7815bb350,quanh đây có gần Vịnh Lan Hạ ở thành phố Hải Phòng không,landmark,tourist_attraction,Vịnh Lan Hạ ở thành phố Hải Phòng,manual_03_vinh_lan_ha,Hải Phòng,,,,,,contextual,contextual_neutral_medium_002,current+none+no_prefix+neutral,current,none,neutral,manual,03|landmark|contextual|neutral_medium
d876138a621d4180,Cầu Bình Than có xa không,landmark,bridge,Cầu Bình Than,osm_poi_way_1328191550,Hải Phòng,,,,,,contextual,contextual_neutral_short_007,current+none+no_prefix+neutral,current,none,neutral,osm,03|landmark|contextual|neutral_short
d21ed5e7623329c5,hỏi tí đường Đài tưởng niệm liệt sĩ giúp mình,landmark,monument,Đài tưởng niệm liệt sĩ,osm_poi_way_501034153,Hải Phòng,,,,,,conversational,conversational_casual_short_008,current+none+no_prefix+casual,current,none,casual,osm,03|landmark|conversational|casual_short
532cc4419278164d,chỉ mình đường tới Chợ Thành Phao ở thành phố Hải Phòng được không,landmark,market,Chợ Thành Phao ở thành phố Hải Phòng,osm_poi_way_625869635,Hải Phòng,,,,,,conversational,conversational_neutral_medium_005,current+none+no_prefix+neutral,current,none,neutral,osm,03|landmark|conversational|neutral_medium
dab9dd97919c5a05,cho hỏi đường Cannon Fort ở thành phố Hải Phòng,landmark,heritage_site,Cannon Fort ở thành phố Hải Phòng,osm_poi_way_458851649,Hải Phòng,,,,,,conversational,conversational_neutral_short_007,current+none+no_prefix+neutral,current,none,neutral,osm,03|landmark|conversational|neutral_short
f875e78c41f53468,"cho hỏi cái dẫn mình đường tới TAJ lake với, đi từ từ thôi cũng được cái nhé",landmark,lake,TAJ lake,osm_poi_way_1122517334,Hải Phòng,,,,,,nav_command,nav_command_casual_long_010,current+none+no_prefix+casual,current,none,casual,osm,03|landmark|nav_command|casual_long
053ee85f5fd2c98c,vọt qua Hồ Thụy Điển,landmark,lake,Hồ Thụy Điển,osm_poi_way_500827057,Hải Phòng,,,,,,nav_command,nav_command_casual_short_010,current+none+no_prefix+casual,current,none,casual,osm,03|landmark|nav_command|casual_short
6c641cece12ff07f,xin chỉ đường đến Đức Vương Ngô Quyền giúp tôi với ạ,landmark,monument,Đức Vương Ngô Quyền,osm_poi_node_6278479146,Hải Phòng,,,,,,nav_command,nav_command_formal_medium_001,current+none+no_prefix+formal,current,none,formal,osm,03|landmark|nav_command|formal_medium
ff6c32d05bc77556,dẫn giúp đường tới Cầu Bạch Đằng,landmark,bridge,Cầu Bạch Đằng,osm_poi_way_897406815,Hải Phòng,,,,,,nav_command,nav_command_neutral_medium_006,current+none+no_prefix+neutral,current,none,neutral,osm,03|landmark|nav_command|neutral_medium
b9f7f6d78bf973a9,chỉ hướng đến Chợ Bùng,landmark,market,Chợ Bùng,osm_poi_way_1548113944,Hải Phòng,,,,,,nav_command,nav_command_neutral_short_009,current+none+no_prefix+neutral,current,none,neutral,osm,03|landmark|nav_command|neutral_short
42ef41afb14f08b7,lối nào tới Điểm Biểu tượng ngắm Vịnh Cát Bà đi mà,landmark,monument,Điểm Biểu tượng ngắm Vịnh Cát Bà,osm_poi_node_4742839722,Hải Phòng,,,,,,route_question,route_question_casual_short_006,current+none+no_prefix+casual,current,none,casual,osm,03|landmark|route_question|casual_short
42462a9f8985a14a,đi Cột Cờ Chiến Thắng đường nào nhanh nhất giúp tôi,landmark,monument,Cột Cờ Chiến Thắng,osm_poi_node_10178512817,Hải Phòng,,,,,,route_question,route_question_neutral_medium_005,current+none+no_prefix+neutral,current,none,neutral,osm,03|landmark|route_question|neutral_medium
dae4bc3be907fdfe,Chợ Sao Đỏ ở tỉnh Hải Dương cũ đi hướng nào vậy,landmark,market,Chợ Sao Đỏ ở tỉnh Hải Dương cũ,osm_poi_node_5913680225,Hải Phòng,Hải Dương,,,,,route_question,route_question_neutral_short_006,legacy+none+no_prefix+neutral,legacy,none,neutral,osm,03|landmark|route_question|neutral_short
5fd281d6768ff09a,"cho hỏi cái kiếm hộ mình Tượng đài Anh hùng Đông Triều ở thành phố Hải Phòng cái, tiện đường thì ghé qua",landmark,monument,Tượng đài Anh hùng Đông Triều ở thành phố Hải Phòng,osm_poi_way_617182938,Hải Phòng,,,,,,search,search_casual_long_009,current+none+no_prefix+casual,current,none,casual,osm,03|landmark|search|casual_long
013c85581254b88d,tìm Hồ Thứa,landmark,lake,Hồ Thứa,osm_poi_way_1053195781,Hải Phòng,,,,,,search,search_casual_short_001,current+none+no_prefix+casual,current,none,casual,osm,03|landmark|search|casual_short
fb77b3dd5c8cfd0d,xin tra giúp thông tin Chợ trung tâm phường Gia Bình ở thành phố Hải Phòng giúp tôi với ạ,landmark,market,Chợ trung tâm phường Gia Bình ở thành phố Hải Phòng,osm_poi_way_1489160259,Hải Phòng,,,,,,search,search_formal_medium_003,current+none+no_prefix+formal,current,none,formal,osm,03|landmark|search|formal_medium
6043f1d6cb2a9ffb,kiếm giúp tôi thông tin Chợ Thành Phao ở tỉnh Hải Dương nhé,landmark,market,Chợ Thành Phao ở tỉnh Hải Dương,osm_poi_way_625869635,Hải Phòng,Hải Dương,,,,,search,search_neutral_medium_002,legacy+none+no_prefix+neutral,legacy,none,neutral,osm,03|landmark|search|neutral_medium
e5817634b60e8626,kiếm thử Cho Cat Ba ở thành phố Hải Phòng,landmark,market,Cho Cat Ba ở thành phố Hải Phòng,osm_poi_way_1460187082,Hải Phòng,,,,,,search,search_neutral_short_009,current+none+no_prefix+neutral,current,none,neutral,osm,03|landmark|search|neutral_short
e30565adf8cdcecb,cho hỏi cho xe rẽ vào Côn Sơn Kiếp Bạc,landmark,heritage_site,Côn Sơn Kiếp Bạc,manual_03_con_son_kiep_bac,Hải Phòng,,,,,,short_command,short_command_neutral_medium_010,current+none+no_prefix+neutral,current,none,neutral,manual,03|landmark|short_command|neutral_medium
89db8389dd2a8a64,dừng Đền thờ Trạng Trình Nguyễn Bỉnh Khiêm nhé,landmark,heritage_site,Đền thờ Trạng Trình Nguyễn Bỉnh Khiêm,manual_03_en_tho_trang_trinh_nguyen_binh_khiem,Hải Phòng,,,,,,short_command,short_command_neutral_short_010,current+none+no_prefix+neutral,current,none,neutral,manual,03|landmark|short_command|neutral_short
1c037b9188dca713,ở đây có gần Khu Công Nghiệp Đình Vũ không,poi_other,industrial_zone,Khu Công Nghiệp Đình Vũ,osm_poi_way_627990023,Hải Phòng,,,,,,contextual,contextual_neutral_medium_009,current+none+no_prefix+neutral,current,none,neutral,osm,03|poi_other|contextual|neutral_medium
433ffc8c1119ae85,khu này gần Bridgestone ở tỉnh Hải Dương cũ không,poi_other,industrial_zone,Bridgestone ở tỉnh Hải Dương cũ,osm_poi_way_631029734,Hải Phòng,Hải Dương,,,,,contextual,contextual_neutral_short_009,legacy+none+no_prefix+neutral,legacy,none,neutral,osm,03|poi_other|contextual|neutral_short
e86620f36a630ceb,hỏi lối Đền thờ Hoàng đế Lê Đại Hành cái nhé,poi_other,worship_place,Đền thờ Hoàng đế Lê Đại Hành,osm_poi_way_670451943,Hải Phòng,,,,,,conversational,conversational_casual_short_004,current+none+no_prefix+casual,current,none,casual,osm,03|poi_other|conversational|casual_short
ac2ceb6ba9006039,cho tôi hỏi đường đến Đền Tứ phủ,poi_other,worship_place,Đền Tứ phủ,osm_poi_node_13633061401,Hải Phòng,,,,,,conversational,conversational_neutral_medium_001,current+none+no_prefix+neutral,current,none,neutral,osm,03|poi_other|conversational|neutral_medium
f01b76f249313408,cho hỏi đường Nhà thờ giáo xứ Tử Nê ở thành phố Hải Phòng,poi_other,worship_place,Nhà thờ giáo xứ Tử Nê ở thành phố Hải Phòng,osm_poi_way_1244602800,Hải Phòng,,,,,,conversational,conversational_neutral_short_007,current+none+no_prefix+neutral,current,none,neutral,osm,03|poi_other|conversational|neutral_short
f4a89a78472064d2,"ờ dẫn đường tới Chùa Phú Đa giúp mình, đi đường tắt cũng được đi",poi_other,worship_place,Chùa Phú Đa,osm_poi_node_13047708237,Hải Phòng,,,,,,nav_command,nav_command_casual_long_006,current+none+no_prefix+casual,current,none,casual,osm,03|poi_other|nav_command|casual_long
e044a75f1afe5616,đi Công viên Nguyễn Bình,poi_other,park,Công viên Nguyễn Bình,osm_poi_way_617182952,Hải Phòng,,,,,,nav_command,nav_command_casual_short_001,current+none+no_prefix+casual,current,none,casual,osm,03|poi_other|nav_command|casual_short
b33643000a079559,nhờ chỉ giúp đường đến Vườn hoa trung tâm thị trấn Gia Bình (phía nam) ở tỉnh Hải Dương cũ,poi_other,park,Vườn hoa trung tâm thị trấn Gia Bình (phía nam) ở tỉnh Hải Dương cũ,osm_poi_way_1489171253,Hải Phòng,Hải Dương,,,,,nav_command,nav_command_formal_medium_003,legacy+none+no_prefix+formal,legacy,none,formal,osm,03|poi_other|nav_command|formal_medium
d78b527f9b22f633,tìm giúp đường đến Central Garden of Chi Linh city ở thành phố Hải Phòng với,poi_other,park,Central Garden of Chi Linh city ở thành phố Hải Phòng,osm_poi_way_991888050,Hải Phòng,,,,,,nav_command,nav_command_neutral_medium_003,current+none+no_prefix+neutral,current,none,neutral,osm,03|poi_other|nav_command|neutral_medium
3feb27e90c948594,tìm đường đến Đình Làng Cầm được không,poi_other,worship_place,Đình Làng Cầm,osm_poi_way_1001921203,Hải Phòng,,,,,,nav_command,nav_command_neutral_short_004,current+none+no_prefix+neutral,current,none,neutral,osm,03|poi_other|nav_command|neutral_short
14a50497309318f4,Nhà máy chế tạo thiết bị nâng hạ ở tỉnh Hải Dương đường nào,poi_other,industrial_zone,Nhà máy chế tạo thiết bị nâng hạ ở tỉnh Hải Dương,osm_poi_way_694049334,Hải Phòng,Hải Dương,,,,,route_question,route_question_casual_short_008,legacy+none+no_prefix+casual,legacy,none,casual,osm,03|poi_other|route_question|casual_short
ddb3e5978bc65ef8,đường nào gần nhất đến Chùa Tràng Kênh ở thành phố Hải Phòng giúp tôi,poi_other,worship_place,Chùa Tràng Kênh ở thành phố Hải Phòng,osm_poi_way_670451944,Hải Phòng,,,,,,route_question,route_question_neutral_medium_004,current+none+no_prefix+neutral,current,none,neutral,osm,03|poi_other|route_question|neutral_medium
b4ac175c4b7d46d4,tới Nhà máy Nhiệt điện Hải Dương một đi lối nào,poi_other,industrial_zone,Nhà máy Nhiệt điện Hải Dương một,osm_poi_way_1086826149,Hải Phòng,,,,,,route_question,route_question_neutral_short_002,current+digit_by_digit+no_prefix+neutral,current,digit_by_digit,neutral,osm,03|poi_other|route_question|neutral_short
0b2c8abd795ed203,"tìm giùm mình Nhà thờ giáo xứ Tử Nê với, mình đang cần gấp đi mà",poi_other,worship_place,Nhà thờ giáo xứ Tử Nê,osm_poi_way_1244602800,Hải Phòng,,,,,,search,search_casual_long_008,current+none+no_prefix+casual,current,none,casual,osm,03|poi_other|search|casual_long
310e4f4767fb3d36,lục tìm Cụm Công Nghiệp Làng Nghề Đại Bái (Nghề đồng),poi_other,industrial_zone,Cụm Công Nghiệp Làng Nghề Đại Bái (Nghề đồng),osm_poi_way_1462757216,Hải Phòng,,,,,,search,search_casual_short_009,current+none+no_prefix+casual,current,none,casual,osm,03|poi_other|search|casual_short
5dfba89f97c460ec,nhờ tìm giúp vị trí Đình Thanh Trung ở thành phố Hải Phòng được không ạ,poi_other,worship_place,Đình Thanh Trung ở thành phố Hải Phòng,osm_poi_way_626666821,Hải Phòng,,,,,,search,search_formal_medium_002,current+none+no_prefix+formal,current,none,formal,osm,03|poi_other|search|formal_medium
7fc7f01ea494bca1,cho tôi hỏi tìm giúp tôi thông tin về Nhà máy Đóng tàu Nam Triệu ở thành phố Hải Phòng nhé,poi_other,industrial_zone,Nhà máy Đóng tàu Nam Triệu ở thành phố Hải Phòng,osm_poi_way_631139675,Hải Phòng,,,,,,search,search_neutral_medium_009,current+none+no_prefix+neutral,current,none,neutral,osm,03|poi_other|search|neutral_medium
b9c7680cabf79ee4,kiếm thử Đình Thanh Trung ở thành phố Hải Phòng giúp tôi,poi_other,worship_place,Đình Thanh Trung ở thành phố Hải Phòng,osm_poi_way_626666821,Hải Phòng,,,,,,search,search_neutral_short_009,current+none+no_prefix+neutral,current,none,neutral,osm,03|poi_other|search|neutral_short
c9fffe90be0fb402,tấp vô Đền thờ Bà chúa Sao Sa đi mà,poi_other,worship_place,Đền thờ Bà chúa Sao Sa,osm_poi_way_625966631,Hải Phòng,,,,,,short_command,short_command_casual_short_006,current+none+no_prefix+casual,current,none,casual,osm,03|poi_other|short_command|casual_short
50bc757978532b3c,đưa tôi tới Chùa Bảo Khánh (Khu phố Mai Cương) với,poi_other,worship_place,Chùa Bảo Khánh (Khu phố Mai Cương),osm_poi_way_1327203210,Hải Phòng,,,,,,short_command,short_command_neutral_medium_002,current+none+no_prefix+neutral,current,none,neutral,osm,03|poi_other|short_command|neutral_medium
013e618c30c64a3f,đến Hải Phòng một,poi_other,industrial_zone,Hải Phòng một,osm_poi_way_549889774,Hải Phòng,,,,,,short_command,short_command_neutral_short_004,current+digit_by_digit+no_prefix+neutral,current,digit_by_digit,neutral,osm,03|poi_other|short_command|neutral_short
87b98dbb64fa0554,Trạm Y tế xã Trung Chính gần xịt không,public_facility,hospital,Trạm Y tế xã Trung Chính,osm_poi_way_1544840246,Hải Phòng,,,,,,contextual,contextual_casual_short_010,current+none+no_prefix+casual,current,none,casual,osm,03|public_facility|contextual|casual_short
8095f838cb6b756f,từ đây đến Trung tâm Y tế Cát Hải có xa không,public_facility,hospital,Trung tâm Y tế Cát Hải,osm_poi_way_1416093122,Hải Phòng,,,,,,contextual,contextual_neutral_medium_005,current+none+no_prefix+neutral,current,none,neutral,osm,03|public_facility|contextual|neutral_medium
aa0eab810bb23ce4,Trường Tiểu học Mộ Đạo ở gần không,public_facility,school,Trường Tiểu học Mộ Đạo,osm_poi_way_1430301754,Hải Phòng,,,,,,contextual,contextual_neutral_short_010,current+none+no_prefix+neutral,current,none,neutral,osm,03|public_facility|contextual|neutral_short
0448ef852cf31d66,"cho hỏi cái mình đang lạc đường, có ai biết đường tới Trạm Y tế xã Đức Long không",public_facility,hospital,Trạm Y tế xã Đức Long,osm_poi_way_1387830971,Hải Phòng,,,,,,conversational,conversational_casual_long_002,current+none+no_prefix+casual,current,none,casual,osm,03|public_facility|conversational|casual_long
40671658900f3340,chỉ đường Trụ sở Đảng ủy - HĐND - UBND xã Song Giang ở thành phố Hải Phòng với,public_facility,government_office,Trụ sở Đảng ủy - HĐND - UBND xã Song Giang ở thành phố Hải Phòng,osm_poi_way_1548055917,Hải Phòng,,,,,,conversational,conversational_casual_short_003,current+none+no_prefix+casual,current,none,casual,osm,03|public_facility|conversational|casual_short
ea3a373a15c7be81,tôi đang cần chỉ đường tới Trường Trung học cơ sở Nhân Thắng ạ,public_facility,school,Trường Trung học cơ sở Nhân Thắng,osm_poi_way_1349895591,Hải Phòng,,,,,,conversational,conversational_formal_medium_010,current+none+no_prefix+formal,current,none,formal,osm,03|public_facility|conversational|formal_medium
8354a33a50406f54,chỉ mình đường tới Trường Trung học phổ thông Lương Tài số ba ở thành phố Hải Phòng,public_facility,school,Trường Trung học phổ thông Lương Tài số ba ở thành phố Hải Phòng,osm_poi_way_1489498857,Hải Phòng,,,,,,conversational,conversational_neutral_medium_005,current+mixed+no_prefix+neutral,current,mixed,neutral,osm,03|public_facility|conversational|neutral_medium
f1353b437487fa86,cho hỏi lối đến Trụ sở Đảng ủy - HĐND - UBND xã Trung Kênh ở thành phố Hải Phòng được không,public_facility,government_office,Trụ sở Đảng ủy - HĐND - UBND xã Trung Kênh ở thành phố Hải Phòng,osm_poi_way_1535216243,Hải Phòng,,,,,,conversational,conversational_neutral_short_003,current+none+no_prefix+neutral,current,none,neutral,osm,03|public_facility|conversational|neutral_short
a83f03b0c28a6a1d,"cho hỏi cái tìm giúp mình đường tới Trường Trung học phổ thông Bạch Đằng ở thành phố Hải Phòng cái, đang vội lắm đi",public_facility,school,Trường Trung học phổ thông Bạch Đằng ở thành phố Hải Phòng,osm_poi_way_1002180001,Hải Phòng,,,,,,nav_command,nav_command_casual_long_004,current+none+no_prefix+casual,current,none,casual,osm,03|public_facility|nav_command|casual_long
d4865153cc2cd047,lái đến Trường Đại học Công nghiệp Quảng Ninh ở thành phố Hải Phòng,public_facility,university,Trường Đại học Công nghiệp Quảng Ninh ở thành phố Hải Phòng,osm_poi_way_501042415,Hải Phòng,,,,,,nav_command,nav_command_casual_short_006,current+none+no_prefix+casual,current,none,casual,osm,03|public_facility|nav_command|casual_short
c5ef300a646acabc,xin phép hỏi xin được chỉ đường đi tới Trường Trung học phổ thông Hồng Đức ạ,public_facility,school,Trường Trung học phổ thông Hồng Đức,osm_poi_way_503042428,Hải Phòng,,,,,,nav_command,nav_command_formal_medium_010,current+none+no_prefix+formal,current,none,formal,osm,03|public_facility|nav_command|formal_medium
980796f3427506d8,cho hỏi tìm giúp đường đến UBND thị xã Đông Triều với,public_facility,government_office,UBND thị xã Đông Triều,osm_poi_way_1001066373,Hải Phòng,,,,,,nav_command,nav_command_neutral_medium_003,current+none+no_prefix+neutral,current,none,neutral,osm,03|public_facility|nav_command|neutral_medium
97a4ff7495a68b0e,dẫn đường đến Trường Trung học phổ thông Lương Tài số ba ở thành phố Hải Phòng với,public_facility,school,Trường Trung học phổ thông Lương Tài số ba ở thành phố Hải Phòng,osm_poi_way_1489498857,Hải Phòng,,,,,,nav_command,nav_command_neutral_short_003,current+cardinal+no_prefix+neutral,current,cardinal,neutral,osm,03|public_facility|nav_command|neutral_short
cbc2cf25e853b095,"từ chỗ này đến Trường Tiểu học Cao Đức ở thành phố Hải Phòng đi sao vậy ta, chỉ mình với",public_facility,school,Trường Tiểu học Cao Đức ở thành phố Hải Phòng,osm_poi_way_1548280301,Hải Phòng,,,,,,route_question,route_question_casual_long_001,current+none+no_prefix+casual,current,none,casual,osm,03|public_facility|route_question|casual_long
780e5469a96cfc5b,tới Trường Tiểu học Đức Long sao đây với,public_facility,school,Trường Tiểu học Đức Long,osm_poi_node_5141145923,Hải Phòng,,,,,,route_question,route_question_casual_short_003,current+none+no_prefix+casual,current,none,casual,osm,03|public_facility|route_question|casual_short
d9e5c67556b7b6de,xin hỏi đường đi Trường Tiểu học Gia Bình ở thành phố Hải Phòng theo lối nào,public_facility,school,Trường Tiểu học Gia Bình ở thành phố Hải Phòng,osm_poi_way_1489160289,Hải Phòng,,,,,,route_question,route_question_formal_medium_007,current+none+no_prefix+formal,current,none,formal,osm,03|public_facility|route_question|formal_medium
7fef61ec1f799275,này từ đây tới Bệnh viện Đa khoa khu vực Quảng Yên (cơ sở hai đi kiểu gì vậy,public_facility,hospital,Bệnh viện Đa khoa khu vực Quảng Yên (cơ sở hai,osm_poi_way_1446652335,Hải Phòng,,,,,,route_question,route_question_neutral_medium_002,current+cardinal+no_prefix+neutral,current,cardinal,neutral,osm,03|public_facility|route_question|neutral_medium
399dabf19175e0e5,tới Trường THCS Trung Kênh đi lối nào nhỉ,public_facility,school,Trường THCS Trung Kênh,osm_poi_way_1535216242,Hải Phòng,,,,,,route_question,route_question_neutral_short_002,current+none+no_prefix+neutral,current,none,neutral,osm,03|public_facility|route_question|neutral_short
b5bc9d86ec8de022,"cho hỏi cái kiếm giùm mình Trường Cao đẳng Cơ giới xây dựng ở thành phố Hải Phòng cái, không cần xa lắm đâu thế",public_facility,university,Trường Cao đẳng Cơ giới xây dựng ở thành phố Hải Phòng,osm_poi_way_1363755539,Hải Phòng,,,,,,search,search_casual_long_004,current+none+no_prefix+casual,current,none,casual,osm,03|public_facility|search|casual_long
9996563752385025,tra Công an phường Đông Mai được không,public_facility,government_office,Công an phường Đông Mai,osm_poi_way_678143637,Hải Phòng,,,,,,search,search_casual_short_003,current+none+no_prefix+casual,current,none,casual,osm,03|public_facility|search|casual_short
35f50ffd284eff20,mong tìm giúp Trụ sở liên cơ quan phường Gia Bình,public_facility,government_office,Trụ sở liên cơ quan phường Gia Bình,osm_poi_way_1489160263,Hải Phòng,,,,,,search,search_formal_medium_004,current+none+no_prefix+formal,current,none,formal,osm,03|public_facility|search|formal_medium
e0cba0dfcfe32884,cho hỏi ờ kiếm giúp tôi chỗ Đảng ủy - HĐND - UBND xã Đông Cứu ở thành phố Hải Phòng,public_facility,government_office,Đảng ủy - HĐND - UBND xã Đông Cứu ở thành phố Hải Phòng,osm_poi_way_1540737236,Hải Phòng,,,,,,search,search_neutral_medium_010,current+none+no_prefix+neutral,current,none,neutral,osm,03|public_facility|search|neutral_medium
5f7b3b7962aa4b52,kiếm chỗ TTYT Cộng Đồng,public_facility,hospital,TTYT Cộng Đồng,osm_poi_node_880585756,Hải Phòng,,,,,,search,search_neutral_short_006,current+none+no_prefix+neutral,current,none,neutral,osm,03|public_facility|search|neutral_short
d9d1e4f82c984537,"ơ Trường Tiểu học và Trung học cơ sở Minh Thành ở thành phố Hải Phòng á, chạy tới đó luôn đi",public_facility,school,Trường Tiểu học và Trung học cơ sở Minh Thành ở thành phố Hải Phòng,osm_poi_way_678143782,Hải Phòng,,,,,,short_command,short_command_casual_long_004,current+none+no_prefix+casual,current,none,casual,osm,03|public_facility|short_command|casual_long
229f9836895a8258,chạy vô Trường Tiểu học Xuân Lai với,public_facility,school,Trường Tiểu học Xuân Lai,osm_poi_way_1540737174,Hải Phòng,,,,,,short_command,short_command_casual_short_008,current+none+no_prefix+casual,current,none,casual,osm,03|public_facility|short_command|casual_short
21322d497d2e874c,xin chạy thẳng tới Bệnh viện Đa khoa Gia Bình xin cảm ơn,public_facility,hospital,Bệnh viện Đa khoa Gia Bình,osm_poi_way_993552418,Hải Phòng,,,,,,short_command,short_command_formal_medium_005,current+none+no_prefix+formal,current,none,formal,osm,03|public_facility|short_command|formal_medium
6e948151cc253f58,cho xe chạy đến Trường Trung học phổ thông Uông Bí ở thành phố Hải Phòng với,public_facility,school,Trường Trung học phổ thông Uông Bí ở thành phố Hải Phòng,osm_poi_way_500945725,Hải Phòng,,,,,,short_command,short_command_neutral_medium_001,current+none+no_prefix+neutral,current,none,neutral,osm,03|public_facility|short_command|neutral_medium
e4455e843eae029a,vào Trường Tiểu học và Trung học cơ sở Trung Chính với,public_facility,school,Trường Tiểu học và Trung học cơ sở Trung Chính,osm_poi_way_1544840256,Hải Phòng,,,,,,short_command,short_command_neutral_short_008,current+none+no_prefix+neutral,current,none,neutral,osm,03|public_facility|short_command|neutral_short
b1ce297588bcccb5,"ơ từ đây qua phố Cổ Lễ ở tỉnh Hải Dương cũ có xa không ta, đi bộ được không",street,street,phố Cổ Lễ ở tỉnh Hải Dương cũ,osm_street_way_885359450,Hải Phòng,Hải Dương,,,Phố Cổ Lễ,,contextual,contextual_casual_long_003,legacy+none+prefix+casual,legacy,none,casual,osm,03|street|contextual|casual_long
60e25c31a187412d,ngõ ba mươi tám Cung đường ở thành phố Hải Phòng xa hông,street,street,ngõ ba mươi tám Cung đường ở thành phố Hải Phòng,osm_street_way_490428887,Hải Phòng,,,,Ngõ 38 Cung Đường,,contextual,contextual_casual_short_005,current+cardinal+prefix+casual,current,cardinal,casual,osm,03|street|contextual|casual_short
a208dddfddb73418,xin hỏi chỗ đứng này gần đường Bãi Soi không,street,street,đường Bãi Soi,osm_street_way_1189415802,Hải Phòng,,,,Đường Bãi Soi,,contextual,contextual_formal_medium_010,current+none+prefix+formal,current,none,formal,osm,03|street|contextual|formal_medium
8ca371f3a5826f1e,cho mình hỏi chỗ này có gần đường Mạc Thái Tổ ở thành phố Hải Phòng không,street,highway,đường Mạc Thái Tổ ở thành phố Hải Phòng,osm_street_way_627908104,Hải Phòng,,,,Đường Mạc Thái Tổ,,contextual,contextual_neutral_medium_001,current+none+prefix+neutral,current,none,neutral,osm,03|street|contextual|neutral_medium
dc4b74a2c74e3a5a,khu này gần Cầu Đá Vách ở thành phố Hải Phòng không,street,highway,Cầu Đá Vách ở thành phố Hải Phòng,osm_street_way_617349684,Hải Phòng,,,,Cầu Đá Vách,,contextual,contextual_neutral_short_009,current+none+no_prefix+neutral,current,none,neutral,osm,03|street|contextual|neutral_short
1a3c7fc81463d06f,"ơ thế cho hỏi xíu, đường đi Dân Chủ ở thành phố Hải Phòng có xa không",street,street,Dân Chủ ở thành phố Hải Phòng,osm_street_way_765468800,Hải Phòng,,,,Phố Dân Chủ,,conversational,conversational_casual_long_005,current+none+no_prefix+casual,current,none,casual,osm,03|street|conversational|casual_long
64c4549b4d3ef6a4,hỏi đường Hoàng Hoa Thám,street,street,Hoàng Hoa Thám,osm_street_way_500946910,Hải Phòng,,,,Phố Hoàng Hoa Thám,,conversational,conversational_casual_short_001,current+none+no_prefix+casual,current,none,casual,osm,03|street|conversational|casual_short
ab5a56ed0ad5b20f,làm ơn cho hỏi tôi xin phép hỏi đường tới Tân Thành giúp tôi với ạ,street,street,Tân Thành,osm_street_way_395298282,Hải Phòng,,,,Phố Tân Thành,,conversational,conversational_formal_medium_005,current+none+no_prefix+formal,current,none,formal,osm,03|street|conversational|formal_medium
d688ebbef84584ac,giúp tôi tìm đường đến phố Hải Đăng một,street,street,phố Hải Đăng một,osm_street_way_368443640,Hải Phòng,,,,Phố Hải Đăng 1,,conversational,conversational_neutral_medium_009,current+digit_by_digit+prefix+neutral,current,digit_by_digit,neutral,osm,03|street|conversational|neutral_medium
daac4ad17eb41994,cho hỏi đường đến Chu Van An được không,street,street,Chu Van An,osm_street_way_90099153,Hải Phòng,,,,Chu Van An,,conversational,conversational_neutral_short_001,current+none+no_prefix+neutral,current,none,neutral,osm,03|street|conversational|neutral_short
444a90bef6eb2d9c,"à kiếm giúp mình đường đến ngõ một chín tám Nguyễn Bình cái, gấp lắm rồi",street,street,ngõ một chín tám Nguyễn Bình,osm_street_way_885323646,Hải Phòng,,,,Ngõ 198 Nguyễn Bình,,nav_command,nav_command_casual_long_008,current+mixed+prefix+casual,current,mixed,casual,osm,03|street|nav_command|casual_long
1d1635465370da3b,lái đến phố Nguyễn Uyên ở thành phố Hải Phòng đi,street,street,phố Nguyễn Uyên ở thành phố Hải Phòng,osm_street_way_704110454,Hải Phòng,,,,Phố Nguyễn Uyên,,nav_command,nav_command_casual_short_006,current+none+prefix+casual,current,none,casual,osm,03|street|nav_command|casual_short
2d975dd42a09d90f,chạy đến ngõ mười hai phố Giếng Chùa ở thành phố Hải Phòng,street,street,ngõ mười hai phố Giếng Chùa ở thành phố Hải Phòng,osm_street_way_760125224,Hải Phòng,,,,Ngõ 12 Phố Giếng Chùa,,nav_command,nav_command_casual_short_009,current+cardinal+prefix+casual,current,cardinal,casual,osm,03|street|nav_command|casual_short
c4d25742b7700c0b,làm ơn cho hỏi vui lòng chỉ đường tới phố Cát Bà ở thành phố Hải Phòng giúp tôi với ạ,street,highway,phố Cát Bà ở thành phố Hải Phòng,osm_street_way_39577921,Hải Phòng,,,,Phố Cát Bà,,nav_command,nav_command_formal_medium_002,current+none+prefix+formal,current,none,formal,osm,03|street|nav_command|formal_medium
2df555c05d2d2264,chỉ giúp lối đi đến phố Đào Phùng Thái với,street,street,phố Đào Phùng Thái,osm_street_way_896441877,Hải Phòng,,,,Phố Đào Phùng Thái,,nav_command,nav_command_neutral_medium_010,current+none+prefix+neutral,current,none,neutral,osm,03|street|nav_command|neutral_medium
b3c27a649a713ff1,cho mình hỏi ờ dẫn giúp đường tới đường Quốc lộ năm xê,street,highway,đường Quốc lộ năm xê,osm_street_way_499925097,Hải Phòng,,,,Quốc lộ 5C,,nav_command,nav_command_neutral_medium_006,current+cardinal+prefix+neutral,current,cardinal,neutral,osm,03|street|nav_command|neutral_medium
50fc20eba3824113,bật đường đến đường quốc lộ ba mươi bảy Tân Dân,street,highway,đường quốc lộ ba mươi bảy Tân Dân,osm_street_way_636719053,Hải Phòng,,,,"QL 37, Tân Dân",,nav_command,nav_command_neutral_short_010,current+cardinal+prefix+neutral,current,cardinal,neutral,osm,03|street|nav_command|neutral_short
74cd89c4b5a77239,chỉ đường tới Quang Trung,street,street,Quang Trung,osm_street_way_368443600,Hải Phòng,,,,Phố Quang Trung,,nav_command,nav_command_neutral_short_002,current+none+no_prefix+neutral,current,none,neutral,osm,03|street|nav_command|neutral_short
9a641f2fd61ac177,"này có ai biết đường tới đường tỉnh ba trăm năm mươi sáu không, chỉ mình với",street,highway,đường tỉnh ba trăm năm mươi sáu,osm_street_way_62343799,Hải Phòng,,,,Đường tỉnh 356,,route_question,route_question_casual_long_006,current+cardinal+prefix+casual,current,cardinal,casual,osm,03|street|route_question|casual_long
c85c8f50843820d6,đường nào tới phố Hải Đăng năm,street,street,phố Hải Đăng năm,osm_street_way_368443614,Hải Phòng,,,,Phố Hải Đăng 5,,route_question,route_question_casual_short_002,current+cardinal+prefix+casual,current,cardinal,casual,osm,03|street|route_question|casual_short
2164dbdec8fdab6e,xin phép hỏi xin hỏi đường nào gần nhất đến phố Doãn Công ạ,street,street,phố Doãn Công,osm_street_way_953101197,Hải Phòng,,,,Phố Doãn Công,,route_question,route_question_formal_medium_002,current+none+prefix+formal,current,none,formal,osm,03|street|route_question|formal_medium
d468a4456fa2b452,đến Hải Đăng bốn đi lối nào vậy,street,street,Hải Đăng bốn,osm_street_way_368443647,Hải Phòng,,,,Phố Hải Đăng 4,,route_question,route_question_neutral_medium_006,current+digit_by_digit+no_prefix+neutral,current,digit_by_digit,neutral,osm,03|street|route_question|neutral_medium
6bd3e4b673c20049,đường tỉnh ba trăm ba mươi mốt ở thành phố Hải Phòng đi đường nào,street,highway,đường tỉnh ba trăm ba mươi mốt ở thành phố Hải Phòng,osm_street_way_749681348,Hải Phòng,,,,Đường tỉnh 331,,route_question,route_question_neutral_short_003,current+cardinal+prefix+neutral,current,cardinal,neutral,osm,03|street|route_question|neutral_short
82fcb9104c5fca8a,"tìm giúp mình Cầu Tràng Kênh ở tỉnh Hải Dương đi, chỗ nào ngon ngon ấy với",street,highway,Cầu Tràng Kênh ở tỉnh Hải Dương,osm_street_way_329108406,Hải Phòng,Hải Dương,,,Cầu Tràng Kênh,,search,search_casual_long_010,legacy+none+no_prefix+casual,legacy,none,casual,osm,03|street|search|casual_long
a103812677e4489e,tìm đường Trần Nhân Tông,street,highway,đường Trần Nhân Tông,osm_street_way_50483356,Hải Phòng,,,,Đường Trần Nhân Tông,,search,search_casual_short_001,current+none+prefix+casual,current,none,casual,osm,03|street|search|casual_short
e36d590826ef3190,mong tìm giúp Nguyễn Kỳ Phùng ở thành phố Hải Phòng,street,street,Nguyễn Kỳ Phùng ở thành phố Hải Phòng,osm_street_way_637656040,Hải Phòng,,,,Phố Nguyễn Kỳ Phùng,,search,search_formal_medium_004,current+none+no_prefix+formal,current,none,formal,osm,03|street|search|formal_medium
a396d4bb3e0040bc,à kiếm giúp tôi chỗ đường Nguyễn Văn Đài,street,street,đường Nguyễn Văn Đài,osm_street_way_501302340,Hải Phòng,,,,Đường Nguyễn Văn Đài,,search,search_neutral_medium_010,current+none+prefix+neutral,current,none,neutral,osm,03|street|search|neutral_medium
f085a676799f31f7,cho tôi hỏi tra giúp tôi vị trí Đặng Châu Tuệ được không,street,street,Đặng Châu Tuệ,osm_street_way_501302341,Hải Phòng,,,,Phố Đặng Châu Tuệ,,search,search_neutral_medium_003,current+none+no_prefix+neutral,current,none,neutral,osm,03|street|search|neutral_medium
99c3ed0f9adfcad2,tìm vị trí phố Đông Thắng,street,street,phố Đông Thắng,osm_street_way_1342579345,Hải Phòng,,,,Phố Đông Thắng,,search,search_neutral_short_007,current+none+prefix+neutral,current,none,neutral,osm,03|street|search|neutral_short
1d3e4b6456539d62,tìm chỗ ngõ mười hai Phú Thanh Đông,street,street,ngõ mười hai Phú Thanh Đông,osm_street_way_885341254,Hải Phòng,,,,Ngõ 12 Phú Thanh Đông,,search,search_neutral_short_005,current+cardinal+prefix+neutral,current,cardinal,neutral,osm,03|street|search|neutral_short
04bd07c3acc9a794,"ờ đường tỉnh ba trăm ba mươi tám đó, chạy thẳng tới luôn nha",street,highway,đường tỉnh ba trăm ba mươi tám,osm_street_way_368255216,Hải Phòng,,,,Đường tỉnh 338,,short_command,short_command_casual_long_007,current+cardinal+prefix+casual,current,cardinal,casual,osm,03|street|short_command|casual_long
2cc3ba0588855384,ghé Trần Ích Phát tí cái nhé,street,street,Trần Ích Phát,osm_street_way_625074586,Hải Phòng,,,,Phố Trần Ích Phát,,short_command,short_command_casual_short_003,current+none+no_prefix+casual,current,none,casual,osm,03|street|short_command|casual_short
8bcf48bfb6023b7d,cho tôi hỏi một chút xin chạy thẳng tới phố Hoàng Chính,street,street,phố Hoàng Chính,osm_street_way_497315434,Hải Phòng,,,,Phố Hoàng Chính,,short_command,short_command_formal_medium_005,current+none+prefix+formal,current,none,formal,osm,03|street|short_command|formal_medium
17b58043cd476cef,này chạy tới Hoàng Quốc Việt nhé,street,highway,Hoàng Quốc Việt,osm_street_way_503042425,Hải Phòng,,,,Hoàng Quốc Việt,,short_command,short_command_neutral_medium_007,current+none+no_prefix+neutral,current,none,neutral,osm,03|street|short_command|neutral_medium
d08a64295503bc64,về phố Cầu Lại Xuân,street,highway,phố Cầu Lại Xuân,osm_street_way_1188269727,Hải Phòng,,,,Cầu Lại Xuân,,short_command,short_command_neutral_short_007,current+none+prefix+neutral,current,none,neutral,osm,03|street|short_command|neutral_short
9327394121996a6a,cho tôi đường đi đến Yên Dưỡng nhé,transport,railway_station,Yên Dưỡng,osm_poi_node_11190701881,Hải Phòng,,,,,,nav_command,nav_command_neutral_medium_002,current+none+no_prefix+neutral,current,none,neutral,osm,03|transport|nav_command|neutral_medium
8af17dd7010964ef,chỉ lối đến Yên Dưỡng được không,transport,railway_station,Yên Dưỡng,osm_poi_node_11190701881,Hải Phòng,,,,,,nav_command,nav_command_neutral_short_006,current+none+no_prefix+neutral,current,none,neutral,osm,03|transport|nav_command|neutral_short
d647f3f5d965b449,tìm hộ tôi vị trí Bến phà Đồng Bài ở thành phố Hải Phòng giúp tôi,transport,ferry_terminal,Bến phà Đồng Bài ở thành phố Hải Phòng,osm_poi_node_11167339980,Hải Phòng,,,,,,search,search_neutral_medium_006,current+none+no_prefix+neutral,current,none,neutral,osm,03|transport|search|neutral_medium
0caa11d2fe506150,kiếm giúp Bến phà Tuần Châu được không,transport,ferry_terminal,Bến phà Tuần Châu,osm_poi_node_3559335899,Hải Phòng,,,,,,search,search_neutral_short_003,current+none+no_prefix+neutral,current,none,neutral,osm,03|transport|search|neutral_short
8ce8678a8b8780d7,gần đây có số hai ba bốn xuyệt bốn sáu hẻm năm ba kiệt một Phạm Như Xương ở thành phố Đà Nẵng hông,address,house_address,số hai ba bốn xuyệt bốn sáu hẻm năm ba kiệt một Phạm Như Xương ở thành phố Đà Nẵng,osm_street_way_656746646,Đà Nẵng,,,,Hẻm 53 Kiệt 01 Phạm Như Xương,234/46 Hẻm 53 Kiệt 01 Phạm Như Xương,contextual,contextual_casual_short_003,current+digit_by_digit+prefix+casual,current,digit_by_digit,casual,osm,04|address|contextual|casual_short
52a3ade6f99529d9,vị trí này gần số một bảy không An Hòa hai không,address,house_address,số một bảy không An Hòa hai,osm_street_way_118672256,Đà Nẵng,,,,Đường An Hòa 2,170 Đường An Hòa 2,contextual,contextual_neutral_medium_010,current+digit_by_digit+no_prefix+neutral,current,digit_by_digit,neutral,osm,04|address|contextual|neutral_medium
c7e5c2772cc09d33,gần hai trăm tám mươi mốt đường Sơn Thủy sáu ở thành phố Đà Nẵng không,address,house_address,hai trăm tám mươi mốt đường Sơn Thủy sáu ở thành phố Đà Nẵng,osm_street_way_694290819,Đà Nẵng,,,,Đường Sơn Thủy 6,281 Đường Sơn Thủy 6,contextual,contextual_neutral_short_001,current+cardinal+prefix+neutral,current,cardinal,neutral,osm,04|address|contextual|neutral_short
c16b7e36bcfa8315,"này mình đang cần gấp, ai biết đường đến một trăm lẻ hai quy đường Thanh Sơn ở thành phố Đà Nẵng chỉ mình với",address,house_address,một trăm lẻ hai quy đường Thanh Sơn ở thành phố Đà Nẵng,osm_street_way_118564556,Đà Nẵng,,,,Đường Thanh Sơn,102Q Đường Thanh Sơn,conversational,conversational_casual_long_006,current+cardinal+prefix+casual,current,cardinal,casual,osm,04|address|conversational|casual_long
d35d9a0af2c921de,biết đường chín mươi kiệt một trăm lẻ tám Ông Ích đường ở thành phố Đà Nẵng không,address,house_address,chín mươi kiệt một trăm lẻ tám Ông Ích đường ở thành phố Đà Nẵng,osm_street_way_644708471,Đà Nẵng,,,,Kiệt 108 Ông Ích Đường,90 Kiệt 108 Ông Ích Đường,conversational,conversational_casual_short_002,current+cardinal+prefix+casual,current,cardinal,casual,osm,04|address|conversational|casual_short
56324008a302c315,làm ơn cho hỏi tôi đang cần chỉ đường tới số tám đường nối cảng Liên Chiểu ở thành phố Đà Nẵng,address,house_address,số tám đường nối cảng Liên Chiểu ở thành phố Đà Nẵng,osm_street_way_1302819367,Đà Nẵng,,,,Đường nối cảng Liên Chiểu,8 Đường nối cảng Liên Chiểu,conversational,conversational_formal_medium_010,current+cardinal+prefix+formal,current,cardinal,formal,osm,04|address|conversational|formal_medium
0d731b2947fcd2a5,cho tôi hỏi cho tôi xin đường đi số một bốn không xuyệt chín mươi hai đường Dương Sơn một ở thành phố Đà Nẵng với,address,house_address,số một bốn không xuyệt chín mươi hai đường Dương Sơn một ở thành phố Đà Nẵng,osm_street_way_302773684,Đà Nẵng,,,,Đường Dương Sơn 1,140/92 Đường Dương Sơn 1,conversational,conversational_neutral_medium_008,current+mixed+prefix+neutral,current,mixed,neutral,osm,04|address|conversational|neutral_medium
97a407e9354821d7,cho hỏi đường số một bốn bốn kiệt một hai ba Cù Chính Lan ở thành phố Đà Nẵng với,address,house_address,số một bốn bốn kiệt một hai ba Cù Chính Lan ở thành phố Đà Nẵng,osm_street_way_118674628,Đà Nẵng,,,,Kiệt 123 Cù Chính Lan,144 Kiệt 123 Cù Chính Lan,conversational,conversational_neutral_short_007,current+mixed+prefix+neutral,current,mixed,neutral,osm,04|address|conversational|neutral_short
54af5e9ac2e5c73f,"này dẫn đường tới một trăm mười bốn Phú Xuân năm ở thành phố Đà Nẵng giúp mình, đi đường tắt cũng được",address,house_address,một trăm mười bốn Phú Xuân năm ở thành phố Đà Nẵng,osm_street_way_303384157,Đà Nẵng,,,,Đường Phú Xuân 5,114 Đường Phú Xuân 5,nav_command,nav_command_casual_long_006,current+cardinal+no_prefix+casual,current,cardinal,casual,osm,04|address|nav_command|casual_long
f004fe518e961365,qua một trăm ba mươi hai Phước Trường mười hai ở thành phố Đà Nẵng nha,address,house_address,một trăm ba mươi hai Phước Trường mười hai ở thành phố Đà Nẵng,osm_street_way_371754244,Đà Nẵng,,,,Đường Phước Trường 12,132 Đường Phước Trường 12,nav_command,nav_command_casual_short_003,current+cardinal+no_prefix+casual,current,cardinal,casual,osm,04|address|nav_command|casual_short
91a971b5846a62f9,nhờ chỉ giúp đường đến số hai ba chín hẻm ba mươi chín kiệt hai mươi mốt Phước Tường mười một ở thành phố Đà Nẵng,address,house_address,số hai ba chín hẻm ba mươi chín kiệt hai mươi mốt Phước Tường mười một ở thành phố Đà Nẵng,osm_street_way_656630997,Đà Nẵng,,,,Hẻm 39 Kiệt 21 Phước Tường 11,239 Hẻm 39 Kiệt 21 Phước Tường 11,nav_command,nav_command_formal_medium_003,current+mixed+prefix+formal,current,mixed,formal,osm,04|address|nav_command|formal_medium
f977267cede65293,cho tôi hỏi chỉ đường đi tới số hai mươi chín xuyệt chín mươi hai đường An Hòa chín ở thành phố Đà Nẵng được không,address,house_address,số hai mươi chín xuyệt chín mươi hai đường An Hòa chín ở thành phố Đà Nẵng,osm_street_way_118672466,Đà Nẵng,,,,Đường An Hòa 9,29/92 Đường An Hòa 9,nav_command,nav_command_neutral_medium_004,current+cardinal+prefix+neutral,current,cardinal,neutral,osm,04|address|nav_command|neutral_medium
bc38769c117a125c,bật đường đến số hai sáu tám Huỳnh Mẫn Đạt ở thành phố Đà Nẵng,address,house_address,số hai sáu tám Huỳnh Mẫn Đạt ở thành phố Đà Nẵng,osm_street_way_118672493,Đà Nẵng,,,,Đường Huỳnh Mẫn Đạt,268 Đường Huỳnh Mẫn Đạt,nav_command,nav_command_neutral_short_010,current+mixed+no_prefix+neutral,current,mixed,neutral,osm,04|address|nav_command|neutral_short
0dff432e0e8005c5,"này có ai biết đường tới hai bốn sáu Bờ Quan ba không, chỉ mình với",address,house_address,hai bốn sáu Bờ Quan ba,osm_street_way_831061274,Đà Nẵng,,,,Đường Bờ Quan 3,246 Đường Bờ Quan 3,route_question,route_question_casual_long_006,current+mixed+no_prefix+casual,current,mixed,casual,osm,04|address|route_question|casual_long
9ae9f4b7e408a936,tới số năm ba xuyệt bảy một đường Lê Duẩn ở thành phố Đà Nẵng lối nào vậy,address,house_address,số năm ba xuyệt bảy một đường Lê Duẩn ở thành phố Đà Nẵng,osm_street_way_408162776,Đà Nẵng,,,,Đường Lê Duẩn,53/71 Đường Lê Duẩn,route_question,route_question_casual_short_009,current+digit_by_digit+prefix+casual,current,digit_by_digit,casual,osm,04|address|route_question|casual_short
bf74ad5c0cbbb681,cho tôi hỏi một chút xin hỏi từ đây đến hai trăm lẻ chín xuyệt mười bốn đường Xuân Thiều ba mươi lăm ở thành phố Đà Nẵng đi kiểu gì ạ,address,house_address,hai trăm lẻ chín xuyệt mười bốn đường Xuân Thiều ba mươi lăm ở thành phố Đà Nẵng,osm_street_way_1053334690,Đà Nẵng,,,,Đường Xuân Thiều 35,209/14 Đường Xuân Thiều 35,route_question,route_question_formal_medium_009,current+cardinal+prefix+formal,current,cardinal,formal,osm,04|address|route_question|formal_medium
3a7b3204cd2fe5b0,từ đây đến số hai tám bốn đường Trung Hòa ba ở thành phố Đà Nẵng bao xa,address,house_address,số hai tám bốn đường Trung Hòa ba ở thành phố Đà Nẵng,osm_street_way_337192024,Đà Nẵng,,,,Đường Trung Hòa 3,284 Đường Trung Hòa 3,route_question,route_question_neutral_medium_010,current+mixed+prefix+neutral,current,mixed,neutral,osm,04|address|route_question|neutral_medium
610b4c48a1bcdf36,đến một bốn bảy xuyệt sáu hai đường Hòa Nam bốn ở thành phố Đà Nẵng lối nào,address,house_address,một bốn bảy xuyệt sáu hai đường Hòa Nam bốn ở thành phố Đà Nẵng,osm_street_way_118675576,Đà Nẵng,,,,Đường Hòa Nam 4,147/62 Đường Hòa Nam 4,route_question,route_question_neutral_short_008,current+digit_by_digit+prefix+neutral,current,digit_by_digit,neutral,osm,04|address|route_question|neutral_short
93a00d826d75ed31,"thế tìm giùm mình số năm mươi chín i Đồng Khoa hai ở thành phố Đà Nẵng với, mình đang cần gấp với",address,house_address,số năm mươi chín i Đồng Khoa hai ở thành phố Đà Nẵng,osm_street_way_694540508,Đà Nẵng,,,,Đường Đồng Khoa 2,59I Đường Đồng Khoa 2,search,search_casual_long_008,current+cardinal+no_prefix+casual,current,cardinal,casual,osm,04|address|search|casual_long
8693d1949312beb5,lục tìm số một một một mờ Việt Bắc ở thành phố Đà Nẵng nha,address,house_address,số một một một mờ Việt Bắc ở thành phố Đà Nẵng,osm_street_way_251398712,Đà Nẵng,,,,Đường Việt Bắc,111M Đường Việt Bắc,search,search_casual_short_009,current+digit_by_digit+no_prefix+casual,current,digit_by_digit,casual,osm,04|address|search|casual_short
bb8bb39ac66e8629,xin tìm giúp số hai tám bảy đường Từ Giấy ở tỉnh Quảng Nam cũ ạ,address,house_address,số hai tám bảy đường Từ Giấy ở tỉnh Quảng Nam cũ,osm_street_way_656742338,Đà Nẵng,Quảng Nam,,,Đường Từ Giấy,287 Đường Từ Giấy,search,search_formal_medium_001,legacy+digit_by_digit+prefix+formal,legacy,digit_by_digit,formal,osm,04|address|search|formal_medium
34d58cd67abb0ee4,cho hỏi kiếm giúp tôi thông tin số một trăm mười sáu đường La Bông sáu ở tỉnh Quảng Nam cũ,address,house_address,số một trăm mười sáu đường La Bông sáu ở tỉnh Quảng Nam cũ,osm_street_way_1125189023,Đà Nẵng,Quảng Nam,,,Đường La Bông 6,116 Đường La Bông 6,search,search_neutral_medium_002,legacy+cardinal+prefix+neutral,legacy,cardinal,neutral,osm,04|address|search|neutral_medium
8992dcd1c5e45936,tìm vị trí hai trăm bảy mươi hai xuyệt hai mươi ba Trung Lương ba với,address,house_address,hai trăm bảy mươi hai xuyệt hai mươi ba Trung Lương ba,osm_street_way_302944341,Đà Nẵng,,,,Đường Trung Lương 3,272/23 Đường Trung Lương 3,search,search_neutral_short_007,current+cardinal+no_prefix+neutral,current,cardinal,neutral,osm,04|address|search|neutral_short
6f54e436ffac8b0b,quẹo vào số bốn hai phố Huỳnh Thị Một ở thành phố Đà Nẵng,address,house_address,số bốn hai phố Huỳnh Thị Một ở thành phố Đà Nẵng,osm_street_way_251398708,Đà Nẵng,,,,Huỳnh Thị Một,42 Huỳnh Thị Một,short_command,short_command_casual_short_007,current+digit_by_digit+prefix+casual,current,digit_by_digit,casual,osm,04|address|short_command|casual_short
53606ba87f38016f,ghé ngang hai trăm năm mươi chín An Hòa bảy giúp tôi,address,house_address,hai trăm năm mươi chín An Hòa bảy,osm_street_way_372303184,Đà Nẵng,,,,Đường An Hòa 7,259 Đường An Hòa 7,short_command,short_command_neutral_medium_008,current+cardinal+no_prefix+neutral,current,cardinal,neutral,osm,04|address|short_command|neutral_medium
6fc79d20b84b619f,qua số hai không không pê đường An Nhơn năm ở thành phố Đà Nẵng,address,house_address,số hai không không pê đường An Nhơn năm ở thành phố Đà Nẵng,osm_street_way_372012831,Đà Nẵng,,,,Đường An Nhơn 5,200P Đường An Nhơn 5,short_command,short_command_neutral_short_005,current+digit_by_digit+prefix+neutral,current,digit_by_digit,neutral,osm,04|address|short_command|neutral_short
0acd1bf31fabc7c4,"này gần La Êê có cơ quan nhà nước nào không, mình đang cần gấp với",admin_unit,ward,La Êê,osm_ward_19337528,Đà Nẵng,,,La Êê,,,contextual,contextual_casual_long_006,current+none+no_prefix+casual,current,none,casual,manual,04|admin_unit|contextual|casual_long
eac6e4895547e80b,gần đây có phường Bàn Thạch hông,admin_unit,ward,phường Bàn Thạch,osm_ward_19337553,Đà Nẵng,,,Bàn Thạch,,,contextual,contextual_casual_short_003,current+none+prefix+casual,current,none,casual,manual,04|admin_unit|contextual|casual_short
9d33b1441d02ae49,xin phép hỏi xin hỏi nơi này có gần phường Ngũ Hành Sơn không,admin_unit,ward,phường Ngũ Hành Sơn,osm_ward_13967842,Đà Nẵng,,,Ngũ Hành Sơn,,,contextual,contextual_formal_medium_009,current+none+prefix+formal,current,none,formal,manual,04|admin_unit|contextual|formal_medium
8be3b138445645bf,chỗ này có gần phường Thọ Quang ở quận Sơn Trà không,admin_unit,ward,phường Thọ Quang ở quận Sơn Trà,dn_st_thomay,Đà Nẵng,,Sơn Trà,Thọ Quang,,,contextual,contextual_neutral_medium_001,current+none+prefix+neutral,current,none,neutral,manual,04|admin_unit|contextual|neutral_medium
67479e39992f81e7,xã Tiên Phước ở tỉnh Quảng Nam gần đây không,admin_unit,ward,xã Tiên Phước ở tỉnh Quảng Nam,osm_ward_19337490,Đà Nẵng,Quảng Nam,,Tiên Phước,,,contextual,contextual_neutral_short_003,legacy+none+prefix+neutral,legacy,none,neutral,manual,04|admin_unit|contextual|neutral_short
b020bc0a796d3093,"à mình đang lạc đường, có ai biết đường tới Tân Hiệp không",admin_unit,ward,Tân Hiệp,osm_ward_19337502,Đà Nẵng,,,Tân Hiệp,,,conversational,conversational_casual_long_002,current+none+no_prefix+casual,current,none,casual,manual,04|admin_unit|conversational|casual_long
cc8aedd6325450d0,chỉ mình Đông Giang ở tỉnh Quảng Nam với,admin_unit,ward,Đông Giang ở tỉnh Quảng Nam,osm_ward_19337542,Đà Nẵng,Quảng Nam,,Đông Giang,,,conversational,conversational_casual_short_007,legacy+none+no_prefix+casual,legacy,none,casual,manual,04|admin_unit|conversational|casual_short
366351897a866b72,xin phép hỏi tôi cần hỏi đường đi Điện Bàn Tây,admin_unit,ward,Điện Bàn Tây,osm_ward_19337544,Đà Nẵng,,,Điện Bàn Tây,,,conversational,conversational_formal_medium_007,current+none+no_prefix+formal,current,none,formal,manual,04|admin_unit|conversational|formal_medium
737318400ff66ae8,tôi muốn hỏi đường tới Tiên Phước giúp tôi,admin_unit,ward,Tiên Phước,osm_ward_19337490,Đà Nẵng,,,Tiên Phước,,,conversational,conversational_neutral_medium_003,current+none+no_prefix+neutral,current,none,neutral,manual,04|admin_unit|conversational|neutral_medium
57c25e4d16a22da6,cho hỏi đường đến Sơn Cẩm Hà,admin_unit,ward,Sơn Cẩm Hà,osm_ward_19337510,Đà Nẵng,,,Sơn Cẩm Hà,,,conversational,conversational_neutral_short_001,current+none+no_prefix+neutral,current,none,neutral,manual,04|admin_unit|conversational|neutral_short
4a31c1c0a5fc4331,"này dẫn mình tới Liên Chiểu với, mình không rành đường lắm được không",admin_unit,ward,Liên Chiểu,osm_ward_15848509,Đà Nẵng,,,Liên Chiểu,,,nav_command,nav_command_casual_long_002,current+none+no_prefix+casual,current,none,casual,manual,04|admin_unit|nav_command|casual_long
9da08d7407401b1f,phóng tới An Thắng được không,admin_unit,ward,An Thắng,osm_ward_19337554,Đà Nẵng,,,An Thắng,,,nav_command,nav_command_casual_short_008,current+none+no_prefix+casual,current,none,casual,manual,04|admin_unit|nav_command|casual_short
d950fe38ab97e16e,xin cho tôi đường đi đến Phước Hiệp,admin_unit,ward,Phước Hiệp,osm_ward_19337518,Đà Nẵng,,,Phước Hiệp,,,nav_command,nav_command_formal_medium_004,current+none+no_prefix+formal,current,none,formal,manual,04|admin_unit|nav_command|formal_medium
69bd24b8c9734bb1,chỉ giúp lối đi đến xã Tam Mỹ ở thành phố Đà Nẵng,admin_unit,ward,xã Tam Mỹ ở thành phố Đà Nẵng,osm_ward_19337504,Đà Nẵng,,,Tam Mỹ,,,nav_command,nav_command_neutral_medium_010,current+none+prefix+neutral,current,none,neutral,manual,04|admin_unit|nav_command|neutral_medium
49a848df8e06bb2d,dẫn đường đến xã La Dêê,admin_unit,ward,xã La Dêê,osm_ward_19337529,Đà Nẵng,,,La Dêê,,,nav_command,nav_command_neutral_short_003,current+none+prefix+neutral,current,none,neutral,manual,04|admin_unit|nav_command|neutral_short
3d19ec3d22af0262,"ê từ chỗ này đến xã Thạnh Bình ở thành phố Đà Nẵng đi sao vậy ta, chỉ mình với",admin_unit,ward,xã Thạnh Bình ở thành phố Đà Nẵng,osm_ward_19337494,Đà Nẵng,,,Thạnh Bình,,,route_question,route_question_casual_long_001,current+none+prefix+casual,current,none,casual,manual,04|admin_unit|route_question|casual_long
ac7f8348ec448c88,đi Hội An sao,admin_unit,ward,Hội An,osm_ward_19337535,Đà Nẵng,,,Hội An,,,route_question,route_question_casual_short_004,current+none+no_prefix+casual,current,none,casual,manual,04|admin_unit|route_question|casual_short
911c9975c23f4be8,cho tôi hỏi một chút xin hỏi muốn tới phường An Hải ở thành phố Đà Nẵng thì đi đường nào,admin_unit,ward,phường An Hải ở thành phố Đà Nẵng,osm_ward_13996723,Đà Nẵng,,,An Hải,,,route_question,route_question_formal_medium_004,current+none+prefix+formal,current,none,formal,manual,04|admin_unit|route_question|formal_medium
ec21d320dba38491,cho mình hỏi đi Điện Bàn Đông đường nào nhanh nhất giúp tôi,admin_unit,ward,Điện Bàn Đông,osm_ward_19337545,Đà Nẵng,,,Điện Bàn Đông,,,route_question,route_question_neutral_medium_005,current+none+no_prefix+neutral,current,none,neutral,manual,04|admin_unit|route_question|neutral_medium
3d4262da4f0802b8,đi phường Hòa Khánh lối nào nhỉ,admin_unit,ward,phường Hòa Khánh,osm_ward_14651840,Đà Nẵng,,,Hòa Khánh,,,route_question,route_question_neutral_short_005,current+none+prefix+neutral,current,none,neutral,manual,04|admin_unit|route_question|neutral_short
1597518c5a3ac10d,"cho hỏi cái à kiếm hộ mình phường Hòa Khánh cái, tiện đường thì ghé qua với",admin_unit,ward,phường Hòa Khánh,osm_ward_14651840,Đà Nẵng,,,Hòa Khánh,,,search,search_casual_long_009,current+none+prefix+casual,current,none,casual,manual,04|admin_unit|search|casual_long
773f6f32f7dea0e6,mò tìm Đồng Dương,admin_unit,ward,Đồng Dương,osm_ward_19337543,Đà Nẵng,,,Đồng Dương,,,search,search_casual_short_010,current+none+no_prefix+casual,current,none,casual,manual,04|admin_unit|search|casual_short
2ce959463b3a2db3,xin tìm kiếm giúp phường An Hải ở tỉnh Quảng Nam cũ giúp tôi với ạ,admin_unit,ward,phường An Hải ở tỉnh Quảng Nam cũ,osm_ward_13996723,Đà Nẵng,Quảng Nam,,An Hải,,,search,search_formal_medium_007,legacy+none+prefix+formal,legacy,none,formal,manual,04|admin_unit|search|formal_medium
6fc266cea5e0820c,tìm giúp tôi vị trí An Thắng,admin_unit,ward,An Thắng,osm_ward_19337554,Đà Nẵng,,,An Thắng,,,search,search_neutral_medium_001,current+none+no_prefix+neutral,current,none,neutral,manual,04|admin_unit|search|neutral_medium
47d4824941cea53f,tìm vị trí phường Cẩm Lệ giúp tôi,admin_unit,ward,phường Cẩm Lệ,osm_ward_13967823,Đà Nẵng,,,Cẩm Lệ,,,search,search_neutral_short_007,current+none+prefix+neutral,current,none,neutral,manual,04|admin_unit|search|neutral_short
1e4ef29b4cac1d9f,"ơ Tam Anh đó mà, tấp vô đi cho rồi",admin_unit,ward,Tam Anh,osm_ward_19337507,Đà Nẵng,,,Tam Anh,,,short_command,short_command_casual_long_008,current+none+no_prefix+casual,current,none,casual,manual,04|admin_unit|short_command|casual_long
d1a49ca3093a18b4,xã Tiên Phước đi,admin_unit,ward,xã Tiên Phước,osm_ward_19337490,Đà Nẵng,,,Tiên Phước,,,short_command,short_command_casual_short_001,current+none+prefix+casual,current,none,casual,manual,04|admin_unit|short_command|casual_short
e52443fe7c360ec2,xin phép hỏi xin cho xe chạy đến xã Duy Nghĩa ạ,admin_unit,ward,xã Duy Nghĩa,osm_ward_19337540,Đà Nẵng,,,Duy Nghĩa,,,short_command,short_command_formal_medium_002,current+none+prefix+formal,current,none,formal,manual,04|admin_unit|short_command|formal_medium
b31398b0a3e06388,cho mình hỏi ghé ngang Thượng Đức,admin_unit,ward,Thượng Đức,osm_ward_19337491,Đà Nẵng,,,Thượng Đức,,,short_command,short_command_neutral_medium_008,current+none+no_prefix+neutral,current,none,neutral,manual,04|admin_unit|short_command|neutral_medium
b92b04761630a5b8,đi xã Trà My,admin_unit,ward,xã Trà My,osm_ward_19337484,Đà Nẵng,,,Trà My,,,short_command,short_command_neutral_short_002,current+none+prefix+neutral,current,none,neutral,manual,04|admin_unit|short_command|neutral_short
76b6c98a46251172,"này gần Coala có cây xăng nào không, mình đang cần gấp giúp mình",commercial,hotel,Coala,osm_poi_node_12169743824,Đà Nẵng,,,,,,contextual,contextual_casual_long_006,current+none+no_prefix+casual,current,none,casual,osm,04|commercial|contextual|casual_long
81179732deb34b36,gần siêu thị Yến Nhi thái lan hông,commercial,supermarket,siêu thị Yến Nhi thái lan,osm_poi_node_5604261722,Đà Nẵng,,,,,,contextual,contextual_casual_short_001,current+none+no_prefix+casual,current,none,casual,osm,04|commercial|contextual|casual_short
de0192652ecb3bb0,xin hỏi quanh đây có gần Hoàng Phương Hotel không,commercial,hotel,Hoàng Phương Hotel,osm_poi_node_4249901095,Đà Nẵng,,,,,,contextual,contextual_formal_medium_004,current+none+no_prefix+formal,current,none,formal,osm,04|commercial|contextual|formal_medium
4f78583aebcb5eb4,chỗ mình đứng gần Chicland không,commercial,hotel,Chicland,osm_poi_node_12860787932,Đà Nẵng,,,,,,contextual,contextual_neutral_medium_008,current+none+no_prefix+neutral,current,none,neutral,osm,04|commercial|contextual|neutral_medium
e826fd46b9d8ac75,quanh đây gần Thanh Tam không,commercial,hotel,Thanh Tam,osm_poi_node_12174005660,Đà Nẵng,,,,,,contextual,contextual_neutral_short_006,current+none+no_prefix+neutral,current,none,neutral,osm,04|commercial|contextual|neutral_short
db5546284b32b068,"cho mình hỏi cái, từ đây qua Fansipan Hotel đi lối nào thế",commercial,hotel,Fansipan Hotel,osm_poi_way_693837785,Đà Nẵng,,,,,,conversational,conversational_casual_long_003,current+none+no_prefix+casual,current,none,casual,osm,04|commercial|conversational|casual_long
cdcc2b9fc0706711,hỏi lối Miss Nhi được không,commercial,restaurant,Miss Nhi,osm_poi_node_7215657985,Đà Nẵng,,,,,,conversational,conversational_casual_short_004,current+none+no_prefix+casual,current,none,casual,osm,04|commercial|conversational|casual_short
52978e8960853940,tôi xin phép hỏi đường tới VPBank xin cảm ơn,commercial,bank,VPBank,osm_poi_node_13594743701,Đà Nẵng,,,,,,conversational,conversational_formal_medium_005,current+none+no_prefix+formal,current,none,formal,osm,04|commercial|conversational|formal_medium
7e989e711bc7f3b9,chỉ mình đường tới DaNa Home Hotel ở thành phố Đà Nẵng giúp tôi,commercial,hotel,DaNa Home Hotel ở thành phố Đà Nẵng,osm_poi_node_13626316301,Đà Nẵng,,,,,,conversational,conversational_neutral_medium_005,current+none+no_prefix+neutral,current,none,neutral,osm,04|commercial|conversational|neutral_medium
2f902dc5e2f7999f,cho hỏi lối đến Co.opMart ở thành phố Đà Nẵng,commercial,supermarket,Co.opMart ở thành phố Đà Nẵng,osm_poi_node_6634490985,Đà Nẵng,,,,,,conversational,conversational_neutral_short_003,current+none+no_prefix+neutral,current,none,neutral,osm,04|commercial|conversational|neutral_short
ff8b769040b2cbc3,"chỉ mình lối đến Ram cuốn cải Dì Hoả đi, mình đang bị lạc nè",commercial,restaurant,Ram cuốn cải Dì Hoả,osm_poi_node_6152681085,Đà Nẵng,,,,,,nav_command,nav_command_casual_long_007,current+none+no_prefix+casual,current,none,casual,osm,04|commercial|nav_command|casual_long
85e744a8b85429eb,dẫn tới Vinh Trung Plaza với,commercial,shopping_mall,Vinh Trung Plaza,osm_poi_way_204836910,Đà Nẵng,,,,,,nav_command,nav_command_casual_short_005,current+none+no_prefix+casual,current,none,casual,osm,04|commercial|nav_command|casual_short
1890aa7e243ff263,xin cho tôi đường đi đến PV Oil giúp tôi với ạ,commercial,gas_station,PV Oil,osm_poi_way_694804416,Đà Nẵng,,,,,,nav_command,nav_command_formal_medium_004,current+none+no_prefix+formal,current,none,formal,osm,04|commercial|nav_command|formal_medium
6a093515e74b8171,cho mình hỏi tìm giúp đường đến Platinum ở thành phố Đà Nẵng được không,commercial,hotel,Platinum ở thành phố Đà Nẵng,osm_poi_node_12169743821,Đà Nẵng,,,,,,nav_command,nav_command_neutral_medium_003,current+none+no_prefix+neutral,current,none,neutral,osm,04|commercial|nav_command|neutral_medium
14381d264a8bf33e,cho mình hỏi chỉ tuyến đường đến Lucky Restaurant ở thành phố Đà Nẵng,commercial,restaurant,Lucky Restaurant ở thành phố Đà Nẵng,osm_poi_node_13542877625,Đà Nẵng,,,,,,nav_command,nav_command_neutral_medium_007,current+none+no_prefix+neutral,current,none,neutral,osm,04|commercial|nav_command|neutral_medium
bcb37cb3e29a1a89,cho đường đến Temple Da Nang ở thành phố Đà Nẵng được không,commercial,restaurant,Temple Da Nang ở thành phố Đà Nẵng,osm_poi_node_6125276059,Đà Nẵng,,,,,,nav_command,nav_command_neutral_short_005,current+none+no_prefix+neutral,current,none,neutral,osm,04|commercial|nav_command|neutral_short
0f175523128facc4,tìm đường đến Xuân Tời ở tỉnh Quảng Nam,commercial,restaurant,Xuân Tời ở tỉnh Quảng Nam,osm_poi_node_5271605921,Đà Nẵng,Quảng Nam,,,,,nav_command,nav_command_neutral_short_004,legacy+none+no_prefix+neutral,legacy,none,neutral,osm,04|commercial|nav_command|neutral_short
35c05db82d6b70fb,ơ thế tới Satya Hotel ở thành phố Đà Nẵng đi ngả nào cho khỏi kẹt xe vậy,commercial,hotel,Satya Hotel ở thành phố Đà Nẵng,osm_poi_way_694819059,Đà Nẵng,,,,,,route_question,route_question_casual_long_007,current+none+no_prefix+casual,current,none,casual,osm,04|commercial|route_question|casual_long
0c08d6cfc9724a72,đến Sunny Beach sao,commercial,hotel,Sunny Beach,osm_poi_node_12173072807,Đà Nẵng,,,,,,route_question,route_question_casual_short_007,current+none+no_prefix+casual,current,none,casual,osm,04|commercial|route_question|casual_short
1efdbc3a4eb50a81,xin phép hỏi xin hỏi tuyến nào gần nhất tới Issun Boshi ở thành phố Đà Nẵng,commercial,restaurant,Issun Boshi ở thành phố Đà Nẵng,osm_poi_node_6109480851,Đà Nẵng,,,,,,route_question,route_question_formal_medium_010,current+none+no_prefix+formal,current,none,formal,osm,04|commercial|route_question|formal_medium
63ff64cd45765eec,này đường nào gần nhất đến tê o mờ tám mươi hai ở thành phố Đà Nẵng,commercial,restaurant,tê o mờ tám mươi hai ở thành phố Đà Nẵng,osm_poi_node_12830376535,Đà Nẵng,,,,,,route_question,route_question_neutral_medium_004,current+cardinal+no_prefix+neutral,current,cardinal,neutral,osm,04|commercial|route_question|neutral_medium
1fb72ee91cfbcdf6,Gyu Sachi đi đường nào,commercial,restaurant,Gyu Sachi,osm_poi_node_12836656107,Đà Nẵng,,,,,,route_question,route_question_neutral_short_003,current+none+no_prefix+neutral,current,none,neutral,osm,04|commercial|route_question|neutral_short
745d6ad503f10943,"này à dò giúp mình Bao Ahn ở thành phố Đà Nẵng cái, mình chưa biết chỗ nào cả",commercial,hotel,Bao Ahn ở thành phố Đà Nẵng,osm_poi_node_12839774216,Đà Nẵng,,,,,,search,search_casual_long_006,current+none+no_prefix+casual,current,none,casual,osm,04|commercial|search|casual_long
a7173ec768f54917,tìm Arrive Apartment ở thành phố Đà Nẵng với,commercial,hotel,Arrive Apartment ở thành phố Đà Nẵng,osm_poi_node_12167891417,Đà Nẵng,,,,,,search,search_casual_short_001,current+none+no_prefix+casual,current,none,casual,osm,04|commercial|search|casual_short
eff692c544c3ef3b,xin phép hỏi xin tìm giúp Chickpea Eatery ở thành phố Đà Nẵng,commercial,restaurant,Chickpea Eatery ở thành phố Đà Nẵng,osm_poi_node_12617970402,Đà Nẵng,,,,,,search,search_formal_medium_001,current+none+no_prefix+formal,current,none,formal,osm,04|commercial|search|formal_medium
0d5b97cf0884d97b,tra cứu giúp tôi Olivia Pizza nhé,commercial,restaurant,Olivia Pizza,osm_poi_node_11906566170,Đà Nẵng,,,,,,search,search_neutral_medium_008,current+none+no_prefix+neutral,current,none,neutral,osm,04|commercial|search|neutral_medium
37796fa159d357f5,cho mình hỏi tìm giúp tôi thông tin về Phố nướng Tokyo được không,commercial,restaurant,Phố nướng Tokyo,osm_poi_node_4759752150,Đà Nẵng,,,,,,search,search_neutral_medium_009,current+none+no_prefix+neutral,current,none,neutral,osm,04|commercial|search|neutral_medium
e3dd439aa9e67b76,tìm giúp tôi Petrolimex,commercial,gas_station,Petrolimex,osm_poi_way_696221049,Đà Nẵng,,,,,,search,search_neutral_short_001,current+none+no_prefix+neutral,current,none,neutral,osm,04|commercial|search|neutral_short
0288ec9b7ad35785,tìm chỗ Fun House ở thành phố Đà Nẵng được không,commercial,hotel,Fun House ở thành phố Đà Nẵng,osm_poi_node_12174005662,Đà Nẵng,,,,,,search,search_neutral_short_005,current+none+no_prefix+neutral,current,none,neutral,osm,04|commercial|search|neutral_short
a5aa5bc5a6d6d8cd,"chỗ Crystal Jade Kitchen lúc nãy nói ấy, quẹo vô đó đi",commercial,restaurant,Crystal Jade Kitchen,osm_poi_node_13202605155,Đà Nẵng,,,,,,short_command,short_command_casual_long_006,current+none+no_prefix+casual,current,none,casual,osm,04|commercial|short_command|casual_long
4b170c79278a2537,tới Khách sạn HaNoi Blue đi,commercial,hotel,Khách sạn HaNoi Blue,osm_poi_way_1181332440,Đà Nẵng,,,,,,short_command,short_command_casual_short_004,current+none+no_prefix+casual,current,none,casual,osm,04|commercial|short_command|casual_short
55efec08742476bd,xin chạy thẳng tới Quán ăn Cháo - Xôi A Tiều,commercial,restaurant,Quán ăn Cháo - Xôi A Tiều,osm_poi_node_12314059213,Đà Nẵng,,,,,,short_command,short_command_formal_medium_005,current+none+no_prefix+formal,current,none,formal,osm,04|commercial|short_command|formal_medium
97b2b5fb138f5677,cho hỏi đi thẳng tới Hẽm ở thành phố Đà Nẵng nhé,commercial,restaurant,Hẽm ở thành phố Đà Nẵng,osm_poi_node_12169109801,Đà Nẵng,,,,,,short_command,short_command_neutral_medium_009,current+none+no_prefix+neutral,current,none,neutral,osm,04|commercial|short_command|neutral_medium
1c1cc7e7742505e2,vào Greenery Hotel ở thành phố Đà Nẵng,commercial,hotel,Greenery Hotel ở thành phố Đà Nẵng,osm_poi_node_13478351601,Đà Nẵng,,,,,,short_command,short_command_neutral_short_008,current+none+no_prefix+neutral,current,none,neutral,osm,04|commercial|short_command|neutral_short
c54994ff421dd1f8,cho tôi hỏi à chỗ này có gần Bà Nà Hills không,landmark,tourist_attraction,Bà Nà Hills,manual_04_ba_na_hills,Đà Nẵng,,,,,,contextual,contextual_neutral_medium_001,current+none+no_prefix+neutral,current,none,neutral,manual,04|landmark|contextual|neutral_medium
fc857568f0fbd14c,Chợ Mai ở gần không,landmark,market,Chợ Mai,osm_poi_node_2147654924,Đà Nẵng,,,,,,contextual,contextual_neutral_short_010,current+none+no_prefix+neutral,current,none,neutral,osm,04|landmark|contextual|neutral_short
6656ab5833b7cf7c,biết Ngũ Hành Sơn ở thành phố Đà Nẵng ở đâu không,landmark,mountain,Ngũ Hành Sơn ở thành phố Đà Nẵng,manual_04_ngu_hanh_son,Đà Nẵng,,,,,,conversational,conversational_casual_short_006,current+none+no_prefix+casual,current,none,casual,manual,04|landmark|conversational|casual_short
36fb74e73fa85efd,này cho tôi xin đường đi Thánh địa Mỹ Sơn được không,landmark,heritage_site,Thánh địa Mỹ Sơn,manual_04_thanh_ia_my_son,Đà Nẵng,,,,,,conversational,conversational_neutral_medium_008,current+none+no_prefix+neutral,current,none,neutral,manual,04|landmark|conversational|neutral_medium
9c24ceb450dead5f,cho hỏi đường Hồ Khuê Trung ở thành phố Đà Nẵng nhé,landmark,lake,Hồ Khuê Trung ở thành phố Đà Nẵng,osm_poi_way_302763986,Đà Nẵng,,,,,,conversational,conversational_neutral_short_007,current+none+no_prefix+neutral,current,none,neutral,osm,04|landmark|conversational|neutral_short
c2c457128f16d936,"ơ dẫn mình đường tới Cầu Đỏ với, đi từ từ thôi cũng được",landmark,bridge,Cầu Đỏ,osm_poi_way_699904667,Đà Nẵng,,,,,,nav_command,nav_command_casual_long_010,current+none+no_prefix+casual,current,none,casual,osm,04|landmark|nav_command|casual_long
793a4b97a56a28f7,chạy đến Chùa Linh Ứng với,landmark,tourist_attraction,Chùa Linh Ứng,manual_04_chua_linh_ung,Đà Nẵng,,,,,,nav_command,nav_command_casual_short_009,current+none+no_prefix+casual,current,none,casual,manual,04|landmark|nav_command|casual_short
c384904bc7a385b2,làm ơn cho hỏi xin được chỉ đường đi tới Ngũ Hành Sơn ở thành phố Đà Nẵng được không ạ,landmark,mountain,Ngũ Hành Sơn ở thành phố Đà Nẵng,manual_04_ngu_hanh_son,Đà Nẵng,,,,,,nav_command,nav_command_formal_medium_010,current+none+no_prefix+formal,current,none,formal,manual,04|landmark|nav_command|formal_medium
9d66c4a2915b2a7c,tìm giúp đường đến Chợ Nại Hiên Đông được không,landmark,market,Chợ Nại Hiên Đông,osm_poi_way_1164429696,Đà Nẵng,,,,,,nav_command,nav_command_neutral_medium_003,current+none+no_prefix+neutral,current,none,neutral,osm,04|landmark|nav_command|neutral_medium
7ed0392e59004c07,chỉ hướng đến Chợ Tân Lập,landmark,market,Chợ Tân Lập,osm_poi_way_429019192,Đà Nẵng,,,,,,nav_command,nav_command_neutral_short_009,current+none+no_prefix+neutral,current,none,neutral,osm,04|landmark|nav_command|neutral_short
54506811bd04c4a7,lối nào tới Chợ Cồn,landmark,market,Chợ Cồn,manual_04_cho_con,Đà Nẵng,,,,,,route_question,route_question_casual_short_006,current+none+no_prefix+casual,current,none,casual,manual,04|landmark|route_question|casual_short
2868d1aa93146a1f,này đường nào gần nhất đến Thánh địa Mỹ Sơn ở thành phố Đà Nẵng,landmark,heritage_site,Thánh địa Mỹ Sơn ở thành phố Đà Nẵng,manual_04_thanh_ia_my_son,Đà Nẵng,,,,,,route_question,route_question_neutral_medium_004,current+none+no_prefix+neutral,current,none,neutral,manual,04|landmark|route_question|neutral_medium
6ae1c0be9eece9ff,đi Chợ Nguyễn Tri Phương lối nào,landmark,market,Chợ Nguyễn Tri Phương,osm_poi_way_1326232560,Đà Nẵng,,,,,,route_question,route_question_neutral_short_005,current+none+no_prefix+neutral,current,none,neutral,osm,04|landmark|route_question|neutral_short
426640e6085c5b9a,"ê thế tìm thử giúp mình Chợ Tân Chính xem, gần đây có không",landmark,market,Chợ Tân Chính,osm_poi_way_372172906,Đà Nẵng,,,,,,search,search_casual_long_005,current+none+no_prefix+casual,current,none,casual,osm,04|landmark|search|casual_long
7fa20069fad89439,tìm thử Hồ Công viên hai mươi chín tháng ba với,landmark,lake,Hồ Công viên hai mươi chín tháng ba,osm_poi_way_420019435,Đà Nẵng,,,,,,search,search_casual_short_006,current+cardinal+no_prefix+casual,current,cardinal,casual,osm,04|landmark|search|casual_short
e032a532b45d0895,xin phép hỏi nhờ tìm hộ vị trí Hồ Công viên hai mươi chín tháng ba,landmark,lake,Hồ Công viên hai mươi chín tháng ba,osm_poi_way_420019435,Đà Nẵng,,,,,,search,search_formal_medium_010,current+cardinal+no_prefix+formal,current,cardinal,formal,osm,04|landmark|search|formal_medium
ca6e189bf49b6ba4,cho tôi hỏi tìm giúp tôi vị trí Cong Hua Xa,landmark,market,Cong Hua Xa,osm_poi_node_7085739056,Đà Nẵng,,,,,,search,search_neutral_medium_001,current+none+no_prefix+neutral,current,none,neutral,osm,04|landmark|search|neutral_medium
6f4ab4632ce85e27,dò giúp Biển Mỹ Khê ở thành phố Đà Nẵng,landmark,beach,Biển Mỹ Khê ở thành phố Đà Nẵng,manual_04_bien_my_khe,Đà Nẵng,,,,,,search,search_neutral_short_010,current+none+no_prefix+neutral,current,none,neutral,manual,04|landmark|search|neutral_short
a6bb3113db0ab3e6,đi thẳng tới Bán đảo Sơn Trà,landmark,mountain,Bán đảo Sơn Trà,manual_04_ban_ao_son_tra,Đà Nẵng,,,,,,short_command,short_command_neutral_medium_009,current+none+no_prefix+neutral,current,none,neutral,manual,04|landmark|short_command|neutral_medium
2a595aa87e8348c9,đi Chợ đêm Lê Duẩn ở tỉnh Quảng Nam,landmark,market,Chợ đêm Lê Duẩn ở tỉnh Quảng Nam,osm_poi_node_12333995781,Đà Nẵng,Quảng Nam,,,,,short_command,short_command_neutral_short_002,legacy+none+no_prefix+neutral,legacy,none,neutral,osm,04|landmark|short_command|neutral_short
2199f7fd08d84169,cho hỏi thế gần đây có Công viên ca hai mươi ở thành phố Đà Nẵng không,poi_other,park,Công viên ca hai mươi ở thành phố Đà Nẵng,osm_poi_way_962129079,Đà Nẵng,,,,,,contextual,contextual_neutral_medium_003,current+cardinal+no_prefix+neutral,current,cardinal,neutral,osm,04|poi_other|contextual|neutral_medium
6d3bac03f7441acb,gần đây có Đình Lổ Giáng ở tỉnh Quảng Nam không,poi_other,worship_place,Đình Lổ Giáng ở tỉnh Quảng Nam,osm_poi_node_4005611263,Đà Nẵng,Quảng Nam,,,,,contextual,contextual_neutral_short_002,legacy+none+no_prefix+neutral,legacy,none,neutral,osm,04|poi_other|contextual|neutral_short
10510e2f58e9f1fa,đường Khu giải trí trước Uỷ ban Quận ở thành phố Đà Nẵng sao,poi_other,park,Khu giải trí trước Uỷ ban Quận ở thành phố Đà Nẵng,osm_poi_way_834419904,Đà Nẵng,,,,,,conversational,conversational_casual_short_005,current+none+no_prefix+casual,current,none,casual,osm,04|poi_other|conversational|casual_short
2ea5084fe215fdab,cho hỏi có ai biết đường đến Chùa Kỳ Viên không,poi_other,worship_place,Chùa Kỳ Viên,osm_poi_way_1378265221,Đà Nẵng,,,,,,conversational,conversational_neutral_medium_004,current+none+no_prefix+neutral,current,none,neutral,osm,04|poi_other|conversational|neutral_medium
6b01ba71ffc9f145,cho hỏi ngả tới Vòng Xoay Hải Vân ở thành phố Đà Nẵng giúp tôi,poi_other,park,Vòng Xoay Hải Vân ở thành phố Đà Nẵng,osm_poi_way_1347307012,Đà Nẵng,,,,,,conversational,conversational_neutral_short_009,current+none+no_prefix+neutral,current,none,neutral,osm,04|poi_other|conversational|neutral_short
f15cbe688b4a1c81,"này chỉ mình đường đi Công viên Thanh Bình ở tỉnh Quảng Nam đi, mình mới chuyển tới đây với",poi_other,park,Công viên Thanh Bình ở tỉnh Quảng Nam,osm_poi_way_961973996,Đà Nẵng,Quảng Nam,,,,,nav_command,nav_command_casual_long_003,legacy+none+no_prefix+casual,legacy,none,casual,osm,04|poi_other|nav_command|casual_long
35f82743f7c4f681,ghé Công viên Nam Dương được không,poi_other,park,Công viên Nam Dương,osm_poi_way_1384907056,Đà Nẵng,,,,,,nav_command,nav_command_casual_short_007,current+none+no_prefix+casual,current,none,casual,osm,04|poi_other|nav_command|casual_short
e9a5e73b48cc873d,xin cho hỏi mong chỉ giúp tuyến đường đến Nhà máy Coca-Cola,poi_other,industrial_zone,Nhà máy Coca-Cola,osm_poi_way_1336817189,Đà Nẵng,,,,,,nav_command,nav_command_formal_medium_009,current+none+no_prefix+formal,current,none,formal,osm,04|poi_other|nav_command|formal_medium
2abab89e48bc69e5,cho hỏi dẫn giúp đường tới Cảng Tiên Sa,poi_other,industrial_zone,Cảng Tiên Sa,osm_poi_way_630377254,Đà Nẵng,,,,,,nav_command,nav_command_neutral_medium_006,current+none+no_prefix+neutral,current,none,neutral,osm,04|poi_other|nav_command|neutral_medium
c8540803bb85109a,cho đường đến Chùa Tam Tôn ở thành phố Đà Nẵng,poi_other,worship_place,Chùa Tam Tôn ở thành phố Đà Nẵng,osm_poi_way_627383447,Đà Nẵng,,,,,,nav_command,nav_command_neutral_short_005,current+none+no_prefix+neutral,current,none,neutral,osm,04|poi_other|nav_command|neutral_short
d5f5ce8d778492a1,lối nào tới Miếu Cây Đa Đò Xu nha,poi_other,worship_place,Miếu Cây Đa Đò Xu,osm_poi_way_695008783,Đà Nẵng,,,,,,route_question,route_question_casual_short_006,current+none+no_prefix+casual,current,none,casual,osm,04|poi_other|route_question|casual_short
854d5da5e2e0e6ce,đến Đình Bồ Bản ở thành phố Đà Nẵng đi lối nào vậy,poi_other,worship_place,Đình Bồ Bản ở thành phố Đà Nẵng,osm_poi_way_597505233,Đà Nẵng,,,,,,route_question,route_question_neutral_medium_006,current+none+no_prefix+neutral,current,none,neutral,osm,04|poi_other|route_question|neutral_medium
e10147f483a4ec96,đến Nhà thờ Tin Lành ở thành phố Đà Nẵng lối nào nhỉ,poi_other,worship_place,Nhà thờ Tin Lành ở thành phố Đà Nẵng,osm_poi_way_372196690,Đà Nẵng,,,,,,route_question,route_question_neutral_short_008,current+none+no_prefix+neutral,current,none,neutral,osm,04|poi_other|route_question|neutral_short
3d423ea46f73afaa,"cho hỏi cái kiếm hộ mình Chùa Mỹ Khê cái, tiện đường thì ghé qua nha",poi_other,worship_place,Chùa Mỹ Khê,osm_poi_way_1279556276,Đà Nẵng,,,,,,search,search_casual_long_009,current+none+no_prefix+casual,current,none,casual,osm,04|poi_other|search|casual_long
4f59549744b6acab,mò tìm Chùa Phổ Đà đi mà,poi_other,worship_place,Chùa Phổ Đà,osm_poi_way_1326441936,Đà Nẵng,,,,,,search,search_casual_short_010,current+none+no_prefix+casual,current,none,casual,osm,04|poi_other|search|casual_short
9ee56f51c6f3c34a,xin cho hỏi xin tìm hộ chùa Vu Lan ở thành phố Đà Nẵng giúp tôi với ạ,poi_other,worship_place,chùa Vu Lan ở thành phố Đà Nẵng,osm_poi_node_3760247201,Đà Nẵng,,,,,,search,search_formal_medium_005,current+none+no_prefix+formal,current,none,formal,osm,04|poi_other|search|formal_medium
9cf7097224f61604,kiếm giúp tôi thông tin Miếu Cây Đa Đò Xu với,poi_other,worship_place,Miếu Cây Đa Đò Xu,osm_poi_way_695008783,Đà Nẵng,,,,,,search,search_neutral_medium_002,current+none+no_prefix+neutral,current,none,neutral,osm,04|poi_other|search|neutral_medium
26662e7d26cc4da6,tìm vị trí Tháp Xá Lợi ở tỉnh Quảng Nam giúp tôi,poi_other,worship_place,Tháp Xá Lợi ở tỉnh Quảng Nam,osm_poi_way_486703057,Đà Nẵng,Quảng Nam,,,,,search,search_neutral_short_007,legacy+none+no_prefix+neutral,legacy,none,neutral,osm,04|poi_other|search|neutral_short
84bebebf9a7e678c,qua Đình Phục Đán cái,poi_other,worship_place,Đình Phục Đán,osm_poi_node_6513792708,Đà Nẵng,,,,,,short_command,short_command_casual_short_002,current+none+no_prefix+casual,current,none,casual,osm,04|poi_other|short_command|casual_short
0cbdf2a4aff5024a,cho mình hỏi cho tôi xuống ở Đình Phục Đán,poi_other,worship_place,Đình Phục Đán,osm_poi_node_6513792708,Đà Nẵng,,,,,,short_command,short_command_neutral_medium_006,current+none+no_prefix+neutral,current,none,neutral,osm,04|poi_other|short_command|neutral_medium
96842256c6235612,tới nhà thờ An Ngãi Tây,poi_other,worship_place,nhà thờ An Ngãi Tây,osm_poi_node_4294139091,Đà Nẵng,,,,,,short_command,short_command_neutral_short_003,current+none+no_prefix+neutral,current,none,neutral,osm,04|poi_other|short_command|neutral_short
4a1f955b26653a61,chỗ này gần Bệnh viện Phụ sản - Nhi Đà Nẵng hông,public_facility,hospital,Bệnh viện Phụ sản - Nhi Đà Nẵng,osm_poi_way_344021057,Đà Nẵng,,,,,,contextual,contextual_casual_short_004,current+none+no_prefix+casual,current,none,casual,osm,04|public_facility|contextual|casual_short
a36cc7cd33e6fa5d,chỗ đó gần Trường Trung học phổ thông Phan Châu Trinh không,public_facility,school,Trường Trung học phổ thông Phan Châu Trinh,osm_poi_way_488430999,Đà Nẵng,,,,,,contextual,contextual_neutral_medium_004,current+none+no_prefix+neutral,current,none,neutral,osm,04|public_facility|contextual|neutral_medium
f74e8ee8e1acaa8a,Bệnh viện một trăm chín mươi chín - Bộ Công an ở thành phố Đà Nẵng ở gần không,public_facility,hospital,Bệnh viện một trăm chín mươi chín - Bộ Công an ở thành phố Đà Nẵng,osm_poi_way_1076716238,Đà Nẵng,,,,,,contextual,contextual_neutral_short_010,current+cardinal+no_prefix+neutral,current,cardinal,neutral,osm,04|public_facility|contextual|neutral_short
3d85e236efeb01ea,"cho mình hỏi cái, từ đây qua Trường Cao đẳng Du lịch Đà Nẵng đi lối nào vậy",public_facility,university,Trường Cao đẳng Du lịch Đà Nẵng,osm_poi_way_1023471616,Đà Nẵng,,,,,,conversational,conversational_casual_long_003,current+none+no_prefix+casual,current,none,casual,osm,04|public_facility|conversational|casual_long
8a671a4e47f11260,hỏi lối Trường Tiểu học Trần Quang Diệu ở thành phố Đà Nẵng giúp mình,public_facility,school,Trường Tiểu học Trần Quang Diệu ở thành phố Đà Nẵng,osm_poi_way_1076716241,Đà Nẵng,,,,,,conversational,conversational_casual_short_004,current+none+no_prefix+casual,current,none,casual,osm,04|public_facility|conversational|casual_short
d033f6af4d1f9859,tôi xin hỏi hướng đi đến Trường Phổ thông Hermann Gmeiner Đà Nẵng ở thành phố Đà Nẵng xin cảm ơn,public_facility,school,Trường Phổ thông Hermann Gmeiner Đà Nẵng ở thành phố Đà Nẵng,osm_poi_way_1537448765,Đà Nẵng,,,,,,conversational,conversational_formal_medium_009,current+none+no_prefix+formal,current,none,formal,osm,04|public_facility|conversational|formal_medium
f961b4a7bcc11639,cho mình hỏi cho tôi xin đường đi Bệnh viện Y học cổ truyền thành phố Đà Nẵng (cơ sở hai,public_facility,hospital,Bệnh viện Y học cổ truyền thành phố Đà Nẵng (cơ sở hai,osm_poi_way_1226646127,Đà Nẵng,,,,,,conversational,conversational_neutral_medium_008,current+cardinal+no_prefix+neutral,current,cardinal,neutral,osm,04|public_facility|conversational|neutral_medium
b8dd9e35f1ffef30,cho hỏi ngả tới Bệnh viện Hoàn Mỹ Đà Nẵng ở thành phố Đà Nẵng với,public_facility,hospital,Bệnh viện Hoàn Mỹ Đà Nẵng ở thành phố Đà Nẵng,osm_poi_node_729405662,Đà Nẵng,,,,,,conversational,conversational_neutral_short_009,current+none+no_prefix+neutral,current,none,neutral,osm,04|public_facility|conversational|neutral_short
0f01b17eafcbfd63,"ơ à kiếm giúp mình đường đến Benh Vien Y Hoc Co Truyen Tp.Da Nang ở thành phố Đà Nẵng cái, gấp lắm rồi",public_facility,hospital,Benh Vien Y Hoc Co Truyen Tp.Da Nang ở thành phố Đà Nẵng,osm_poi_node_729405656,Đà Nẵng,,,,,,nav_command,nav_command_casual_long_008,current+none+no_prefix+casual,current,none,casual,osm,04|public_facility|nav_command|casual_long
6d7088e39ce9a661,vọt qua Trường Tiểu học Lê Hồng Phong nha,public_facility,school,Trường Tiểu học Lê Hồng Phong,osm_poi_way_1419646730,Đà Nẵng,,,,,,nav_command,nav_command_casual_short_010,current+none+no_prefix+casual,current,none,casual,osm,04|public_facility|nav_command|casual_short
93c35bdd1fa3ac76,xin được chỉ đường đi tới Khu H ở thành phố Đà Nẵng giúp tôi với ạ,public_facility,school,Khu H ở thành phố Đà Nẵng,osm_poi_node_1964068520,Đà Nẵng,,,,,,nav_command,nav_command_formal_medium_010,current+none+no_prefix+formal,current,none,formal,osm,04|public_facility|nav_command|formal_medium
5480a657b80150ae,cho tôi hỏi ờ chỉ giúp lối đi đến UBND phường Hòa Quý,public_facility,government_office,UBND phường Hòa Quý,osm_poi_node_3497145816,Đà Nẵng,,,,,,nav_command,nav_command_neutral_medium_010,current+none+no_prefix+neutral,current,none,neutral,osm,04|public_facility|nav_command|neutral_medium
cdadfd66bfdae328,đưa đường đến Trường Trung học cơ sở Dũng Sĩ Điện Ngọc ở thành phố Đà Nẵng nhé,public_facility,school,Trường Trung học cơ sở Dũng Sĩ Điện Ngọc ở thành phố Đà Nẵng,osm_poi_way_1332839223,Đà Nẵng,,,,,,nav_command,nav_command_neutral_short_008,current+none+no_prefix+neutral,current,none,neutral,osm,04|public_facility|nav_command|neutral_short
5b33165f8ca172a3,đi Trường Tiểu học Hùng Vương đường nào tránh được kẹt xe không ta,public_facility,school,Trường Tiểu học Hùng Vương,osm_poi_way_1547607875,Đà Nẵng,,,,,,route_question,route_question_casual_long_008,current+none+no_prefix+casual,current,none,casual,osm,04|public_facility|route_question|casual_long
b4d551f40043fa26,tới Khoa Giáo dục Quốc phòng và An ninh - Đại học Đà Nẵng ở thành phố Đà Nẵng sao đây,public_facility,university,Khoa Giáo dục Quốc phòng và An ninh - Đại học Đà Nẵng ở thành phố Đà Nẵng,osm_poi_way_1044449890,Đà Nẵng,,,,,,route_question,route_question_casual_short_003,current+none+no_prefix+casual,current,none,casual,osm,04|public_facility|route_question|casual_short
f5097760f80ddc51,xin hỏi đến Trường Trung học cơ sở Nguyễn Chí Thanh ở thành phố Đà Nẵng đi bằng đường nào ạ,public_facility,school,Trường Trung học cơ sở Nguyễn Chí Thanh ở thành phố Đà Nẵng,osm_poi_way_1076716234,Đà Nẵng,,,,,,route_question,route_question_formal_medium_005,current+none+no_prefix+formal,current,none,formal,osm,04|public_facility|route_question|formal_medium
97d370f34f5d122e,đi đến Trường Trung học cơ sở Ngô Thì Nhậm ở thành phố Đà Nẵng bằng đường nào,public_facility,school,Trường Trung học cơ sở Ngô Thì Nhậm ở thành phố Đà Nẵng,osm_poi_way_1325259072,Đà Nẵng,,,,,,route_question,route_question_neutral_medium_008,current+none+no_prefix+neutral,current,none,neutral,osm,04|public_facility|route_question|neutral_medium
ca15ebb8e4731af7,đường nào tới Trường Đại học Ngoại ngữ được không,public_facility,university,Trường Đại học Ngoại ngữ,osm_poi_way_488435095,Đà Nẵng,,,,,,route_question,route_question_neutral_short_010,current+none+no_prefix+neutral,current,none,neutral,osm,04|public_facility|route_question|neutral_short
26fad4177abef10b,"ờ kiếm giùm mình Trường Tiểu học Nguyễn Duy Trinh cái, không cần xa lắm đâu",public_facility,school,Trường Tiểu học Nguyễn Duy Trinh,osm_poi_way_1076716246,Đà Nẵng,,,,,,search,search_casual_long_004,current+none+no_prefix+casual,current,none,casual,osm,04|public_facility|search|casual_long
b239d86b45ba2bd5,kiếm Trường Tiểu học Ngô Quyền ở tỉnh Quảng Nam,public_facility,school,Trường Tiểu học Ngô Quyền ở tỉnh Quảng Nam,osm_poi_way_1329768444,Đà Nẵng,Quảng Nam,,,,,search,search_casual_short_002,legacy+none+no_prefix+casual,legacy,none,casual,osm,04|public_facility|search|casual_short
c2359584ff8c309a,xin tra giúp thông tin Đại học Duy Tân,public_facility,university,Đại học Duy Tân,osm_poi_way_1044435592,Đà Nẵng,,,,,,search,search_formal_medium_003,current+none+no_prefix+formal,current,none,formal,osm,04|public_facility|search|formal_medium
01e00acbf08f84aa,tìm hộ tôi vị trí Trường Trung học cơ sở Nguyễn Chí Thanh ở thành phố Đà Nẵng,public_facility,school,Trường Trung học cơ sở Nguyễn Chí Thanh ở thành phố Đà Nẵng,osm_poi_way_1076716234,Đà Nẵng,,,,,,search,search_neutral_medium_006,current+none+no_prefix+neutral,current,none,neutral,osm,04|public_facility|search|neutral_medium
3e4b57910dd4f274,tìm vị trí Trung tâm Lưu trữ lịch sử thành phố Đà Nẵng ở thành phố Đà Nẵng giúp tôi,public_facility,government_office,Trung tâm Lưu trữ lịch sử thành phố Đà Nẵng ở thành phố Đà Nẵng,osm_poi_way_1508001259,Đà Nẵng,,,,,,search,search_neutral_short_007,current+none+no_prefix+neutral,current,none,neutral,osm,04|public_facility|search|neutral_short
2048810ff3d4f728,"à thôi cứ Trường Trung học cơ sở Đặng Thai Mai đi, ghé đại vô đó với",public_facility,school,Trường Trung học cơ sở Đặng Thai Mai,osm_poi_way_1326052906,Đà Nẵng,,,,,,short_command,short_command_casual_long_010,current+none+no_prefix+casual,current,none,casual,osm,04|public_facility|short_command|casual_long
61174d5aada89a46,tấp vô Trung tâm Y tế quận Thanh Khê ở thành phố Đà Nẵng với,public_facility,hospital,Trung tâm Y tế quận Thanh Khê ở thành phố Đà Nẵng,osm_poi_way_1226646135,Đà Nẵng,,,,,,short_command,short_command_casual_short_006,current+none+no_prefix+casual,current,none,casual,osm,04|public_facility|short_command|casual_short
9b05bf64d3cb63c9,xin đưa xe đến Mẫu giáo Cẩm Nhung,public_facility,school,Mẫu giáo Cẩm Nhung,osm_poi_way_372196691,Đà Nẵng,,,,,,short_command,short_command_formal_medium_010,current+none+no_prefix+formal,current,none,formal,osm,04|public_facility|short_command|formal_medium
a2926397ca6b613e,cho tôi hỏi chạy thẳng đến Trường Đại học Đông Á được không,public_facility,university,Trường Đại học Đông Á,osm_poi_way_1047111454,Đà Nẵng,,,,,,short_command,short_command_neutral_medium_003,current+none+no_prefix+neutral,current,none,neutral,osm,04|public_facility|short_command|neutral_medium
934d79eae52344ac,đến Bệnh viện C Đà Nẵng giúp tôi,public_facility,hospital,Bệnh viện C Đà Nẵng,osm_poi_way_372433951,Đà Nẵng,,,,,,short_command,short_command_neutral_short_004,current+none+no_prefix+neutral,current,none,neutral,osm,04|public_facility|short_command|neutral_short
7d222de57a80ff84,à chỗ này với Đặng Thai Mai ở thành phố Đà Nẵng có gần nhau không ta,street,street,Đặng Thai Mai ở thành phố Đà Nẵng,osm_street_way_118566873,Đà Nẵng,,,,Đường Đặng Thai Mai,,contextual,contextual_casual_long_009,current+none+no_prefix+casual,current,none,casual,osm,04|street|contextual|casual_long
6ede08e5cfad28a6,gần Phạm Hồng Thái ở thành phố Đà Nẵng hông,street,street,Phạm Hồng Thái ở thành phố Đà Nẵng,osm_street_way_118573599,Đà Nẵng,,,,Đường Phạm Hồng Thái,,contextual,contextual_casual_short_001,current+none+no_prefix+casual,current,none,casual,osm,04|street|contextual|casual_short
8bde5936463bcacf,xin hỏi nơi này có gần phố Ngô Văn Sở ở thành phố Đà Nẵng không ạ,street,street,phố Ngô Văn Sở ở thành phố Đà Nẵng,osm_street_way_185746473,Đà Nẵng,,,,Ngô Văn Sở,,contextual,contextual_formal_medium_009,current+none+prefix+formal,current,none,formal,osm,04|street|contextual|formal_medium
f30fd75cf1363003,cho hỏi chỗ đó gần đường Đặng Minh Khiêm không,street,street,đường Đặng Minh Khiêm,osm_street_way_666117989,Đà Nẵng,,,,Đường Đặng Minh Khiêm,,contextual,contextual_neutral_medium_004,current+none+prefix+neutral,current,none,neutral,osm,04|street|contextual|neutral_medium
37d78dd6da5bada6,đường Đá Bàn tám ở gần không,street,street,đường Đá Bàn tám,osm_street_way_658201916,Đà Nẵng,,,,Đường Đá Bàn 8,,contextual,contextual_neutral_short_010,current+cardinal+prefix+neutral,current,cardinal,neutral,osm,04|street|contextual|neutral_short
6276d3df1b0f639c,"mình không rành đường ở đây, chỉ mình tới Phước Tường một với",street,street,Phước Tường một,osm_street_way_495396048,Đà Nẵng,,,,Đường Phước Tường 1,,conversational,conversational_casual_long_008,current+digit_by_digit+no_prefix+casual,current,digit_by_digit,casual,osm,04|street|conversational|casual_long
24cb356ef3d15d5b,biết đường hẻm sáu mươi tám kiệt sáu trăm ba mươi tư Trưng Nữ Vương ở thành phố Đà Nẵng không,street,street,hẻm sáu mươi tám kiệt sáu trăm ba mươi tư Trưng Nữ Vương ở thành phố Đà Nẵng,osm_street_way_676438222,Đà Nẵng,,,,Hẻm 68 Kiệt 634 Trưng Nữ Vương,,conversational,conversational_casual_short_002,current+cardinal+prefix+casual,current,cardinal,casual,osm,04|street|conversational|casual_short
79ee3edda5ee1a6d,tôi xin hỏi hướng đi đến đường Đông Kinh Nghĩa Thục xin cảm ơn,street,street,đường Đông Kinh Nghĩa Thục,osm_street_way_149699487,Đà Nẵng,,,,Đường Đông Kinh Nghĩa Thục,,conversational,conversational_formal_medium_009,current+none+prefix+formal,current,none,formal,osm,04|street|conversational|formal_medium
75ad5a8b9415158b,chỉ mình đường tới đường Nguyễn Thị Định với,street,street,đường Nguyễn Thị Định,osm_street_way_118614332,Đà Nẵng,,,,Đường Nguyễn Thị Định,,conversational,conversational_neutral_medium_005,current+none+prefix+neutral,current,none,neutral,osm,04|street|conversational|neutral_medium
73dfdadf51cfa148,hỏi lối tới đường Xuân Thiều hai mươi tư được không,street,street,đường Xuân Thiều hai mươi tư,osm_street_way_303633702,Đà Nẵng,,,,Đường Xuân Thiều 24,,conversational,conversational_neutral_short_006,current+cardinal+prefix+neutral,current,cardinal,neutral,osm,04|street|conversational|neutral_short
36194251734f00e5,"ơ tìm giúp mình đường tới kiệt hai trăm hai mươi chín Nguyễn Phước Nguyên ở thành phố Đà Nẵng cái, đang vội lắm đi",street,street,kiệt hai trăm hai mươi chín Nguyễn Phước Nguyên ở thành phố Đà Nẵng,osm_street_way_676217505,Đà Nẵng,,,,Kiệt 229 Nguyễn Phước Nguyên,,nav_command,nav_command_casual_long_004,current+cardinal+prefix+casual,current,cardinal,casual,osm,04|street|nav_command|casual_long
8a06b9d94c0986e9,dẫn tới phố Trương Minh Giảng đi,street,street,phố Trương Minh Giảng,osm_street_way_303600812,Đà Nẵng,,,,Trương Minh Giảng,,nav_command,nav_command_casual_short_005,current+none+prefix+casual,current,none,casual,osm,04|street|nav_command|casual_short
cbbb85a7dde2b951,qua Hải Hồ giúp mình,street,street,Hải Hồ,osm_street_way_118564769,Đà Nẵng,,,,Đường Hải Hồ,,nav_command,nav_command_casual_short_003,current+none+no_prefix+casual,current,none,casual,osm,04|street|nav_command|casual_short
8699790e2c870c4b,xin hướng dẫn đường đến kiệt một Thôn Thạch Nham Tây được không ạ,street,street,kiệt một Thôn Thạch Nham Tây,osm_street_way_895438617,Đà Nẵng,,,,Kiệt 1 Thôn Thạch Nham Tây,,nav_command,nav_command_formal_medium_006,current+mixed+prefix+formal,current,mixed,formal,osm,04|street|nav_command|formal_medium
1a93d4540f7b9433,cho tôi đường đi đến kiệt ba mươi tám Lê Hữu Trác,street,street,kiệt ba mươi tám Lê Hữu Trác,osm_street_way_118609232,Đà Nẵng,,,,Kiệt 38 Lê Hữu Trác,,nav_command,nav_command_neutral_medium_002,current+cardinal+prefix+neutral,current,cardinal,neutral,osm,04|street|nav_command|neutral_medium
5531ef0660593e3d,cho hỏi tìm giúp đường đến đường Trương Minh Giảng ở thành phố Đà Nẵng,street,street,đường Trương Minh Giảng ở thành phố Đà Nẵng,osm_street_way_303600812,Đà Nẵng,,,,Trương Minh Giảng,,nav_command,nav_command_neutral_medium_003,current+none+prefix+neutral,current,none,neutral,osm,04|street|nav_command|neutral_medium
aebdcb8b0c8bc94f,dẫn đường đến đường Kim Liên hai,street,street,đường Kim Liên hai,osm_street_way_583747726,Đà Nẵng,,,,Đường Kim Liên 2,,nav_command,nav_command_neutral_short_003,current+cardinal+prefix+neutral,current,cardinal,neutral,osm,04|street|nav_command|neutral_short
eaf2c9f358800d12,đưa đường đến đường Hoàng Thị Loan,street,street,đường Hoàng Thị Loan,osm_street_way_372310068,Đà Nẵng,,,,Đường Hoàng Thị Loan,,nav_command,nav_command_neutral_short_008,current+none+prefix+neutral,current,none,neutral,osm,04|street|nav_command|neutral_short
0e0a91bcea3ead9e,"à từ đây tới Hòa Liên bốn xa không, đi đường nào cho gần đi",street,street,Hòa Liên bốn,osm_street_way_630337544,Đà Nẵng,,,,Đường Hòa Liên 4,,route_question,route_question_casual_long_005,current+digit_by_digit+no_prefix+casual,current,digit_by_digit,casual,osm,04|street|route_question|casual_long
386fcb9144bbebb9,đến Nguyễn Phước Chu ở thành phố Đà Nẵng sao,street,street,Nguyễn Phước Chu ở thành phố Đà Nẵng,osm_street_way_398732365,Đà Nẵng,,,,Đường Nguyễn Phước Chu,,route_question,route_question_casual_short_007,current+none+no_prefix+casual,current,none,casual,osm,04|street|route_question|casual_short
3a127dc7d1f15dee,xin hỏi từ đây đến đường Bàu Nghè chín đi kiểu gì,street,street,đường Bàu Nghè chín,osm_street_way_583581379,Đà Nẵng,,,,Đường Bàu Nghè 9,,route_question,route_question_formal_medium_009,current+cardinal+prefix+formal,current,cardinal,formal,osm,04|street|route_question|formal_medium
dce90fd97a20040a,làm sao đến đường Đồng Trí năm nhanh nhất với,street,street,đường Đồng Trí năm,osm_street_way_319574406,Đà Nẵng,,,,Đường Đồng Trí 5,,route_question,route_question_neutral_medium_007,current+digit_by_digit+prefix+neutral,current,digit_by_digit,neutral,osm,04|street|route_question|neutral_medium
eff3339244e274b2,Phú Lộc mười bốn đi hướng nào vậy,street,street,Phú Lộc mười bốn,osm_street_way_350612825,Đà Nẵng,,,,Đường Phú Lộc 14,,route_question,route_question_neutral_short_006,current+cardinal+no_prefix+neutral,current,cardinal,neutral,osm,04|street|route_question|neutral_short
33405c6aa9d94196,"tìm giúp mình Nguyễn Đăng Tuyến đi, chỗ nào ngon ngon ấy với",street,street,Nguyễn Đăng Tuyến,osm_street_way_118618049,Đà Nẵng,,,,Đường Nguyễn Đăng Tuyến,,search,search_casual_long_010,current+none+no_prefix+casual,current,none,casual,osm,04|street|search|casual_long
b46c6e6be05d1290,kiếm giùm Lê Thành Phương ở thành phố Đà Nẵng cái nhé,street,street,Lê Thành Phương ở thành phố Đà Nẵng,osm_street_way_531683681,Đà Nẵng,,,,Đường Lê Thành Phương,,search,search_casual_short_007,current+none+no_prefix+casual,current,none,casual,osm,04|street|search|casual_short
4367f1df46e79b09,cho tôi hỏi một chút xin tra giúp thông tin đường Trương Quang Được ở thành phố Đà Nẵng,street,street,đường Trương Quang Được ở thành phố Đà Nẵng,osm_street_way_656742352,Đà Nẵng,,,,Đường Trương Quang Được,,search,search_formal_medium_003,current+none+prefix+formal,current,none,formal,osm,04|street|search|formal_medium
dab623e1fd4ea052,kiếm giúp tôi chỗ đường Bàu Năng chín,street,street,đường Bàu Năng chín,osm_street_way_693770932,Đà Nẵng,,,,Đường Bàu Năng 9,,search,search_neutral_medium_010,current+cardinal+prefix+neutral,current,cardinal,neutral,osm,04|street|search|neutral_medium
00650027bc27b323,tra cứu giúp tôi đường Chu Cẩm Phong,street,street,đường Chu Cẩm Phong,osm_street_way_343941230,Đà Nẵng,,,,Đường Chu Cẩm Phong,,search,search_neutral_medium_008,current+none+prefix+neutral,current,none,neutral,osm,04|street|search|neutral_medium
d22331e102af3803,kiếm chỗ Trung Nghĩa bảy được không,street,street,Trung Nghĩa bảy,osm_street_way_344748992,Đà Nẵng,,,,Đường Trung Nghĩa 7,,search,search_neutral_short_006,current+cardinal+no_prefix+neutral,current,cardinal,neutral,osm,04|street|search|neutral_short
e1df868c9218a258,tìm chỗ đường Đồng Cửa sáu ở thành phố Đà Nẵng,street,street,đường Đồng Cửa sáu ở thành phố Đà Nẵng,osm_street_way_630323502,Đà Nẵng,,,,Đường Đồng Cửa 6,,search,search_neutral_short_005,current+cardinal+prefix+neutral,current,cardinal,neutral,osm,04|street|search|neutral_short
94e3af828a689200,"thế thôi cứ Lê Thánh Tông đi, ghé đại vô đó được không",street,street,Lê Thánh Tông,osm_street_way_371747442,Đà Nẵng,,,,Đường Lê Thánh Tông,,short_command,short_command_casual_long_010,current+none+no_prefix+casual,current,none,casual,osm,04|street|short_command|casual_long
7e5cc3f06d607f6b,tới Nguyễn Thiện Kế đi,street,street,Nguyễn Thiện Kế,osm_street_way_118618096,Đà Nẵng,,,,Đường Nguyễn Thiện Kế,,short_command,short_command_casual_short_004,current+none+no_prefix+casual,current,none,casual,osm,04|street|short_command|casual_short
b7e52c62938e0aba,xin đưa tôi đến Huyền Quang xin cảm ơn,street,street,Huyền Quang,osm_street_way_149697827,Đà Nẵng,,,,Huyền Quang,,short_command,short_command_formal_medium_001,current+none+no_prefix+formal,current,none,formal,osm,04|street|short_command|formal_medium
f4e498a364be0670,cho tôi hỏi rẽ vào kiệt bốn trăm bảy mươi sáu Điện Biên Phủ với,street,street,kiệt bốn trăm bảy mươi sáu Điện Biên Phủ,osm_street_way_694332726,Đà Nẵng,,,,Kiệt 476 Điện Biên Phủ,,short_command,short_command_neutral_medium_004,current+cardinal+prefix+neutral,current,cardinal,neutral,osm,04|street|short_command|neutral_medium
36bfdbfa9b50fc47,rẽ Võ Văn kiệt,street,highway,Võ Văn kiệt,osm_street_way_118691119,Đà Nẵng,,,,Đường Võ Văn Kiệt,,short_command,short_command_neutral_short_009,current+none+no_prefix+neutral,current,none,neutral,osm,04|street|short_command|neutral_short
d6fa5c7fe806f24c,cho tôi hỏi ờ dẫn giúp đường tới Thanh Khê ở thành phố Đà Nẵng,transport,railway_station,Thanh Khê ở thành phố Đà Nẵng,osm_poi_node_6576321471,Đà Nẵng,,,,,,nav_command,nav_command_neutral_medium_006,current+none+no_prefix+neutral,current,none,neutral,osm,04|transport|nav_command|neutral_medium
edc85ff4d0610ce3,tìm đường đến Cho thuê xe du lịch CoCoVIP Limousine VIP Đà Nẵng,transport,bus_terminal,Cho thuê xe du lịch CoCoVIP Limousine VIP Đà Nẵng,osm_poi_node_11817790968,Đà Nẵng,,,,,,nav_command,nav_command_neutral_short_004,current+none+no_prefix+neutral,current,none,neutral,osm,04|transport|nav_command|neutral_short
cc8148a3318b5539,cho tôi hỏi kiếm hộ tôi Cảng Tiên Sa nhé,transport,ferry_terminal,Cảng Tiên Sa,osm_poi_node_1623183647,Đà Nẵng,,,,,,search,search_neutral_medium_005,current+none+no_prefix+neutral,current,none,neutral,osm,04|transport|search|neutral_medium
3289c38b3a69345a,tra giúp Bến xe buýt Sân bay,transport,bus_terminal,Bến xe buýt Sân bay,osm_poi_node_11886977630,Đà Nẵng,,,,,,search,search_neutral_short_004,current+none+no_prefix+neutral,current,none,neutral,osm,04|transport|search|neutral_short
b2e6d2a8283e03a6,chỗ này gần số một trăm ba mươi tám Cầu Chín Hậu hông,address,house_address,số một trăm ba mươi tám Cầu Chín Hậu,osm_street_way_1489810372,Cần Thơ,,,,Cầu Chín Hậu,138 Cầu Chín Hậu,contextual,contextual_casual_short_004,current+cardinal+no_prefix+casual,current,cardinal,casual,osm,05|address|contextual|casual_short
b9406a3af9bb2958,cho mình hỏi quanh đây có gần một trăm tám mươi tám Đông Thạnh - Hóa Thành I không,address,house_address,một trăm tám mươi tám Đông Thạnh - Hóa Thành I,osm_street_way_173269688,Cần Thơ,,,,Đông Thạnh - Hóa Thành I,188 Đông Thạnh - Hóa Thành I,contextual,contextual_neutral_medium_002,current+cardinal+no_prefix+neutral,current,cardinal,neutral,osm,05|address|contextual|neutral_medium
41d71cdd44703b7a,chỗ này gần số hai chín bốn xuyệt sáu bốn Lê Văn Nhung ở thành phố Cần Thơ không,address,house_address,số hai chín bốn xuyệt sáu bốn Lê Văn Nhung ở thành phố Cần Thơ,osm_street_way_169079670,Cần Thơ,,,,Lê Văn Nhung,294/64 Lê Văn Nhung,contextual,contextual_neutral_short_004,current+digit_by_digit+no_prefix+neutral,current,digit_by_digit,neutral,osm,05|address|contextual|neutral_short
462f509ca96a716d,"thế cho hỏi xíu, đường đi ba năm đường Sương Nguyệt Anh có xa không",address,house_address,ba năm đường Sương Nguyệt Anh,osm_street_way_841495910,Cần Thơ,,,,Sương Nguyệt Anh,35 Sương Nguyệt Anh,conversational,conversational_casual_long_005,current+digit_by_digit+prefix+casual,current,digit_by_digit,casual,osm,05|address|conversational|casual_long
25da82b849ba0d60,chỉ mình một chín một i đường Nguyễn Thị Đương ở thành phố Cần Thơ được không,address,house_address,một chín một i đường Nguyễn Thị Đương ở thành phố Cần Thơ,osm_street_way_827297276,Cần Thơ,,,,Nguyễn Thị Đương,191I Nguyễn Thị Đương,conversational,conversational_casual_short_007,current+mixed+prefix+casual,current,mixed,casual,osm,05|address|conversational|casual_short
ae5929d3ae896a0c,tôi đang cần chỉ đường tới số hai hai không đường quốc lộ năm mươi tư ca xê nờ Bình Minh,address,house_address,số hai hai không đường quốc lộ năm mươi tư ca xê nờ Bình Minh,osm_street_way_734940047,Cần Thơ,,,,Đường QL54-KCN Bình Minh,220 Đường QL54-KCN Bình Minh,conversational,conversational_formal_medium_010,current+mixed+prefix+formal,current,mixed,formal,osm,05|address|conversational|formal_medium
45c1332061e3caf1,tôi đang cần tìm đường đến hai trăm năm mươi sáu Dương Kỳ Hiệp ở thành phố Cần Thơ,address,house_address,hai trăm năm mươi sáu Dương Kỳ Hiệp ở thành phố Cần Thơ,osm_street_way_554925934,Cần Thơ,,,,Dương Kỳ Hiệp,256 Dương Kỳ Hiệp,conversational,conversational_neutral_medium_002,current+cardinal+no_prefix+neutral,current,cardinal,neutral,osm,05|address|conversational|neutral_medium
823bb17bebc4a85d,hỏi hướng đến số hai trăm hai mươi sáu phố Quản Trọng Linh ở thành phố Cần Thơ được không,address,house_address,số hai trăm hai mươi sáu phố Quản Trọng Linh ở thành phố Cần Thơ,osm_street_way_704274941,Cần Thơ,,,,Quản Trọng Linh,226 Quản Trọng Linh,conversational,conversational_neutral_short_010,current+cardinal+prefix+neutral,current,cardinal,neutral,osm,05|address|conversational|neutral_short
e30653ee278920b6,"ê kiếm giúp mình đường đến số tám mươi tư Lê Văn Dị ở thành phố Cần Thơ cái, gấp lắm rồi giúp mình",address,house_address,số tám mươi tư Lê Văn Dị ở thành phố Cần Thơ,osm_street_way_538704139,Cần Thơ,,,,Lê Văn Dị,84 Lê Văn Dị,nav_command,nav_command_casual_long_008,current+cardinal+no_prefix+casual,current,cardinal,casual,osm,05|address|nav_command|casual_long
d6ab4075e9637eca,chạy đến số một ba chín o đường dê mười bốn ở thành phố Cần Thơ giúp mình,address,house_address,số một ba chín o đường dê mười bốn ở thành phố Cần Thơ,osm_street_way_644748360,Cần Thơ,,,,Đường D14,139O Đường D14,nav_command,nav_command_casual_short_009,current+mixed+prefix+casual,current,mixed,casual,osm,05|address|nav_command|casual_short
3e7aa55d7cf2448a,cho tôi hỏi một chút xin hướng dẫn đường đến một trăm bốn mươi ba phố Cầu Rạch Võng ở tỉnh Hậu Giang cũ ạ,address,house_address,một trăm bốn mươi ba phố Cầu Rạch Võng ở tỉnh Hậu Giang cũ,osm_street_way_860911650,Cần Thơ,Hậu Giang,,,Cầu Rạch Võng,143 Cầu Rạch Võng,nav_command,nav_command_formal_medium_006,legacy+cardinal+prefix+formal,legacy,cardinal,formal,osm,05|address|nav_command|formal_medium
7a65d0a492af0350,cho tôi đường đi đến số một trăm mười một ca Nguyễn Văn A ở thành phố Cần Thơ,address,house_address,số một trăm mười một ca Nguyễn Văn A ở thành phố Cần Thơ,osm_street_way_225530437,Cần Thơ,,,,Nguyễn Văn A,111K Nguyễn Văn A,nav_command,nav_command_neutral_medium_002,current+cardinal+no_prefix+neutral,current,cardinal,neutral,osm,05|address|nav_command|neutral_medium
aeb728e5b0e30a70,chỉ đường tới số hai bảy bốn phố Võ Minh Thiết ở tỉnh Sóc Trăng cũ,address,house_address,số hai bảy bốn phố Võ Minh Thiết ở tỉnh Sóc Trăng cũ,osm_street_way_701656269,Cần Thơ,Sóc Trăng,,,Võ Minh Thiết,274 Võ Minh Thiết,nav_command,nav_command_neutral_short_002,legacy+digit_by_digit+prefix+neutral,legacy,digit_by_digit,neutral,osm,05|address|nav_command|neutral_short
134db3c7017012fd,từ đây qua số một xuyệt sáu một Tạ Thanh Sơn ở tỉnh Hậu Giang cũ đi lối nào cho lẹ vậy,address,house_address,số một xuyệt sáu một Tạ Thanh Sơn ở tỉnh Hậu Giang cũ,osm_street_way_784066005,Cần Thơ,Hậu Giang,,,Tạ Thanh Sơn,1/61 Tạ Thanh Sơn,route_question,route_question_casual_long_009,legacy+digit_by_digit+no_prefix+casual,legacy,digit_by_digit,casual,osm,05|address|route_question|casual_long
2c5b767e2bf7f516,đến số hai trăm lẻ tám Nguyễn Thị Phấn ở thành phố Cần Thơ sao,address,house_address,số hai trăm lẻ tám Nguyễn Thị Phấn ở thành phố Cần Thơ,osm_street_way_304388358,Cần Thơ,,,,Nguyễn Thị Phấn,208 Nguyễn Thị Phấn,route_question,route_question_casual_short_007,current+cardinal+no_prefix+casual,current,cardinal,casual,osm,05|address|route_question|casual_short
22bdd9cf2e8d1e26,xin phép hỏi xin hỏi từ đây tới năm mươi sáu xuyệt chín mươi lăm đường Lê Thánh Tông ở thành phố Cần Thơ đi lối nào ạ,address,house_address,năm mươi sáu xuyệt chín mươi lăm đường Lê Thánh Tông ở thành phố Cần Thơ,osm_street_way_31097237,Cần Thơ,,,,Lê Thánh Tông,56/95 Lê Thánh Tông,route_question,route_question_formal_medium_003,current+cardinal+prefix+formal,current,cardinal,formal,osm,05|address|route_question|formal_medium
0768ecd76b47d03a,đường nào gần nhất đến hai chín sáu xuyệt tám chín đường Cầu Kênh Tà Linh ở thành phố Cần Thơ,address,house_address,hai chín sáu xuyệt tám chín đường Cầu Kênh Tà Linh ở thành phố Cần Thơ,osm_street_way_837977598,Cần Thơ,,,,Cầu Kênh Tà Linh,296/89 Cầu Kênh Tà Linh,route_question,route_question_neutral_medium_004,current+digit_by_digit+prefix+neutral,current,digit_by_digit,neutral,osm,05|address|route_question|neutral_medium
d69900c1e9862af7,tới số hai trăm bốn mươi tám xuyệt năm mươi mốt Cầu Chùa Cũ ở thành phố Cần Thơ đường nào,address,house_address,số hai trăm bốn mươi tám xuyệt năm mươi mốt Cầu Chùa Cũ ở thành phố Cần Thơ,osm_street_way_852631270,Cần Thơ,,,,Cầu Chùa Cũ,248/51 Cầu Chùa Cũ,route_question,route_question_neutral_short_007,current+cardinal+no_prefix+neutral,current,cardinal,neutral,osm,05|address|route_question|neutral_short
f0b8b858ba96d88f,"tìm thử giúp mình một trăm năm mươi tư hẻm ba mươi tám ở thành phố Cần Thơ xem, gần đây có không",address,house_address,một trăm năm mươi tư hẻm ba mươi tám ở thành phố Cần Thơ,osm_street_way_119276469,Cần Thơ,,,,Hẻm 38,154 Hẻm 38,search,search_casual_long_005,current+cardinal+prefix+casual,current,cardinal,casual,osm,05|address|search|casual_long
6a9cd3b975f8eff5,tìm số hai trăm ba mươi chín xuyệt bảy mươi mốt phố Mai Văn Trương ở tỉnh Hậu Giang cũ đi,address,house_address,số hai trăm ba mươi chín xuyệt bảy mươi mốt phố Mai Văn Trương ở tỉnh Hậu Giang cũ,osm_street_way_497143224,Cần Thơ,Hậu Giang,,,Mai Văn Trương,239/71 Mai Văn Trương,search,search_casual_short_001,legacy+cardinal+prefix+casual,legacy,cardinal,casual,osm,05|address|search|casual_short
c6dc70eb1f43e2f8,nhờ tìm giúp vị trí số sáu mươi tư xuyệt sáu mươi tư hẻm một trăm năm mươi mốt đường Huỳnh Cương ở tỉnh Sóc Trăng cũ được không ạ,address,house_address,số sáu mươi tư xuyệt sáu mươi tư hẻm một trăm năm mươi mốt đường Huỳnh Cương ở tỉnh Sóc Trăng cũ,osm_street_way_442678097,Cần Thơ,Sóc Trăng,,,Hẻm 151 đường Huỳnh Cương,64/64 Hẻm 151 đường Huỳnh Cương,search,search_formal_medium_002,legacy+cardinal+prefix+formal,legacy,cardinal,formal,osm,05|address|search|formal_medium
13a33fd6a89a9594,tìm giúp tôi chỗ số một trăm tám mươi chín ca đường dê mười bốn ở thành phố Cần Thơ nhé,address,house_address,số một trăm tám mươi chín ca đường dê mười bốn ở thành phố Cần Thơ,osm_street_way_644748360,Cần Thơ,,,,Đường D14,189K Đường D14,search,search_neutral_medium_004,current+cardinal+prefix+neutral,current,cardinal,neutral,osm,05|address|search|neutral_medium
19e73eeec7f18468,kiếm giúp một trăm năm mươi tư phố Cầu Nhà Dài A ở tỉnh Sóc Trăng cũ được không,address,house_address,một trăm năm mươi tư phố Cầu Nhà Dài A ở tỉnh Sóc Trăng cũ,osm_street_way_840600737,Cần Thơ,Sóc Trăng,,,Cầu Nhà Dài A,154 Cầu Nhà Dài A,search,search_neutral_short_003,legacy+cardinal+prefix+neutral,legacy,cardinal,neutral,osm,05|address|search|neutral_short
e3ae0f9ae3b78763,vòng qua số một trăm lẻ chín đường Cầu Rạch Cái Da ở thành phố Cần Thơ được không,address,house_address,số một trăm lẻ chín đường Cầu Rạch Cái Da ở thành phố Cần Thơ,osm_street_way_954495964,Cần Thơ,,,,Cầu Rạch Cái Da,109 Cầu Rạch Cái Da,short_command,short_command_casual_short_005,current+cardinal+prefix+casual,current,cardinal,casual,osm,05|address|short_command|casual_short
03da8fcf85f76900,rẽ vào một tám năm đường Cầu Hải Vọng ở thành phố Cần Thơ,address,house_address,một tám năm đường Cầu Hải Vọng ở thành phố Cần Thơ,osm_street_way_1489481762,Cần Thơ,,,,Cầu Hải Vọng,185 Cầu Hải Vọng,short_command,short_command_neutral_medium_004,current+digit_by_digit+prefix+neutral,current,digit_by_digit,neutral,osm,05|address|short_command|neutral_medium
4656457336bf6a79,đi hai một không Bùi Thị Xuân ở tỉnh Sóc Trăng được không,address,house_address,hai một không Bùi Thị Xuân ở tỉnh Sóc Trăng,osm_street_way_89890564,Cần Thơ,Sóc Trăng,,,Bùi Thị Xuân,210 Bùi Thị Xuân,short_command,short_command_neutral_short_002,legacy+digit_by_digit+no_prefix+neutral,legacy,digit_by_digit,neutral,osm,05|address|short_command|neutral_short
cb649f54d49d664b,này thế chỗ mình đứng đây gần xã Hòa Tú không ta,admin_unit,ward,xã Hòa Tú,osm_ward_15665894,Cần Thơ,,,Hòa Tú,,,contextual,contextual_casual_long_005,current+none+prefix+casual,current,none,casual,manual,05|admin_unit|contextual|casual_long
251e85080999bb46,xã Tân Long kế bên không,admin_unit,ward,xã Tân Long,osm_ward_15585896,Cần Thơ,,,Tân Long,,,contextual,contextual_casual_short_008,current+none+prefix+casual,current,none,casual,manual,05|admin_unit|contextual|casual_short
4f8917dbebaeedfe,xin hỏi khu vực này gần xã Đông Hiệp không ạ,admin_unit,ward,xã Đông Hiệp,osm_ward_7148210,Cần Thơ,,,Đông Hiệp,,,contextual,contextual_formal_medium_005,current+none+prefix+formal,current,none,formal,manual,05|admin_unit|contextual|formal_medium
e9a037e3e4d0ec86,à đoạn này có gần Trần Đề không,admin_unit,ward,Trần Đề,osm_ward_9582191,Cần Thơ,,,Trần Đề,,,contextual,contextual_neutral_medium_007,current+none+no_prefix+neutral,current,none,neutral,manual,05|admin_unit|contextual|neutral_medium
5ce165a3fced2c2d,gần đây có xã Vĩnh Viễn không,admin_unit,ward,xã Vĩnh Viễn,osm_ward_14920078,Cần Thơ,,,Vĩnh Viễn,,,contextual,contextual_neutral_short_002,current+none+prefix+neutral,current,none,neutral,manual,05|admin_unit|contextual|neutral_short
d6262707cf69c7a5,"cho hỏi tí xíu, gần đây có đường nào tới xã Vị Thủy ở tỉnh Hậu Giang cũ không",admin_unit,ward,xã Vị Thủy ở tỉnh Hậu Giang cũ,osm_ward_14913491,Cần Thơ,Hậu Giang,,Vị Thủy,,,conversational,conversational_casual_long_009,legacy+none+prefix+casual,legacy,none,casual,manual,05|admin_unit|conversational|casual_long
4380e36a352604e3,đường xã Vĩnh Thuận Đông sao,admin_unit,ward,xã Vĩnh Thuận Đông,osm_ward_14920076,Cần Thơ,,,Vĩnh Thuận Đông,,,conversational,conversational_casual_short_005,current+none+prefix+casual,current,none,casual,manual,05|admin_unit|conversational|casual_short
c2944b5d4e0b9885,tôi xin hỏi hướng đi đến xã Mỹ Hương ở thành phố Cần Thơ xin cảm ơn,admin_unit,ward,xã Mỹ Hương ở thành phố Cần Thơ,osm_ward_15664505,Cần Thơ,,,Mỹ Hương,,,conversational,conversational_formal_medium_009,current+none+prefix+formal,current,none,formal,manual,05|admin_unit|conversational|formal_medium
1eb62b4168b7ac7f,tôi đang cần tìm đường đến Lai Hòa,admin_unit,ward,Lai Hòa,osm_ward_15587701,Cần Thơ,,,Lai Hòa,,,conversational,conversational_neutral_medium_002,current+none+no_prefix+neutral,current,none,neutral,manual,05|admin_unit|conversational|neutral_medium
29b9e8d40c37ccee,hỏi đường tới Lâm Tân,admin_unit,ward,Lâm Tân,osm_ward_15665327,Cần Thơ,,,Lâm Tân,,,conversational,conversational_neutral_short_002,current+none+no_prefix+neutral,current,none,neutral,manual,05|admin_unit|conversational|neutral_short
b45d5fb081161e42,"cho hỏi cái thế chỉ đường tới Khánh Hòa với, mình chạy xe máy thôi nha",admin_unit,ward,Khánh Hòa,osm_ward_15587608,Cần Thơ,,,Khánh Hòa,,,nav_command,nav_command_casual_long_005,current+none+no_prefix+casual,current,none,casual,manual,05|admin_unit|nav_command|casual_long
dd30cd1f8846a4c0,ghé Trần Đề,admin_unit,ward,Trần Đề,osm_ward_9582191,Cần Thơ,,,Trần Đề,,,nav_command,nav_command_casual_short_007,current+none+no_prefix+casual,current,none,casual,manual,05|admin_unit|nav_command|casual_short
6be52fafeb0fbb86,nhờ dẫn đường giúp tôi tới xã Vĩnh Tường xin cảm ơn,admin_unit,ward,xã Vĩnh Tường,osm_ward_14913483,Cần Thơ,,,Vĩnh Tường,,,nav_command,nav_command_formal_medium_007,current+none+prefix+formal,current,none,formal,manual,05|admin_unit|nav_command|formal_medium
979360b52a493f43,cho mình hỏi tìm giúp đường đến phường Phú Lợi được không,admin_unit,ward,phường Phú Lợi,osm_ward_10606838,Cần Thơ,,,Phú Lợi,,,nav_command,nav_command_neutral_medium_003,current+none+prefix+neutral,current,none,neutral,manual,05|admin_unit|nav_command|neutral_medium
7642b1ace27cbe66,chỉ hướng đến phường Vị Tân,admin_unit,ward,phường Vị Tân,osm_ward_14908444,Cần Thơ,,,Vị Tân,,,nav_command,nav_command_neutral_short_009,current+none+prefix+neutral,current,none,neutral,manual,05|admin_unit|nav_command|neutral_short
a09f95133f074fab,ơ đi xã Tân Phước Hưng kiểu gì cho lẹ vậy ta,admin_unit,ward,xã Tân Phước Hưng,osm_ward_13516729,Cần Thơ,,,Tân Phước Hưng,,,route_question,route_question_casual_long_004,current+none+prefix+casual,current,none,casual,manual,05|admin_unit|route_question|casual_long
574ed2f656a60c26,đến Sóc Trăng ở tỉnh Sóc Trăng sao,admin_unit,ward,Sóc Trăng ở tỉnh Sóc Trăng,osm_ward_10606842,Cần Thơ,Sóc Trăng,,Sóc Trăng,,,route_question,route_question_casual_short_007,legacy+none+no_prefix+casual,legacy,none,casual,manual,05|admin_unit|route_question|casual_short
187abc6a4450993e,xin phép hỏi xin hỏi từ chỗ này đến xã Vĩnh Viễn đi hướng nào,admin_unit,ward,xã Vĩnh Viễn,osm_ward_14920078,Cần Thơ,,,Vĩnh Viễn,,,route_question,route_question_formal_medium_006,current+none+prefix+formal,current,none,formal,manual,05|admin_unit|route_question|formal_medium
5024decae1afdb2a,từ đây tới xã Phong Điền đi kiểu gì nhỉ,admin_unit,ward,xã Phong Điền,osm_ward_13514903,Cần Thơ,,,Phong Điền,,,route_question,route_question_neutral_medium_002,current+none+prefix+neutral,current,none,neutral,manual,05|admin_unit|route_question|neutral_medium
9df1b76bd5b896b1,đi xã Thuận Hòa lối nào vậy,admin_unit,ward,xã Thuận Hòa,osm_ward_15661434,Cần Thơ,,,Thuận Hòa,,,route_question,route_question_neutral_short_005,current+none+prefix+neutral,current,none,neutral,manual,05|admin_unit|route_question|neutral_short
c55c589ab8c8e8c8,"tìm thử giúp mình Ninh Kiều xem, gần đây có không",admin_unit,ward,Ninh Kiều,osm_ward_13512464,Cần Thơ,,,Ninh Kiều,,,search,search_casual_long_005,current+none+no_prefix+casual,current,none,casual,manual,05|admin_unit|search|casual_long
0c1d1219b22e8ccf,kiếm giùm Trường Long Tây,admin_unit,ward,Trường Long Tây,osm_ward_14706494,Cần Thơ,,,Trường Long Tây,,,search,search_casual_short_007,current+none+no_prefix+casual,current,none,casual,manual,05|admin_unit|search|casual_short
846cf0d03c454d0f,xin tìm giúp thông tin về xã Cù Lao Dung xin cảm ơn,admin_unit,ward,xã Cù Lao Dung,osm_ward_15658217,Cần Thơ,,,Cù Lao Dung,,,search,search_formal_medium_009,current+none+prefix+formal,current,none,formal,manual,05|admin_unit|search|formal_medium
da1410baaa5cc429,tra cứu giúp tôi phường Phước Thới,admin_unit,ward,phường Phước Thới,osm_ward_13530999,Cần Thơ,,,Phước Thới,,,search,search_neutral_medium_008,current+none+prefix+neutral,current,none,neutral,manual,05|admin_unit|search|neutral_medium
7c918e13761cf36b,kiếm thử Thuận Hưng,admin_unit,ward,Thuận Hưng,osm_ward_13532748,Cần Thơ,,,Thuận Hưng,,,search,search_neutral_short_009,current+none+no_prefix+neutral,current,none,neutral,manual,05|admin_unit|search|neutral_short
4d8f19029d058eed,"ờ Phương Bình ở thành phố Cần Thơ đó mà, tấp vô đi cho rồi",admin_unit,ward,Phương Bình ở thành phố Cần Thơ,osm_ward_14706960,Cần Thơ,,,Phương Bình,,,short_command,short_command_casual_long_008,current+none+no_prefix+casual,current,none,casual,manual,05|admin_unit|short_command|casual_long
15463c56e2d4fb2d,chạy vô Tân Phước Hưng đi mà,admin_unit,ward,Tân Phước Hưng,osm_ward_13516729,Cần Thơ,,,Tân Phước Hưng,,,short_command,short_command_casual_short_008,current+none+no_prefix+casual,current,none,casual,manual,05|admin_unit|short_command|casual_short
d755a8e73690cb5b,xin đưa tôi đến phường Cái Răng giúp tôi với ạ,admin_unit,ward,phường Cái Răng,osm_ward_10136998,Cần Thơ,,,Cái Răng,,,short_command,short_command_formal_medium_001,current+none+prefix+formal,current,none,formal,manual,05|admin_unit|short_command|formal_medium
8e52d045073feb31,cho hỏi ờ dừng lại ở Cái Răng,admin_unit,ward,Cái Răng,osm_ward_10136998,Cần Thơ,,,Cái Răng,,,short_command,short_command_neutral_medium_005,current+none+no_prefix+neutral,current,none,neutral,manual,05|admin_unit|short_command|neutral_medium
ecd46014ad4c0044,tới xã Tân Hòa,admin_unit,ward,xã Tân Hòa,osm_ward_14706492,Cần Thơ,,,Tân Hòa,,,short_command,short_command_neutral_short_003,current+none+prefix+neutral,current,none,neutral,manual,05|admin_unit|short_command|neutral_short
896fc4001aeb4ced,"mình đang đứng ở đây, gần Tiệm cơm Thanh Sơn ở thành phố Cần Thơ không ta",commercial,restaurant,Tiệm cơm Thanh Sơn ở thành phố Cần Thơ,osm_poi_node_8822861628,Cần Thơ,,,,,,contextual,contextual_casual_long_008,current+none+no_prefix+casual,current,none,casual,osm,05|commercial|contextual|casual_long
eaf3aee1c2a0f7b0,gần NCB ở thành phố Cần Thơ hông,commercial,bank,NCB ở thành phố Cần Thơ,osm_poi_node_13229145041,Cần Thơ,,,,,,contextual,contextual_casual_short_001,current+none+no_prefix+casual,current,none,casual,osm,05|commercial|contextual|casual_short
e7c47b8dd815f599,cho tôi hỏi một chút xin hỏi ở đây có gần Tin Hoa Hotel không,commercial,hotel,Tin Hoa Hotel,osm_poi_way_562148122,Cần Thơ,,,,,,contextual,contextual_formal_medium_007,current+none+no_prefix+formal,current,none,formal,osm,05|commercial|contextual|formal_medium
2cbda51ff5f02326,từ đây đến VietinBank ở thành phố Cần Thơ có xa không,commercial,bank,VietinBank ở thành phố Cần Thơ,osm_poi_node_948325307,Cần Thơ,,,,,,contextual,contextual_neutral_medium_005,current+none+no_prefix+neutral,current,none,neutral,osm,05|commercial|contextual|neutral_medium
e21d75afa8084dd6,gần đây có VPBank ở thành phố Cần Thơ không,commercial,bank,VPBank ở thành phố Cần Thơ,osm_poi_node_5246556286,Cần Thơ,,,,,,contextual,contextual_neutral_short_002,current+none+no_prefix+neutral,current,none,neutral,osm,05|commercial|contextual|neutral_short
1423138e4cb2710e,"à mình không rành đường ở đây, chỉ mình tới Tin Hoa Hotel với",commercial,hotel,Tin Hoa Hotel,osm_poi_way_562148122,Cần Thơ,,,,,,conversational,conversational_casual_long_008,current+none+no_prefix+casual,current,none,casual,osm,05|commercial|conversational|casual_long
5a6d1acc69ac61db,đường tới Lion một sáu sao,commercial,hotel,Lion một sáu,osm_poi_node_13546611602,Cần Thơ,,,,,,conversational,conversational_casual_short_009,current+digit_by_digit+no_prefix+casual,current,digit_by_digit,casual,osm,05|commercial|conversational|casual_short
4bd12a5a6ec9e5c8,"tôi xin phép hỏi đường tới Nguyen Shack - Mekong, Can Tho ạ",commercial,hotel,"Nguyen Shack - Mekong, Can Tho",osm_poi_node_4256297193,Cần Thơ,,,,,,conversational,conversational_formal_medium_005,current+none+no_prefix+formal,current,none,formal,osm,05|commercial|conversational|formal_medium
b32174ff0f70c209,giúp tôi tìm đường đến Sheraton Cần Thơ với,commercial,hotel,Sheraton Cần Thơ,osm_poi_node_5257032716,Cần Thơ,,,,,,conversational,conversational_neutral_medium_009,current+none+no_prefix+neutral,current,none,neutral,osm,05|commercial|conversational|neutral_medium
81a8a3d2a8f7bf39,cho hỏi đường Cháo Gà Ta Phương Loan,commercial,restaurant,Cháo Gà Ta Phương Loan,osm_poi_node_13313497586,Cần Thơ,,,,,,conversational,conversational_neutral_short_007,current+none+no_prefix+neutral,current,none,neutral,osm,05|commercial|conversational|neutral_short
bf2474ff73c4c0a1,"chỉ mình đường đi Nhu Y ở thành phố Cần Thơ đi, mình mới chuyển tới đây",commercial,restaurant,Nhu Y ở thành phố Cần Thơ,osm_poi_node_3867252200,Cần Thơ,,,,,,nav_command,nav_command_casual_long_003,current+none+no_prefix+casual,current,none,casual,osm,05|commercial|nav_command|casual_long
8ef7132c7c42d589,tới Itada,commercial,restaurant,Itada,osm_poi_node_5237496552,Cần Thơ,,,,,,nav_command,nav_command_casual_short_002,current+none+no_prefix+casual,current,none,casual,osm,05|commercial|nav_command|casual_short
4299dd42655ef40c,mong được chỉ đường tới ACB ạ,commercial,bank,ACB,osm_poi_node_1780020730,Cần Thơ,,,,,,nav_command,nav_command_formal_medium_005,current+none+no_prefix+formal,current,none,formal,osm,05|commercial|nav_command|formal_medium
755e8d0e4d91bb90,cho tôi hỏi cho tôi đường đi đến Ngân hàng EXIBANK giúp tôi,commercial,bank,Ngân hàng EXIBANK,osm_poi_node_5177555814,Cần Thơ,,,,,,nav_command,nav_command_neutral_medium_002,current+none+no_prefix+neutral,current,none,neutral,osm,05|commercial|nav_command|neutral_medium
6c22f965f22eb39d,cho hỏi tìm giúp đường đến Bánh mì Chú Bảo ở thành phố Cần Thơ được không,commercial,restaurant,Bánh mì Chú Bảo ở thành phố Cần Thơ,osm_poi_node_11422214512,Cần Thơ,,,,,,nav_command,nav_command_neutral_medium_003,current+none+no_prefix+neutral,current,none,neutral,osm,05|commercial|nav_command|neutral_medium
546f52e6b850767a,chỉ lối đến Gia Bảo Tây Đô bốn ở thành phố Cần Thơ nhé,commercial,hotel,Gia Bảo Tây Đô bốn ở thành phố Cần Thơ,osm_poi_way_1466237270,Cần Thơ,,,,,,nav_command,nav_command_neutral_short_006,current+cardinal+no_prefix+neutral,current,cardinal,neutral,osm,05|commercial|nav_command|neutral_short
f0c05380b0762ed4,bật đường đến bánh cống Cô Út ở thành phố Cần Thơ,commercial,restaurant,bánh cống Cô Út ở thành phố Cần Thơ,osm_poi_node_5251645331,Cần Thơ,,,,,,nav_command,nav_command_neutral_short_010,current+none+no_prefix+neutral,current,none,neutral,osm,05|commercial|nav_command|neutral_short
6ac23bb4b4950e5e,"cho hỏi cái đường nào tới Kho xăng dầu Cái Răng nhanh nhất vậy, mình đang vội với",commercial,gas_station,Kho xăng dầu Cái Răng,osm_poi_node_1794141728,Cần Thơ,,,,,,route_question,route_question_casual_long_003,current+none+no_prefix+casual,current,none,casual,osm,05|commercial|route_question|casual_long
12cdc06afde6419c,Quán Sườn Barbecue ở thành phố Cần Thơ đi đâu vậy,commercial,restaurant,Quán Sườn Barbecue ở thành phố Cần Thơ,osm_poi_node_6546376715,Cần Thơ,,,,,,route_question,route_question_casual_short_005,current+none+no_prefix+casual,current,none,casual,osm,05|commercial|route_question|casual_short
f48be05244ecdffb,xin hỏi tuyến nào gần nhất tới La Cà ở thành phố Cần Thơ,commercial,restaurant,La Cà ở thành phố Cần Thơ,osm_poi_node_1924695711,Cần Thơ,,,,,,route_question,route_question_formal_medium_010,current+none+no_prefix+formal,current,none,formal,osm,05|commercial|route_question|formal_medium
fb1232633b872b22,à đến Đào Hoa Đảo đi lối nào,commercial,restaurant,Đào Hoa Đảo,osm_poi_node_5256925677,Cần Thơ,,,,,,route_question,route_question_neutral_medium_006,current+none+no_prefix+neutral,current,none,neutral,osm,05|commercial|route_question|neutral_medium
ad724211df87b141,đến Tiệm cơm Thanh Sơn ở thành phố Cần Thơ đi đường nào,commercial,restaurant,Tiệm cơm Thanh Sơn ở thành phố Cần Thơ,osm_poi_node_8822861628,Cần Thơ,,,,,,route_question,route_question_neutral_short_001,current+none+no_prefix+neutral,current,none,neutral,osm,05|commercial|route_question|neutral_short
c32febff3acd47c2,"ê ờ tìm hộ mình Lion năm với, chỗ nào đông đông tí cũng được được không",commercial,hotel,Lion năm,osm_poi_node_13546612501,Cần Thơ,,,,,,search,search_casual_long_003,current+cardinal+no_prefix+casual,current,cardinal,casual,osm,05|commercial|search|casual_long
46b6b4929737ca15,tìm giùm VDB giúp mình,commercial,bank,VDB,osm_poi_node_1043858731,Cần Thơ,,,,,,search,search_casual_short_008,current+none+no_prefix+casual,current,none,casual,osm,05|commercial|search|casual_short
766c2e44f5fd83f0,cho tôi hỏi một chút nhờ tìm giúp vị trí HD Bank,commercial,bank,HD Bank,osm_poi_node_1783189360,Cần Thơ,,,,,,search,search_formal_medium_002,current+none+no_prefix+formal,current,none,formal,osm,05|commercial|search|formal_medium
94793e6811691c6b,cho tôi hỏi kiếm giúp tôi thông tin HD Bank giúp tôi,commercial,bank,HD Bank,osm_poi_node_6285930784,Cần Thơ,,,,,,search,search_neutral_medium_002,current+none+no_prefix+neutral,current,none,neutral,osm,05|commercial|search|neutral_medium
77bf66c802489afd,tìm giúp tôi chỗ Lẩu Nướng năm mươi mốt,commercial,restaurant,Lẩu Nướng năm mươi mốt,osm_poi_way_543840816,Cần Thơ,,,,,,search,search_neutral_medium_004,current+mixed+no_prefix+neutral,current,mixed,neutral,osm,05|commercial|search|neutral_medium
f9ffe806ff20f38f,dò giúp Quán Ăn Bình Dân Lê Trang ở thành phố Cần Thơ,commercial,restaurant,Quán Ăn Bình Dân Lê Trang ở thành phố Cần Thơ,osm_poi_way_1433205930,Cần Thơ,,,,,,search,search_neutral_short_010,current+none+no_prefix+neutral,current,none,neutral,osm,05|commercial|search|neutral_short
f623f892e047862c,tìm giúp tôi Nhà hàng Thanh Vy ở tỉnh Hậu Giang với,commercial,restaurant,Nhà hàng Thanh Vy ở tỉnh Hậu Giang,osm_poi_node_1783218498,Cần Thơ,Hậu Giang,,,,,search,search_neutral_short_001,legacy+none+no_prefix+neutral,legacy,none,neutral,osm,05|commercial|search|neutral_short
18a139919b1db33a,"này Eximbank á, chạy tới đó luôn đi",commercial,bank,Eximbank,osm_poi_node_1792768140,Cần Thơ,,,,,,short_command,short_command_casual_long_004,current+none+no_prefix+casual,current,none,casual,osm,05|commercial|short_command|casual_long
3ecd7adc605b984a,tới VPBank đi,commercial,bank,VPBank,osm_poi_node_5246556286,Cần Thơ,,,,,,short_command,short_command_casual_short_004,current+none+no_prefix+casual,current,none,casual,osm,05|commercial|short_command|casual_short
2848d45282031461,xin đưa tôi đến HOYA Tea & Coffee Búng Xáng giúp tôi với ạ,commercial,restaurant,HOYA Tea & Coffee Búng Xáng,osm_poi_way_1207938521,Cần Thơ,,,,,,short_command,short_command_formal_medium_001,current+none+no_prefix+formal,current,none,formal,osm,05|commercial|short_command|formal_medium
cfe5a39ae3836dc8,đưa tôi tới Viva ở thành phố Cần Thơ,commercial,hotel,Viva ở thành phố Cần Thơ,osm_poi_node_2598517892,Cần Thơ,,,,,,short_command,short_command_neutral_medium_002,current+none+no_prefix+neutral,current,none,neutral,osm,05|commercial|short_command|neutral_medium
6b97f958723d62bd,đi Lan Anh,commercial,hotel,Lan Anh,osm_poi_node_4340533709,Cần Thơ,,,,,,short_command,short_command_neutral_short_002,current+none+no_prefix+neutral,current,none,neutral,osm,05|commercial|short_command|neutral_short
c6573afb93c05868,ở đây có gần Nhà Lồng ba ở thành phố Cần Thơ không,landmark,market,Nhà Lồng ba ở thành phố Cần Thơ,osm_poi_node_5253292065,Cần Thơ,,,,,,contextual,contextual_neutral_medium_009,current+cardinal+no_prefix+neutral,current,cardinal,neutral,osm,05|landmark|contextual|neutral_medium
b52d8f4f4421377c,Chợ Nhà Hát ở thành phố Cần Thơ gần đây không,landmark,market,Chợ Nhà Hát ở thành phố Cần Thơ,osm_poi_way_539952959,Cần Thơ,,,,,,contextual,contextual_neutral_short_003,current+none+no_prefix+neutral,current,none,neutral,osm,05|landmark|contextual|neutral_short
5e42f9dd79ff78db,hỏi đường Chợ nổi Cái Răng giúp mình,landmark,market,Chợ nổi Cái Răng,manual_05_cho_noi_cai_rang,Cần Thơ,,,,,,conversational,conversational_casual_short_001,current+none+no_prefix+casual,current,none,casual,manual,05|landmark|conversational|casual_short
f1066ad02ad7f6fd,tôi đang hỏi đường tới Chợ nhà lồng Cờ Đỏ ở thành phố Cần Thơ,landmark,market,Chợ nhà lồng Cờ Đỏ ở thành phố Cần Thơ,osm_poi_way_533736065,Cần Thơ,,,,,,conversational,conversational_neutral_medium_010,current+none+no_prefix+neutral,current,none,neutral,osm,05|landmark|conversational|neutral_medium
61b0e092eff8b7ec,hỏi đường đi Chợ Trần Việt Châu được không,landmark,market,Chợ Trần Việt Châu,osm_poi_node_5177435713,Cần Thơ,,,,,,conversational,conversational_neutral_short_004,current+none+no_prefix+neutral,current,none,neutral,osm,05|landmark|conversational|neutral_short
cb9bd503318aa7a1,"kiếm giúp mình đường đến An Thới ở tỉnh Hậu Giang cái, gấp lắm rồi",landmark,market,An Thới ở tỉnh Hậu Giang,osm_poi_way_442682076,Cần Thơ,Hậu Giang,,,,,nav_command,nav_command_casual_long_008,legacy+none+no_prefix+casual,legacy,none,casual,osm,05|landmark|nav_command|casual_long
7d533e23276e0dbb,vọt qua Bến Ninh Kiều ở thành phố Cần Thơ với,landmark,tourist_attraction,Bến Ninh Kiều ở thành phố Cần Thơ,manual_05_ben_ninh_kieu,Cần Thơ,,,,,,nav_command,nav_command_casual_short_010,current+none+no_prefix+casual,current,none,casual,manual,05|landmark|nav_command|casual_short
2b0eadd4a1d54327,xin cho tôi đường đi đến Chùa Doi ở thành phố Cần Thơ,landmark,monument,Chùa Doi ở thành phố Cần Thơ,osm_poi_node_6265868720,Cần Thơ,,,,,,nav_command,nav_command_formal_medium_004,current+none+no_prefix+formal,current,none,formal,osm,05|landmark|nav_command|formal_medium
c894e207fdd7ef24,tìm giúp đường đến Chợ An Hòa ở thành phố Cần Thơ,landmark,market,Chợ An Hòa ở thành phố Cần Thơ,osm_poi_node_1793968790,Cần Thơ,,,,,,nav_command,nav_command_neutral_medium_003,current+none+no_prefix+neutral,current,none,neutral,osm,05|landmark|nav_command|neutral_medium
587ae83c859c49fd,chỉ lối đến Cầu Lái Hiếu ở thành phố Cần Thơ,landmark,bridge,Cầu Lái Hiếu ở thành phố Cần Thơ,osm_poi_way_851997672,Cần Thơ,,,,,,nav_command,nav_command_neutral_short_006,current+none+no_prefix+neutral,current,none,neutral,osm,05|landmark|nav_command|neutral_short
6f4d7a3c73e34505,đến Chợ Cái Răng ở thành phố Cần Thơ sao,landmark,market,Chợ Cái Răng ở thành phố Cần Thơ,osm_poi_node_3108158476,Cần Thơ,,,,,,route_question,route_question_casual_short_007,current+none+no_prefix+casual,current,none,casual,osm,05|landmark|route_question|casual_short
5088580a033efb98,từ đây tới Bến Ninh Kiều đi kiểu gì vậy,landmark,tourist_attraction,Bến Ninh Kiều,manual_05_ben_ninh_kieu,Cần Thơ,,,,,,route_question,route_question_neutral_medium_002,current+none+no_prefix+neutral,current,none,neutral,manual,05|landmark|route_question|neutral_medium
9ecbb6903030f8f5,Floating Market đi hướng nào,landmark,market,Floating Market,osm_poi_node_3482839700,Cần Thơ,,,,,,route_question,route_question_neutral_short_006,current+none+no_prefix+neutral,current,none,neutral,osm,05|landmark|route_question|neutral_short
9a5437d25ad090a1,"thế kiếm hộ mình Bến Ninh Kiều ở thành phố Cần Thơ cái, tiện đường thì ghé qua nha",landmark,tourist_attraction,Bến Ninh Kiều ở thành phố Cần Thơ,manual_05_ben_ninh_kieu,Cần Thơ,,,,,,search,search_casual_long_009,current+none+no_prefix+casual,current,none,casual,manual,05|landmark|search|casual_long
ad71b1999f791339,tìm thử Chợ Nhà Hát giúp mình,landmark,market,Chợ Nhà Hát,osm_poi_way_539952959,Cần Thơ,,,,,,search,search_casual_short_006,current+none+no_prefix+casual,current,none,casual,osm,05|landmark|search|casual_short
884cba66c3c770bf,nhờ tra vị trí Bến Ninh Kiều ở thành phố Cần Thơ,landmark,tourist_attraction,Bến Ninh Kiều ở thành phố Cần Thơ,manual_05_ben_ninh_kieu,Cần Thơ,,,,,,search,search_formal_medium_006,current+none+no_prefix+formal,current,none,formal,manual,05|landmark|search|formal_medium
a688a4f0dae0747d,cho mình hỏi tra cứu giúp tôi Chợ Giáo Mẹo được không,landmark,market,Chợ Giáo Mẹo,osm_poi_way_1418962136,Cần Thơ,,,,,,search,search_neutral_medium_008,current+none+no_prefix+neutral,current,none,neutral,osm,05|landmark|search|neutral_medium
36e14668361511cf,tìm vị trí Chợ Trần Việt Châu giúp tôi,landmark,market,Chợ Trần Việt Châu,osm_poi_node_5177435713,Cần Thơ,,,,,,search,search_neutral_short_007,current+none+no_prefix+neutral,current,none,neutral,osm,05|landmark|search|neutral_short
b60219f5ad4fdaf6,dừng lại ở Floating market,landmark,market,Floating market,osm_poi_node_3867250436,Cần Thơ,,,,,,short_command,short_command_neutral_medium_005,current+none+no_prefix+neutral,current,none,neutral,osm,05|landmark|short_command|neutral_medium
829cf71af9364d87,đi Chợ Vĩnh Châu giúp tôi,landmark,market,Chợ Vĩnh Châu,osm_poi_way_680884806,Cần Thơ,,,,,,short_command,short_command_neutral_short_002,current+none+no_prefix+neutral,current,none,neutral,osm,05|landmark|short_command|neutral_short
fe305c9083d6d742,cho tôi hỏi ở đây có gần Chùa Xén Cón không,poi_other,worship_place,Chùa Xén Cón,osm_poi_way_667459352,Cần Thơ,,,,,,contextual,contextual_neutral_medium_009,current+none+no_prefix+neutral,current,none,neutral,osm,05|poi_other|contextual|neutral_medium
850d5d7101291143,Chùa Từ Huyền gần đây không,poi_other,worship_place,Chùa Từ Huyền,osm_poi_way_668649096,Cần Thơ,,,,,,contextual,contextual_neutral_short_003,current+none+no_prefix+neutral,current,none,neutral,osm,05|poi_other|contextual|neutral_short
8e5ba44897803449,hỏi đường Chùa Tịnh Quang giúp mình,poi_other,worship_place,Chùa Tịnh Quang,osm_poi_way_511368339,Cần Thơ,,,,,,conversational,conversational_casual_short_001,current+none+no_prefix+casual,current,none,casual,osm,05|poi_other|conversational|casual_short
c7d2952dc6aaede3,mình đang tìm đường đến Giáo xứ Lộ Đức - Tân Hiệp ở thành phố Cần Thơ với,poi_other,worship_place,Giáo xứ Lộ Đức - Tân Hiệp ở thành phố Cần Thơ,osm_poi_way_369781632,Cần Thơ,,,,,,conversational,conversational_neutral_medium_007,current+none+no_prefix+neutral,current,none,neutral,osm,05|poi_other|conversational|neutral_medium
2f0273c8b7bdddc0,hỏi đường tới Nhà thờ An Hội ở thành phố Cần Thơ được không,poi_other,worship_place,Nhà thờ An Hội ở thành phố Cần Thơ,osm_poi_node_1783273398,Cần Thơ,,,,,,conversational,conversational_neutral_short_002,current+none+no_prefix+neutral,current,none,neutral,osm,05|poi_other|conversational|neutral_short
3777824680035198,"chỉ đường đến Nhà thờ Giáo xứ Bình Minh ở thành phố Cần Thơ giúp mình cái, đường nào cũng được miễn tới nơi được không",poi_other,worship_place,Nhà thờ Giáo xứ Bình Minh ở thành phố Cần Thơ,osm_poi_way_659304522,Cần Thơ,,,,,,nav_command,nav_command_casual_long_001,current+none+no_prefix+casual,current,none,casual,osm,05|poi_other|nav_command|casual_long
2feee47ddcea627e,ghé Khu văn hóa Hồ nước ngọt ở thành phố Cần Thơ đi mà,poi_other,park,Khu văn hóa Hồ nước ngọt ở thành phố Cần Thơ,osm_poi_way_225364158,Cần Thơ,,,,,,nav_command,nav_command_casual_short_007,current+none+no_prefix+casual,current,none,casual,osm,05|poi_other|nav_command|casual_short
292cdb999fcb7b67,xin chỉ đường đến Công viên An Bình ở tỉnh Hậu Giang,poi_other,park,Công viên An Bình ở tỉnh Hậu Giang,osm_poi_way_1153689641,Cần Thơ,Hậu Giang,,,,,nav_command,nav_command_formal_medium_001,legacy+none+no_prefix+formal,legacy,none,formal,osm,05|poi_other|nav_command|formal_medium
55df224ce799e39b,tìm hộ đường đến Nhà Thờ Ngọc Chúc giúp tôi,poi_other,worship_place,Nhà Thờ Ngọc Chúc,osm_poi_node_5114065422,Cần Thơ,,,,,,nav_command,nav_command_neutral_medium_009,current+none+no_prefix+neutral,current,none,neutral,osm,05|poi_other|nav_command|neutral_medium
2b9f29e2b9f0cf3d,chỉ hướng đến Chùa Phước Thạnh được không,poi_other,worship_place,Chùa Phước Thạnh,osm_poi_node_1806798967,Cần Thơ,,,,,,nav_command,nav_command_neutral_short_009,current+none+no_prefix+neutral,current,none,neutral,osm,05|poi_other|nav_command|neutral_short
4d20552fddbfca97,lối nào tới Sân cỏ nhân tạo giúp mình,poi_other,stadium,Sân cỏ nhân tạo,osm_poi_way_225637799,Cần Thơ,,,,,,route_question,route_question_casual_short_006,current+none+no_prefix+casual,current,none,casual,osm,05|poi_other|route_question|casual_short
1baf186310effdbd,cho tôi hỏi à đi đến Công viên Nguyễn Trung Trực ở thành phố Cần Thơ bằng đường nào,poi_other,park,Công viên Nguyễn Trung Trực ở thành phố Cần Thơ,osm_poi_way_686288578,Cần Thơ,,,,,,route_question,route_question_neutral_medium_008,current+none+no_prefix+neutral,current,none,neutral,osm,05|poi_other|route_question|neutral_medium
78da64e6646a4b36,Pitu Khôsa Răngsây đi hướng nào,poi_other,worship_place,Pitu Khôsa Răngsây,osm_poi_way_1230653225,Cần Thơ,,,,,,route_question,route_question_neutral_short_006,current+none+no_prefix+neutral,current,none,neutral,osm,05|poi_other|route_question|neutral_short
041a81a6a578187a,"cho hỏi cái dò giúp mình Chùa Giác Linh cái, mình chưa biết chỗ nào cả cái nhé",poi_other,worship_place,Chùa Giác Linh,osm_poi_node_5211512592,Cần Thơ,,,,,,search,search_casual_long_006,current+none+no_prefix+casual,current,none,casual,osm,05|poi_other|search|casual_long
a441d1ed8e80d954,kiếm thử Nhà thờ tắc sậy nha,poi_other,worship_place,Nhà thờ tắc sậy,osm_poi_node_4278629792,Cần Thơ,,,,,,search,search_casual_short_005,current+none+no_prefix+casual,current,none,casual,osm,05|poi_other|search|casual_short
12437763e2af514d,mong được tìm giúp Nhà thờ Đại Hải ở thành phố Cần Thơ được không ạ,poi_other,worship_place,Nhà thờ Đại Hải ở thành phố Cần Thơ,osm_poi_way_170056506,Cần Thơ,,,,,,search,search_formal_medium_008,current+none+no_prefix+formal,current,none,formal,osm,05|poi_other|search|formal_medium
c5c87b2540c9e7ae,kiếm hộ tôi Công viên SVĐ ở thành phố Cần Thơ,poi_other,park,Công viên SVĐ ở thành phố Cần Thơ,osm_poi_way_539954305,Cần Thơ,,,,,,search,search_neutral_medium_005,current+none+no_prefix+neutral,current,none,neutral,osm,05|poi_other|search|neutral_medium
7e78861fe79a08a2,kiếm thử Quan Âm Tự,poi_other,worship_place,Quan Âm Tự,osm_poi_way_681362273,Cần Thơ,,,,,,search,search_neutral_short_009,current+none+no_prefix+neutral,current,none,neutral,osm,05|poi_other|search|neutral_short
c69e08b1a775772b,chạy vô Đài tưởng niệm Liệt sĩ được không,poi_other,park,Đài tưởng niệm Liệt sĩ,osm_poi_way_667222148,Cần Thơ,,,,,,short_command,short_command_casual_short_008,current+none+no_prefix+casual,current,none,casual,osm,05|poi_other|short_command|casual_short
672418388ea85b37,cho xe chạy đến Chùa Sê Rây Ta Mơn ở thành phố Cần Thơ với,poi_other,worship_place,Chùa Sê Rây Ta Mơn ở thành phố Cần Thơ,osm_poi_way_689325031,Cần Thơ,,,,,,short_command,short_command_neutral_medium_001,current+none+no_prefix+neutral,current,none,neutral,osm,05|poi_other|short_command|neutral_medium
12bec8f38922635c,vào Tổ Đình Quốc Tổ Lạc Hồng được không,poi_other,worship_place,Tổ Đình Quốc Tổ Lạc Hồng,osm_poi_way_667871348,Cần Thơ,,,,,,short_command,short_command_neutral_short_008,current+none+no_prefix+neutral,current,none,neutral,osm,05|poi_other|short_command|neutral_short
6f9727ad2d50bdf3,gần đây có Bệnh viện Đa khoa Hoàn Hảo Medic Cần Thơ hông,public_facility,hospital,Bệnh viện Đa khoa Hoàn Hảo Medic Cần Thơ,osm_poi_node_5245299001,Cần Thơ,,,,,,contextual,contextual_casual_short_003,current+none+no_prefix+casual,current,none,casual,osm,05|public_facility|contextual|casual_short
7bf78c7cefc05697,quanh đây có gần Trường Trung học phổ thông Hưng Thạnh ở thành phố Cần Thơ không,public_facility,school,Trường Trung học phổ thông Hưng Thạnh ở thành phố Cần Thơ,osm_poi_way_542682505,Cần Thơ,,,,,,contextual,contextual_neutral_medium_002,current+none+no_prefix+neutral,current,none,neutral,osm,05|public_facility|contextual|neutral_medium
c9e74ee43f5b3aee,Trường Trung học phổ thông Cây Dương gần đây không,public_facility,school,Trường Trung học phổ thông Cây Dương,osm_poi_way_226181241,Cần Thơ,,,,,,contextual,contextual_neutral_short_003,current+none+no_prefix+neutral,current,none,neutral,osm,05|public_facility|contextual|neutral_short
85c3b45ce13ec300,"cho hỏi cái thế mình đang cần gấp, ai biết đường đến Phòng khám đa khoa Hoàn hảo ở thành phố Cần Thơ chỉ mình với",public_facility,hospital,Phòng khám đa khoa Hoàn hảo ở thành phố Cần Thơ,osm_poi_node_5177699272,Cần Thơ,,,,,,conversational,conversational_casual_long_006,current+none+no_prefix+casual,current,none,casual,osm,05|public_facility|conversational|casual_long
b042aa7dd16f519c,biết lối Trường Trung học phổ thông Thạnh Đông không,public_facility,school,Trường Trung học phổ thông Thạnh Đông,osm_poi_way_686293515,Cần Thơ,,,,,,conversational,conversational_casual_short_010,current+none+no_prefix+casual,current,none,casual,osm,05|public_facility|conversational|casual_short
85ba9bf5c0e1377b,cho tôi hỏi một chút tôi cần hỏi đường đi Trung Tâm Giáo Dục Thường Xuyên Huyện Phong Điền ở thành phố Cần Thơ ạ,public_facility,school,Trung Tâm Giáo Dục Thường Xuyên Huyện Phong Điền ở thành phố Cần Thơ,osm_poi_way_1411771804,Cần Thơ,,,,,,conversational,conversational_formal_medium_007,current+none+no_prefix+formal,current,none,formal,osm,05|public_facility|conversational|formal_medium
19e421e93f124286,cho hỏi cho tôi xin đường đi Đại học Cần Thơ (khu Hoà An),public_facility,university,Đại học Cần Thơ (khu Hoà An),osm_poi_way_1178066974,Cần Thơ,,,,,,conversational,conversational_neutral_medium_008,current+none+no_prefix+neutral,current,none,neutral,osm,05|public_facility|conversational|neutral_medium
de7df4e40e51e478,hỏi đường về Trường Tiểu học Tham Đôn một giúp tôi,public_facility,school,Trường Tiểu học Tham Đôn một,osm_poi_way_667222061,Cần Thơ,,,,,,conversational,conversational_neutral_short_008,current+cardinal+no_prefix+neutral,current,cardinal,neutral,osm,05|public_facility|conversational|neutral_short
39ef17621e1a1fcc,"kiếm giúp mình đường đến Trường Trung cấp Bách Nghệ Cần Thơ - Cơ sở hai cái, gấp lắm rồi đi mà",public_facility,university,Trường Trung cấp Bách Nghệ Cần Thơ - Cơ sở hai,osm_poi_node_5261481055,Cần Thơ,,,,,,nav_command,nav_command_casual_long_008,current+cardinal+no_prefix+casual,current,cardinal,casual,osm,05|public_facility|nav_command|casual_long
da0dc10dde884546,đi Trường Trung học cơ sở Long Hòa hai,public_facility,school,Trường Trung học cơ sở Long Hòa hai,osm_poi_node_5265497801,Cần Thơ,,,,,,nav_command,nav_command_casual_short_001,current+cardinal+no_prefix+casual,current,cardinal,casual,osm,05|public_facility|nav_command|casual_short
9f8b67d3664ff4df,xin hướng dẫn đường đến Trường Trung cấp Giao thông vận tải,public_facility,university,Trường Trung cấp Giao thông vận tải,osm_poi_node_5177699277,Cần Thơ,,,,,,nav_command,nav_command_formal_medium_006,current+none+no_prefix+formal,current,none,formal,osm,05|public_facility|nav_command|formal_medium
f99456fb05148e38,này cho tôi đường đi đến Trạm Y tế với,public_facility,hospital,Trạm Y tế,osm_poi_node_1783227734,Cần Thơ,,,,,,nav_command,nav_command_neutral_medium_002,current+none+no_prefix+neutral,current,none,neutral,osm,05|public_facility|nav_command|neutral_medium
32112dedd7ef0005,chỉ hướng đến Tiểu học Ba Láng giúp tôi,public_facility,school,Tiểu học Ba Láng,osm_poi_node_1797818101,Cần Thơ,,,,,,nav_command,nav_command_neutral_short_009,current+none+no_prefix+neutral,current,none,neutral,osm,05|public_facility|nav_command|neutral_short
120fe4d49dbc5e3e,đi Trung tâm anh ngữ quốc tế HQ ở thành phố Cần Thơ kiểu gì cho lẹ vậy ta,public_facility,school,Trung tâm anh ngữ quốc tế HQ ở thành phố Cần Thơ,osm_poi_node_5261415332,Cần Thơ,,,,,,route_question,route_question_casual_long_004,current+none+no_prefix+casual,current,none,casual,osm,05|public_facility|route_question|casual_long
86fbbce4a67873fc,tới Trụ sở Tiếp công dân thành phố Cần Thơ ở thành phố Cần Thơ lối nào vậy,public_facility,government_office,Trụ sở Tiếp công dân thành phố Cần Thơ ở thành phố Cần Thơ,osm_poi_way_371839374,Cần Thơ,,,,,,route_question,route_question_casual_short_009,current+none+no_prefix+casual,current,none,casual,osm,05|public_facility|route_question|casual_short
4c821a546b79c2ac,cho tôi hỏi một chút xin hỏi từ chỗ này đến Trường Trung học phổ thông Thạnh Đông ở thành phố Cần Thơ đi hướng nào,public_facility,school,Trường Trung học phổ thông Thạnh Đông ở thành phố Cần Thơ,osm_poi_way_686293515,Cần Thơ,,,,,,route_question,route_question_formal_medium_006,current+none+no_prefix+formal,current,none,formal,osm,05|public_facility|route_question|formal_medium
6d364df1b73b1a02,này từ đây đến Bệnh viện Chuyên khoa Tâm thần Cà Mau bao xa,public_facility,hospital,Bệnh viện Chuyên khoa Tâm thần Cà Mau,osm_poi_way_1279650271,Cần Thơ,,,,,,route_question,route_question_neutral_medium_010,current+none+no_prefix+neutral,current,none,neutral,osm,05|public_facility|route_question|neutral_medium
35d070cc07061c15,đến Nhà thông tin ca vê ba ở tỉnh Sóc Trăng lối nào nhỉ,public_facility,government_office,Nhà thông tin ca vê ba ở tỉnh Sóc Trăng,osm_poi_node_5251201007,Cần Thơ,Sóc Trăng,,,,,route_question,route_question_neutral_short_008,legacy+cardinal+no_prefix+neutral,legacy,cardinal,neutral,osm,05|public_facility|route_question|neutral_short
4200a24f93ff3f49,"ờ tìm thử giúp mình Bệnh viện Tâm thần thành phố Cần Thơ xem, gần đây có không",public_facility,hospital,Bệnh viện Tâm thần thành phố Cần Thơ,osm_poi_way_1006632771,Cần Thơ,,,,,,search,search_casual_long_005,current+none+no_prefix+casual,current,none,casual,osm,05|public_facility|search|casual_long
9610e4b58aa98bdd,tìm giùm Trường Trung học cơ sở Hiệp Hưng,public_facility,school,Trường Trung học cơ sở Hiệp Hưng,osm_poi_way_852019576,Cần Thơ,,,,,,search,search_casual_short_008,current+none+no_prefix+casual,current,none,casual,osm,05|public_facility|search|casual_short
2ec9f44b3fce867f,cho tôi hỏi một chút xin tìm giúp thông tin về Trường Tiểu học Giai Xuân giúp tôi với ạ,public_facility,school,Trường Tiểu học Giai Xuân,osm_poi_node_5351083199,Cần Thơ,,,,,,search,search_formal_medium_009,current+none+no_prefix+formal,current,none,formal,osm,05|public_facility|search|formal_medium
31ab9beba984f5ef,kiếm giúp tôi chỗ Trường Trung học cơ sở Thới An Đông được không,public_facility,school,Trường Trung học cơ sở Thới An Đông,osm_poi_way_168090977,Cần Thơ,,,,,,search,search_neutral_medium_010,current+none+no_prefix+neutral,current,none,neutral,osm,05|public_facility|search|neutral_medium
c476f9342c3fd608,tìm giúp tôi Bảo hiểm xã hội Thành phố Cần Thơ ở thành phố Cần Thơ,public_facility,government_office,Bảo hiểm xã hội Thành phố Cần Thơ ở thành phố Cần Thơ,osm_poi_node_5177435708,Cần Thơ,,,,,,search,search_neutral_short_001,current+none+no_prefix+neutral,current,none,neutral,osm,05|public_facility|search|neutral_short
556702a9c7e004b8,"ờ chỗ kia kìa, Trường Tương Lai ở thành phố Cần Thơ đó, rẽ vô đi",public_facility,school,Trường Tương Lai ở thành phố Cần Thơ,osm_poi_way_542538603,Cần Thơ,,,,,,short_command,short_command_casual_long_005,current+none+no_prefix+casual,current,none,casual,osm,05|public_facility|short_command|casual_long
59c1dd32eb06c116,quẹo vào a ba,public_facility,school,a ba,osm_poi_way_166553794,Cần Thơ,,,,,,short_command,short_command_casual_short_007,current+cardinal+no_prefix+casual,current,cardinal,casual,osm,05|public_facility|short_command|casual_short
2f85c71c64dee06c,xin chạy thẳng tới Trường Đại học Bạc Liêu (cơ sở hai ở thành phố Cần Thơ ạ,public_facility,university,Trường Đại học Bạc Liêu (cơ sở hai ở thành phố Cần Thơ,osm_poi_way_225519375,Cần Thơ,,,,,,short_command,short_command_formal_medium_005,current+cardinal+no_prefix+formal,current,cardinal,formal,osm,05|public_facility|short_command|formal_medium
fedbc13ba16bf349,cho tôi xuống ở Bệnh viện Mắt - Răng Hàm Mặt Thành phố Cần Thơ,public_facility,hospital,Bệnh viện Mắt - Răng Hàm Mặt Thành phố Cần Thơ,osm_poi_way_1006632758,Cần Thơ,,,,,,short_command,short_command_neutral_medium_006,current+none+no_prefix+neutral,current,none,neutral,osm,05|public_facility|short_command|neutral_medium
acd3968acdecc352,tới Nhà quản lý trung tâm dự án Ô Môn - Xà No,public_facility,government_office,Nhà quản lý trung tâm dự án Ô Môn - Xà No,osm_poi_node_5532306521,Cần Thơ,,,,,,short_command,short_command_neutral_short_003,current+none+no_prefix+neutral,current,none,neutral,osm,05|public_facility|short_command|neutral_short
d40e86aaa11e580a,ờ xung quanh Văn Ngọc Chính ở thành phố Cần Thơ có quán cà phê nào không vậy,street,street,Văn Ngọc Chính ở thành phố Cần Thơ,osm_street_way_225386260,Cần Thơ,,,,Văn Ngọc Chính,,contextual,contextual_casual_long_010,current+none+no_prefix+casual,current,none,casual,osm,05|street|contextual|casual_long
c02be880a741835a,gần Cầu Đông Phước ở tỉnh Hậu Giang không ta,street,street,Cầu Đông Phước ở tỉnh Hậu Giang,osm_street_way_1490413402,Cần Thơ,Hậu Giang,,,Cầu Đông Phước,,contextual,contextual_casual_short_006,legacy+none+no_prefix+casual,legacy,none,casual,osm,05|street|contextual|casual_short
9623c64c0a78cfe8,xin phép hỏi xin hỏi chỗ đứng này gần đường Cầu Phú Mỹ hai ở tỉnh Sóc Trăng cũ không,street,highway,đường Cầu Phú Mỹ hai ở tỉnh Sóc Trăng cũ,osm_street_way_488804423,Cần Thơ,Sóc Trăng,,,Cầu Phú Mỹ 2,,contextual,contextual_formal_medium_010,legacy+cardinal+prefix+formal,legacy,cardinal,formal,osm,05|street|contextual|formal_medium
ff1b341f38c3ca54,gần đây có Cầu Chắc Đốt không,street,highway,Cầu Chắc Đốt,osm_street_way_1489799997,Cần Thơ,,,,Cầu Chắc Đốt,,contextual,contextual_neutral_medium_003,current+none+no_prefix+neutral,current,none,neutral,osm,05|street|contextual|neutral_medium
a26e1cc32268f29e,khu này gần phố Cầu Ba Ngàn ở thành phố Cần Thơ không,street,highway,phố Cầu Ba Ngàn ở thành phố Cần Thơ,osm_street_way_1125697839,Cần Thơ,,,,Cầu Ba Ngàn,,contextual,contextual_neutral_short_009,current+none+prefix+neutral,current,none,neutral,osm,05|street|contextual|neutral_short
dead47ec1b56061d,"à mình đang cần gấp, ai biết đường đến Cầu Ô Môn ở thành phố Cần Thơ chỉ mình với",street,highway,Cầu Ô Môn ở thành phố Cần Thơ,osm_street_way_149100179,Cần Thơ,,,,Cầu Ô Môn,,conversational,conversational_casual_long_006,current+none+no_prefix+casual,current,none,casual,osm,05|street|conversational|casual_long
156c8bd226c1fcc4,hỏi tí đường đường tỉnh chín trăm hai mươi hai xê đi mà,street,highway,đường tỉnh chín trăm hai mươi hai xê,osm_street_way_1306864018,Cần Thơ,,,,Đường tỉnh 922C,,conversational,conversational_casual_short_008,current+cardinal+prefix+casual,current,cardinal,casual,osm,05|street|conversational|casual_short
c35c32be66a26f1b,cho tôi hỏi một chút tôi muốn hỏi đường đến Cầu Sáu Tần ở thành phố Cần Thơ ạ,street,street,Cầu Sáu Tần ở thành phố Cần Thơ,osm_street_way_813979038,Cần Thơ,,,,Cầu Sáu Tần,,conversational,conversational_formal_medium_001,current+none+no_prefix+formal,current,none,formal,osm,05|street|conversational|formal_medium
085f08a6a5f94932,cho mình hỏi lối đến phố Lê Thị Hoa nhé,street,street,phố Lê Thị Hoa,osm_street_way_370144767,Cần Thơ,,,,Lê Thị Hoa,,conversational,conversational_neutral_medium_006,current+none+prefix+neutral,current,none,neutral,osm,05|street|conversational|neutral_medium
45a146736c3b8776,cho hỏi hướng phố Cầu Vàm Đình với,street,highway,phố Cầu Vàm Đình,osm_street_way_484342387,Cần Thơ,,,,Cầu Vàm Đình,,conversational,conversational_neutral_short_005,current+none+prefix+neutral,current,none,neutral,osm,05|street|conversational|neutral_short
cb6e1c921097bd38,"à dẫn mình đường tới phố Nguyễn Thái Bình với, đi từ từ thôi cũng được được không",street,street,phố Nguyễn Thái Bình,osm_street_way_556964513,Cần Thơ,,,,Nguyễn Thái Bình,,nav_command,nav_command_casual_long_010,current+none+prefix+casual,current,none,casual,osm,05|street|nav_command|casual_long
8ec28ef5a396f4a5,dẫn tới tỉnh chín trăm hai mươi lăm,street,highway,tỉnh chín trăm hai mươi lăm,osm_street_way_152952285,Cần Thơ,,,,Đường tỉnh 925,,nav_command,nav_command_casual_short_005,current+cardinal+no_prefix+casual,current,cardinal,casual,osm,05|street|nav_command|casual_short
7791c96b64fe2935,vọt qua hẻm ba mươi tám đường ba Tháng hai ở thành phố Cần Thơ đi,street,street,hẻm ba mươi tám đường ba Tháng hai ở thành phố Cần Thơ,osm_street_way_167957954,Cần Thơ,,,,Hẻm 38 Đường 3 Tháng 2,,nav_command,nav_command_casual_short_010,current+cardinal+prefix+casual,current,cardinal,casual,osm,05|street|nav_command|casual_short
a7d78e748a79ec6f,xin cho hỏi mong chỉ giúp tuyến đường đến đường Quản Lộ – Phụng Hiệp ở thành phố Cần Thơ được không ạ,street,highway,đường Quản Lộ – Phụng Hiệp ở thành phố Cần Thơ,osm_street_way_225216634,Cần Thơ,,,,Đường Quản Lộ – Phụng Hiệp,,nav_command,nav_command_formal_medium_009,current+none+prefix+formal,current,none,formal,osm,05|street|nav_command|formal_medium
3bd699ba29ad0553,mở giúp đường đi đến tỉnh chín trăm bảy mươi bảy,street,highway,tỉnh chín trăm bảy mươi bảy,osm_street_way_1124031339,Cần Thơ,,,,Đường tỉnh 977,,nav_command,nav_command_neutral_medium_008,current+cardinal+no_prefix+neutral,current,cardinal,neutral,osm,05|street|nav_command|neutral_medium
ffa8914d510f97f6,tìm hộ đường đến đường Số mười sáu với,street,street,đường Số mười sáu,osm_street_way_90080547,Cần Thơ,,,,Đường Số 16,,nav_command,nav_command_neutral_medium_009,current+mixed+prefix+neutral,current,mixed,neutral,osm,05|street|nav_command|neutral_medium
9a8c0f7b6defff9b,bật đường đến phố Cầu Cũ Tre giúp tôi,street,highway,phố Cầu Cũ Tre,osm_street_way_1522784231,Cần Thơ,,,,Cầu Cũ Tre,,nav_command,nav_command_neutral_short_010,current+none+prefix+neutral,current,none,neutral,osm,05|street|nav_command|neutral_short
24941b80cbbf53dc,tìm đường đến đường Cầu Hai Gấm nhé,street,street,đường Cầu Hai Gấm,osm_street_way_488217710,Cần Thơ,,,,Cầu Hai Gấm,,nav_command,nav_command_neutral_short_004,current+none+prefix+neutral,current,none,neutral,osm,05|street|nav_command|neutral_short
016c3bbe143b13de,"à mình đang ở đây, đi phố Lê Văn Tưởng kiểu gì nhanh nhất",street,street,phố Lê Văn Tưởng,osm_street_way_224220968,Cần Thơ,,,,Lê Văn Tưởng,,route_question,route_question_casual_long_010,current+none+prefix+casual,current,none,casual,osm,05|street|route_question|casual_long
84f1469e72de41cc,Cầu Xã Hưng Điền ở thành phố Cần Thơ đường nào nhỉ,street,highway,Cầu Xã Hưng Điền ở thành phố Cần Thơ,osm_street_way_304113573,Cần Thơ,,,,Cầu Xã Hưng Điền,,route_question,route_question_casual_short_008,current+none+no_prefix+casual,current,none,casual,osm,05|street|route_question|casual_short
06e93687242c1718,xin hỏi từ đây tới đường Số ba hai đi lối nào ạ,street,street,đường Số ba hai,osm_street_way_90080371,Cần Thơ,,,,Đường Số 32,,route_question,route_question_formal_medium_003,current+digit_by_digit+prefix+formal,current,digit_by_digit,formal,osm,05|street|route_question|formal_medium
6cdf44263dd7cb7e,muốn tới đường Cầu Ba Gió ở tỉnh Hậu Giang cũ thì đi đường nào nhỉ,street,highway,đường Cầu Ba Gió ở tỉnh Hậu Giang cũ,osm_street_way_823618553,Cần Thơ,Hậu Giang,,,Cầu Ba Gió,,route_question,route_question_neutral_medium_003,legacy+none+prefix+neutral,legacy,none,neutral,osm,05|street|route_question|neutral_medium
937861331badd102,đến hẻm một trăm mười lăm ở thành phố Cần Thơ đi đường nào,street,street,hẻm một trăm mười lăm ở thành phố Cần Thơ,osm_street_way_565586745,Cần Thơ,,,,Hẻm 115,,route_question,route_question_neutral_short_001,current+cardinal+prefix+neutral,current,cardinal,neutral,osm,05|street|route_question|neutral_short
df27a01648fdc693,"ờ tìm hộ mình Nguyễn Thị Thủ với, chỗ nào đông đông tí cũng được đi mà",street,street,Nguyễn Thị Thủ,osm_street_way_838359830,Cần Thơ,,,,Nguyễn Thị Thủ,,search,search_casual_long_003,current+none+no_prefix+casual,current,none,casual,osm,05|street|search|casual_long
4b7df617d937549d,tìm thử đường Cầu Kênh Thầy Ký nha,street,highway,đường Cầu Kênh Thầy Ký,osm_street_way_1490541361,Cần Thơ,,,,Cầu Kênh Thầy Ký,,search,search_casual_short_006,current+none+prefix+casual,current,none,casual,osm,05|street|search|casual_short
d6b516f0641c7536,xin tra giúp thông tin Phạm Hồng Thái ở thành phố Cần Thơ được không ạ,street,street,Phạm Hồng Thái ở thành phố Cần Thơ,osm_street_way_850360463,Cần Thơ,,,,Phạm Hồng Thái,,search,search_formal_medium_003,current+none+no_prefix+formal,current,none,formal,osm,05|street|search|formal_medium
a0e15ac1e8d44a2f,này dò giúp tôi vị trí phố Cống Hoàng Tấu ở thành phố Cần Thơ với,street,street,phố Cống Hoàng Tấu ở thành phố Cần Thơ,osm_street_way_485383926,Cần Thơ,,,,Cống Hoàng Tấu,,search,search_neutral_medium_007,current+none+prefix+neutral,current,none,neutral,osm,05|street|search|neutral_medium
72301a54fa9f360b,ờ tìm hộ tôi vị trí một tháng năm được không,street,street,một tháng năm,osm_street_way_126794934,Cần Thơ,,,,1 tháng 5,,search,search_neutral_medium_006,current+cardinal+no_prefix+neutral,current,cardinal,neutral,osm,05|street|search|neutral_medium
21099bf58009e3a3,kiếm chỗ Cầu xê một với,street,highway,Cầu xê một,osm_street_way_837169100,Cần Thơ,,,,Cầu C1,,search,search_neutral_short_006,current+cardinal+no_prefix+neutral,current,cardinal,neutral,osm,05|street|search|neutral_short
f5f35b5810fdb7bb,kiếm giúp phố Đào Thị Thanh ở thành phố Cần Thơ,street,street,phố Đào Thị Thanh ở thành phố Cần Thơ,osm_street_way_848098792,Cần Thơ,,,,Đào Thị Thanh,,search,search_neutral_short_003,current+none+prefix+neutral,current,none,neutral,osm,05|street|search|neutral_short
85ae84ba138be366,"ơ ờ số ba mươi sáu ở thành phố Cần Thơ đó, chạy thẳng tới luôn nha",street,street,số ba mươi sáu ở thành phố Cần Thơ,osm_street_way_224336452,Cần Thơ,,,,Đường số 36,,short_command,short_command_casual_long_007,current+cardinal+no_prefix+casual,current,cardinal,casual,osm,05|street|short_command|casual_long
2dc24aa17c76c085,lượn qua Cầu Ông Long,street,street,Cầu Ông Long,osm_street_way_825978283,Cần Thơ,,,,Cầu Ông Long,,short_command,short_command_casual_short_009,current+none+no_prefix+casual,current,none,casual,osm,05|street|short_command|casual_short
adfb321b172b3e69,xin cho xe chạy đến phố Dương Thị Sáu ạ,street,street,phố Dương Thị Sáu,osm_street_way_225518572,Cần Thơ,,,,Dương Thị Sáu,,short_command,short_command_formal_medium_002,current+none+prefix+formal,current,none,formal,osm,05|street|short_command|formal_medium
b60c22b65a7ab428,cho xe rẽ vào huyện Thới Lai - Tân Thạnh ở thành phố Cần Thơ nhé,street,street,huyện Thới Lai - Tân Thạnh ở thành phố Cần Thơ,osm_street_way_798516628,Cần Thơ,,,,Đường huyện Thới Lai - Tân Thạnh,,short_command,short_command_neutral_medium_010,current+none+no_prefix+neutral,current,none,neutral,osm,05|street|short_command|neutral_medium
5f0b87f48e229636,vào đường mười chín Tháng năm ở thành phố Cần Thơ,street,highway,đường mười chín Tháng năm ở thành phố Cần Thơ,osm_street_way_851374995,Cần Thơ,,,,Đường 19 Tháng 5,,short_command,short_command_neutral_short_008,current+cardinal+prefix+neutral,current,cardinal,neutral,osm,05|street|short_command|neutral_short
4dacf7e96857af68,cho mình hỏi chỉ giúp tôi đường đến Bến Phà Bình Minh với,transport,ferry_terminal,Bến Phà Bình Minh,osm_poi_node_13123765963,Cần Thơ,,,,,,nav_command,nav_command_neutral_medium_001,current+none+no_prefix+neutral,current,none,neutral,osm,05|transport|nav_command|neutral_medium
bdaad9906bb55866,chỉ đường tới Bến đò Kênh bốn với,transport,ferry_terminal,Bến đò Kênh bốn,osm_poi_node_6432646625,Cần Thơ,,,,,,nav_command,nav_command_neutral_short_002,current+cardinal+no_prefix+neutral,current,cardinal,neutral,osm,05|transport|nav_command|neutral_short
60e8d393d668af20,tìm giúp tôi vị trí mười ba Cách Mạng Tháng tám ở thành phố Cần Thơ được không,transport,bus_terminal,mười ba Cách Mạng Tháng tám ở thành phố Cần Thơ,osm_poi_node_5558470025,Cần Thơ,,,,,,search,search_neutral_medium_001,current+mixed+no_prefix+neutral,current,mixed,neutral,osm,05|transport|search|neutral_medium
430990fbb145d8e1,kiếm chỗ Sân bay quốc tế Cần Thơ,transport,airport,Sân bay quốc tế Cần Thơ,osm_poi_way_169186384,Cần Thơ,,,,,,search,search_neutral_short_006,current+none+no_prefix+neutral,current,none,neutral,osm,05|transport|search|neutral_short
eb2e0b9c0c9c7baf,gần một trăm tám mươi mốt phố Nguyễn Văn Linh ở thành phố Huế lắm không,address,house_address,một trăm tám mươi mốt phố Nguyễn Văn Linh ở thành phố Huế,osm_street_way_626387149,Huế,,,,Nguyễn Văn Linh,181 Nguyễn Văn Linh,contextual,contextual_casual_short_009,current+cardinal+prefix+casual,current,cardinal,casual,osm,06|address|contextual|casual_short
4f6708b1f21aad58,chỗ đó gần số hai trăm năm mươi lăm đường Bao Mỹ mười một không,address,house_address,số hai trăm năm mươi lăm đường Bao Mỹ mười một,osm_street_way_1064327845,Huế,,,,Bao Mỹ 11,255 Bao Mỹ 11,contextual,contextual_neutral_medium_004,current+cardinal+prefix+neutral,current,cardinal,neutral,osm,06|address|contextual|neutral_medium
29d2b8c082c766b0,quanh đây gần số hai trăm mười ba xuyệt sáu mươi lăm đường Nguyễn Văn Thương ở thành phố Huế không,address,house_address,số hai trăm mười ba xuyệt sáu mươi lăm đường Nguyễn Văn Thương ở thành phố Huế,osm_street_way_626397771,Huế,,,,Đường Nguyễn Văn Thương,213/65 Đường Nguyễn Văn Thương,contextual,contextual_neutral_short_006,current+cardinal+prefix+neutral,current,cardinal,neutral,osm,06|address|contextual|neutral_short
a8e43e4198c67a4f,"cho hỏi cái mình đang lạc đường, có ai biết đường tới một không bốn đường Quỳnh Trên ở thành phố Huế không",address,house_address,một không bốn đường Quỳnh Trên ở thành phố Huế,osm_street_way_1232814637,Huế,,,,Đường Quỳnh Trên,104 Đường Quỳnh Trên,conversational,conversational_casual_long_002,current+digit_by_digit+prefix+casual,current,digit_by_digit,casual,osm,06|address|conversational|casual_long
ecd6b369fe1a6c00,hỏi lối số hai trăm chín mươi chín đường Thanh Lương được không,address,house_address,số hai trăm chín mươi chín đường Thanh Lương,osm_street_way_816473579,Huế,,,,Đường Thanh Lương,299 Đường Thanh Lương,conversational,conversational_casual_short_004,current+cardinal+prefix+casual,current,cardinal,casual,osm,06|address|conversational|casual_short
e7d1d7dab8044ef6,làm ơn cho hỏi tôi xin hỏi hướng đi đến số hai bảy tám đường Thuận Hóa ở thành phố Huế được không ạ,address,house_address,số hai bảy tám đường Thuận Hóa ở thành phố Huế,osm_street_way_895426771,Huế,,,,Đường Thuận Hóa,278 Đường Thuận Hóa,conversational,conversational_formal_medium_009,current+mixed+prefix+formal,current,mixed,formal,osm,06|address|conversational|formal_medium
09860ab0083c3ff7,tôi đang hỏi đường tới số một trăm tám mươi chín đường Bao Mỹ mười bảy ở thành phố Huế nhé,address,house_address,số một trăm tám mươi chín đường Bao Mỹ mười bảy ở thành phố Huế,osm_street_way_1064327847,Huế,,,,Bao Mỹ 17,189 Bao Mỹ 17,conversational,conversational_neutral_medium_010,current+cardinal+prefix+neutral,current,cardinal,neutral,osm,06|address|conversational|neutral_medium
3eeab14a452492fd,hỏi hướng đến số năm mươi mốt đường Trần Tất Văn,address,house_address,số năm mươi mốt đường Trần Tất Văn,osm_street_way_175864186,Huế,,,,Trần Tất Văn,51 Trần Tất Văn,conversational,conversational_neutral_short_010,current+cardinal+prefix+neutral,current,cardinal,neutral,osm,06|address|conversational|neutral_short
ccd018d240d650b2,"chỉ mình đường đi một trăm ba mươi tư đường Chầm ở thành phố Huế đi, mình mới chuyển tới đây nha",address,house_address,một trăm ba mươi tư đường Chầm ở thành phố Huế,osm_street_way_656517683,Huế,,,,Đường Chầm,134 Đường Chầm,nav_command,nav_command_casual_long_003,current+cardinal+prefix+casual,current,cardinal,casual,osm,06|address|nav_command|casual_long
166cc43ef846bc79,đi một không chín ích Phượng Tím được không,address,house_address,một không chín ích Phượng Tím,osm_street_way_1030412905,Huế,,,,Đường Phượng Tím,109X Đường Phượng Tím,nav_command,nav_command_casual_short_001,current+mixed+no_prefix+casual,current,mixed,casual,osm,06|address|nav_command|casual_short
c3e3d513d74bdaeb,mong chỉ giúp tuyến đường đến hai trăm năm mươi chín phố Nguyễn Đức Tâm ở thành phố Huế ạ,address,house_address,hai trăm năm mươi chín phố Nguyễn Đức Tâm ở thành phố Huế,osm_street_way_585457819,Huế,,,,Nguyễn Đức Tâm,259 Nguyễn Đức Tâm,nav_command,nav_command_formal_medium_009,current+cardinal+prefix+formal,current,cardinal,formal,osm,06|address|nav_command|formal_medium
3ee660e1de5532b8,mở giúp đường đi đến bảy mươi lăm Quốc lộ bốn mươi chín bê nhé,address,house_address,bảy mươi lăm Quốc lộ bốn mươi chín bê,osm_street_way_148723787,Huế,,,,Quốc lộ 49B,75 Quốc lộ 49B,nav_command,nav_command_neutral_medium_008,current+cardinal+no_prefix+neutral,current,cardinal,neutral,osm,06|address|nav_command|neutral_medium
ebf573b29b363483,đưa đường đến hai bốn bảy dẫn hầm Phú Gia ở thành phố Huế,address,house_address,hai bốn bảy dẫn hầm Phú Gia ở thành phố Huế,osm_street_way_427213695,Huế,,,,Đường dẫn hầm Phú Gia,247 Đường dẫn hầm Phú Gia,nav_command,nav_command_neutral_short_008,current+digit_by_digit+no_prefix+neutral,current,digit_by_digit,neutral,osm,06|address|nav_command|neutral_short
e86d5d960479f1a3,đi hai trăm tám mươi lăm xuyệt ba mươi sáu vê Đạm Phương ở thành phố Huế kiểu gì cho lẹ vậy ta,address,house_address,hai trăm tám mươi lăm xuyệt ba mươi sáu vê Đạm Phương ở thành phố Huế,osm_street_way_39417612,Huế,,,,Đạm Phương,285/36V Đạm Phương,route_question,route_question_casual_long_004,current+cardinal+no_prefix+casual,current,cardinal,casual,osm,06|address|route_question|casual_long
8651eb626b127a4e,tới một năm năm xuyệt một một kiệt bảy bảy Trần Hoàn ở cố đô sao đây,address,house_address,một năm năm xuyệt một một kiệt bảy bảy Trần Hoàn ở cố đô,osm_street_way_674792916,Huế,,,,Kiệt 77 Trần Hoàn,155/11 Kiệt 77 Trần Hoàn,route_question,route_question_casual_short_003,spoken_alias+digit_by_digit+prefix+casual,spoken_alias,digit_by_digit,casual,osm,06|address|route_question|casual_short
5dd4b96023cd1883,xin hỏi từ đây đến hai trăm năm mươi lăm kiệt năm Quảng Tế đi thế nào ạ,address,house_address,hai trăm năm mươi lăm kiệt năm Quảng Tế,osm_street_way_631871448,Huế,,,,Kiệt 5 Quảng Tế,255 Kiệt 5 Quảng Tế,route_question,route_question_formal_medium_001,current+cardinal+prefix+formal,current,cardinal,formal,osm,06|address|route_question|formal_medium
e7b4a18a2d961bed,từ đây đến hai trăm đường Ngô Thì Sĩ ở thành phố Huế đi thế nào vậy,address,house_address,hai trăm đường Ngô Thì Sĩ ở thành phố Huế,osm_street_way_626397823,Huế,,,,Đường Ngô Thì Sĩ,200 Đường Ngô Thì Sĩ,route_question,route_question_neutral_medium_001,current+cardinal+prefix+neutral,current,cardinal,neutral,osm,06|address|route_question|neutral_medium
049c17f95ae21bff,đến số hai chín tám xuyệt hai mươi bảy phố Cầu Vĩnh Lợi ở thành phố Huế đi đường nào nhỉ,address,house_address,số hai chín tám xuyệt hai mươi bảy phố Cầu Vĩnh Lợi ở thành phố Huế,osm_street_way_39413489,Huế,,,,Cầu Vĩnh Lợi,298/27 Cầu Vĩnh Lợi,route_question,route_question_neutral_short_001,current+mixed+prefix+neutral,current,mixed,neutral,osm,06|address|route_question|neutral_short
7a80aa6efd305389,này thế kiếm giúp mình quán cà phê nào gần bảy mươi tám đường Hải Triều ở thành phố Huế nhất,address,house_address,bảy mươi tám đường Hải Triều ở thành phố Huế,osm_street_way_35926898,Huế,,,,Đường Hải Triều,78 Đường Hải Triều,search,search_casual_long_007,current+cardinal+prefix+casual,current,cardinal,casual,osm,06|address|search|casual_long
2190440a11673dd4,kiếm số một trăm bốn mươi sáu dê sáu đi,address,house_address,số một trăm bốn mươi sáu dê sáu,osm_street_way_831060048,Huế,,,,Đường D6,146 Đường D6,search,search_casual_short_002,current+cardinal+no_prefix+casual,current,cardinal,casual,osm,06|address|search|casual_short
14c473b19619a320,làm ơn cho hỏi xin tìm giúp hai trăm hai mươi sáu đường Đồng Lớn sáu ở thành phố Huế,address,house_address,hai trăm hai mươi sáu đường Đồng Lớn sáu ở thành phố Huế,osm_street_way_630333676,Huế,,,,Đường Đồng Lớn 6,226 Đường Đồng Lớn 6,search,search_formal_medium_001,current+cardinal+prefix+formal,current,cardinal,formal,osm,06|address|search|formal_medium
7f3aa13e0df50567,tìm giúp tôi thông tin về số bốn gờ đường Phan Trần Chúc ở thành phố Huế,address,house_address,số bốn gờ đường Phan Trần Chúc ở thành phố Huế,osm_street_way_674792880,Huế,,,,Đường Phan Trần Chúc,4G Đường Phan Trần Chúc,search,search_neutral_medium_009,current+cardinal+prefix+neutral,current,cardinal,neutral,osm,06|address|search|neutral_medium
ea068613cd60db86,kiếm giúp một trăm mười tám đường Bãi Sậy năm ở thành phố Huế,address,house_address,một trăm mười tám đường Bãi Sậy năm ở thành phố Huế,osm_street_way_1064327833,Huế,,,,Bãi Sậy 5,118 Bãi Sậy 5,search,search_neutral_short_003,current+cardinal+prefix+neutral,current,cardinal,neutral,osm,06|address|search|neutral_short
7fba6b1220313411,táp vào số chín phố Cầu Cu Đê ở thành phố Huế được không,address,house_address,số chín phố Cầu Cu Đê ở thành phố Huế,osm_street_way_1311832578,Huế,,,,Cầu Cu Đê,9 Cầu Cu Đê,short_command,short_command_casual_short_010,current+cardinal+prefix+casual,current,cardinal,casual,osm,06|address|short_command|casual_short
6eda900d15f2d368,cho xe chạy đến số một trăm ba mươi chín kiệt bảy mươi lăm Thái Thuận ở thành phố Huế,address,house_address,số một trăm ba mươi chín kiệt bảy mươi lăm Thái Thuận ở thành phố Huế,osm_street_way_828310698,Huế,,,,Kiệt 75 Thái Thuận,139 Kiệt 75 Thái Thuận,short_command,short_command_neutral_medium_001,current+cardinal+prefix+neutral,current,cardinal,neutral,osm,06|address|short_command|neutral_medium
f9e878e116f3a8fe,rẽ hai sáu đường Tôn Đức Thắng ở tỉnh Thừa Thiên Huế với,address,house_address,hai sáu đường Tôn Đức Thắng ở tỉnh Thừa Thiên Huế,osm_street_way_39414064,Huế,Thừa Thiên Huế,,,Tôn Đức Thắng,26 Tôn Đức Thắng,short_command,short_command_neutral_short_009,legacy+digit_by_digit+prefix+neutral,legacy,digit_by_digit,neutral,osm,06|address|short_command|neutral_short
4a75e8464b2383a9,"gần xã A Lưới hai có khách sạn nào không, mình đang cần gấp",admin_unit,ward,xã A Lưới hai,osm_ward_19325221,Huế,,,A Lưới 2,,,contextual,contextual_casual_long_006,current+cardinal+prefix+casual,current,cardinal,casual,manual,06|admin_unit|contextual|casual_long
785a24ca45fad328,A Lưới năm gần hông,admin_unit,ward,A Lưới năm,osm_ward_19325218,Huế,,,A Lưới 5,,,contextual,contextual_casual_short_002,current+cardinal+no_prefix+casual,current,cardinal,casual,manual,06|admin_unit|contextual|casual_short
eef0474f8daf6db8,xin hỏi vị trí này có gần xã A Lưới hai không ạ,admin_unit,ward,xã A Lưới hai,osm_ward_19325221,Huế,,,A Lưới 2,,,contextual,contextual_formal_medium_008,current+cardinal+prefix+formal,current,cardinal,formal,manual,06|admin_unit|contextual|formal_medium
dc9cff22dc1e8390,cho hỏi từ đây đến Hương Trà ở tỉnh Thừa Thiên Huế cũ có xa không,admin_unit,ward,Hương Trà ở tỉnh Thừa Thiên Huế cũ,osm_ward_19325229,Huế,Thừa Thiên Huế,,Hương Trà,,,contextual,contextual_neutral_medium_005,legacy+none+no_prefix+neutral,legacy,none,neutral,manual,06|admin_unit|contextual|neutral_medium
ec2d085c9d8ea094,xã Phú Vang ở thành phố Huế có xa không,admin_unit,ward,xã Phú Vang ở thành phố Huế,osm_ward_19325234,Huế,,,Phú Vang,,,contextual,contextual_neutral_short_007,current+none+prefix+neutral,current,none,neutral,manual,06|admin_unit|contextual|neutral_short
16d14acaa97867b7,"ơ cho mình hỏi cái, từ đây qua Hương An đi lối nào vậy",admin_unit,ward,Hương An,osm_ward_19324111,Huế,,,Hương An,,,conversational,conversational_casual_long_003,current+none+no_prefix+casual,current,none,casual,manual,06|admin_unit|conversational|casual_long
a6cef45234c13cb3,biết lối Đan Điền không,admin_unit,ward,Đan Điền,osm_ward_19325225,Huế,,,Đan Điền,,,conversational,conversational_casual_short_010,current+none+no_prefix+casual,current,none,casual,manual,06|admin_unit|conversational|casual_short
cee5aac118e01c33,tôi đang cần chỉ đường tới phường Phong Quảng được không ạ,admin_unit,ward,phường Phong Quảng,osm_ward_19325206,Huế,,,Phong Quảng,,,conversational,conversational_formal_medium_010,current+none+prefix+formal,current,none,formal,manual,06|admin_unit|conversational|formal_medium
91c6ccbdbe66cdb4,này tôi đang cần tìm đường đến xã Phú Vinh,admin_unit,ward,xã Phú Vinh,osm_ward_19325208,Huế,,,Phú Vinh,,,conversational,conversational_neutral_medium_002,current+none+prefix+neutral,current,none,neutral,manual,06|admin_unit|conversational|neutral_medium
c34c614a130b6c5e,hỏi lối tới phường Thuận Hóa,admin_unit,ward,phường Thuận Hóa,osm_ward_19324114,Huế,,,Thuận Hóa,,,conversational,conversational_neutral_short_006,current+none+prefix+neutral,current,none,neutral,manual,06|admin_unit|conversational|neutral_short
3aff8d07cd129735,"chỉ đường tới Hưng Lộc với, mình chạy xe máy thôi nha",admin_unit,ward,Hưng Lộc,osm_ward_19325211,Huế,,,Hưng Lộc,,,nav_command,nav_command_casual_long_005,current+none+no_prefix+casual,current,none,casual,manual,06|admin_unit|nav_command|casual_long
2348a6bbe9420bbc,chỉ đường phường Phong Phú ở thành phố Huế,admin_unit,ward,phường Phong Phú ở thành phố Huế,osm_ward_19325205,Huế,,,Phong Phú,,,nav_command,nav_command_casual_short_004,current+none+prefix+casual,current,none,casual,manual,06|admin_unit|nav_command|casual_short
228a351b04e148c0,xin hướng dẫn đường đến xã Chân Mây - Lăng Cô,admin_unit,ward,xã Chân Mây - Lăng Cô,osm_ward_19325212,Huế,,,Chân Mây - Lăng Cô,,,nav_command,nav_command_formal_medium_006,current+none+prefix+formal,current,none,formal,manual,06|admin_unit|nav_command|formal_medium
d784f0181d56a38f,chỉ giúp tôi đường đến xã Bình Điền với,admin_unit,ward,xã Bình Điền,osm_ward_19325230,Huế,,,Bình Điền,,,nav_command,nav_command_neutral_medium_001,current+none+prefix+neutral,current,none,neutral,manual,06|admin_unit|nav_command|neutral_medium
2742d9d55b1a7396,chỉ đường đến Kim Long giúp tôi,admin_unit,ward,Kim Long,osm_ward_19324110,Huế,,,Kim Long,,,nav_command,nav_command_neutral_short_001,current+none+no_prefix+neutral,current,none,neutral,manual,06|admin_unit|nav_command|neutral_short
5c0e27fab4885cb7,cho hỏi cái đi xã A Lưới một ở thành phố Huế kiểu gì cho lẹ vậy ta,admin_unit,ward,xã A Lưới một ở thành phố Huế,osm_ward_19325222,Huế,,,A Lưới 1,,,route_question,route_question_casual_long_004,current+cardinal+prefix+casual,current,cardinal,casual,manual,06|admin_unit|route_question|casual_long
7ce73871cd2668a5,đến phường Phong Điền sao,admin_unit,ward,phường Phong Điền,osm_ward_19325223,Huế,,,Phong Điền,,,route_question,route_question_casual_short_007,current+none+prefix+casual,current,none,casual,manual,06|admin_unit|route_question|casual_short
0559184d402990c5,xin hỏi từ đây đến xã Đan Điền ở tỉnh Thừa Thiên Huế cũ đi thế nào ạ,admin_unit,ward,xã Đan Điền ở tỉnh Thừa Thiên Huế cũ,osm_ward_19325225,Huế,Thừa Thiên Huế,,Đan Điền,,,route_question,route_question_formal_medium_001,legacy+none+prefix+formal,legacy,none,formal,manual,06|admin_unit|route_question|formal_medium
73afdb844cf0023e,cho mình hỏi đến phường Phong Điền ở thành phố Huế đi lối nào nhỉ,admin_unit,ward,phường Phong Điền ở thành phố Huế,osm_ward_19325223,Huế,,,Phong Điền,,,route_question,route_question_neutral_medium_006,current+none+prefix+neutral,current,none,neutral,manual,06|admin_unit|route_question|neutral_medium
a052ce5a8e02a21b,tới Thanh Thủy đi lối nào nhỉ,admin_unit,ward,Thanh Thủy,osm_ward_19325204,Huế,,,Thanh Thủy,,,route_question,route_question_neutral_short_002,current+none+no_prefix+neutral,current,none,neutral,manual,06|admin_unit|route_question|neutral_short
7d7828be69c8156c,"tìm hộ mình Hương An với, chỗ nào đông đông tí cũng được đi",admin_unit,ward,Hương An,osm_ward_19324111,Huế,,,Hương An,,,search,search_casual_long_003,current+none+no_prefix+casual,current,none,casual,manual,06|admin_unit|search|casual_long
a756e9c44a4a8a7d,kiếm An Cựu ở thành phố Huế,admin_unit,ward,An Cựu ở thành phố Huế,osm_ward_19324112,Huế,,,An Cựu,,,search,search_casual_short_002,current+none+no_prefix+casual,current,none,casual,manual,06|admin_unit|search|casual_short
8b0d3227485bedc3,nhờ tra vị trí xã Khe Tre,admin_unit,ward,xã Khe Tre,osm_ward_19325214,Huế,,,Khe Tre,,,search,search_formal_medium_006,current+none+prefix+formal,current,none,formal,manual,06|admin_unit|search|formal_medium
d94014a14169cf1f,tìm hộ tôi vị trí phường Hương Trà được không,admin_unit,ward,phường Hương Trà,osm_ward_19325229,Huế,,,Hương Trà,,,search,search_neutral_medium_006,current+none+prefix+neutral,current,none,neutral,manual,06|admin_unit|search|neutral_medium
547d806be3f2eb35,kiếm giúp Phong Dinh nhé,admin_unit,ward,Phong Dinh,osm_ward_19325224,Huế,,,Phong Dinh,,,search,search_neutral_short_003,current+none+no_prefix+neutral,current,none,neutral,manual,06|admin_unit|search|neutral_short
a2a126263a9bd1c0,"thế cái chỗ Kim Trà ở thành phố Huế đó, ghé vô đó xíu đi",admin_unit,ward,Kim Trà ở thành phố Huế,osm_ward_19325228,Huế,,,Kim Trà,,,short_command,short_command_casual_long_002,current+none+no_prefix+casual,current,none,casual,manual,06|admin_unit|short_command|casual_long
b4e2dd9ce44bc1d5,lượn qua Phú Hồ giúp mình,admin_unit,ward,Phú Hồ,osm_ward_19325233,Huế,,,Phú Hồ,,,short_command,short_command_casual_short_009,current+none+no_prefix+casual,current,none,casual,manual,06|admin_unit|short_command|casual_short
4d2865efe385053f,xin phép hỏi xin cho xe tới xã Bình Điền ở thành phố Huế được không ạ,admin_unit,ward,xã Bình Điền ở thành phố Huế,osm_ward_19325230,Huế,,,Bình Điền,,,short_command,short_command_formal_medium_009,current+none+prefix+formal,current,none,formal,manual,06|admin_unit|short_command|formal_medium
d69cd3f518ec674c,đưa tôi tới phường Kim Long,admin_unit,ward,phường Kim Long,osm_ward_19324110,Huế,,,Kim Long,,,short_command,short_command_neutral_medium_002,current+none+prefix+neutral,current,none,neutral,manual,06|admin_unit|short_command|neutral_medium
e9ee0670f6f821a0,qua Phong Dinh nhé,admin_unit,ward,Phong Dinh,osm_ward_19325224,Huế,,,Phong Dinh,,,short_command,short_command_neutral_short_005,current+none+no_prefix+neutral,current,none,neutral,manual,06|admin_unit|short_command|neutral_short
9145bbf4c040ebfb,"ờ chỗ này có gần Cơm hến Hoa Đông không ta, hay là xa lắm được không",commercial,restaurant,Cơm hến Hoa Đông,osm_poi_node_7223176485,Huế,,,,,,contextual,contextual_casual_long_001,current+none+no_prefix+casual,current,none,casual,osm,06|commercial|contextual|casual_long
a39921b8168a0aab,PVOil kế bên không,commercial,gas_station,PVOil,osm_poi_node_7160015131,Huế,,,,,,contextual,contextual_casual_short_008,current+none+no_prefix+casual,current,none,casual,osm,06|commercial|contextual|casual_short
a128eaa620cb7a4b,xin hỏi từ đây đến Cháo Lươn - Súp Lươn ở thành phố Huế có xa không ạ,commercial,restaurant,Cháo Lươn - Súp Lươn ở thành phố Huế,osm_poi_node_11620449133,Huế,,,,,,contextual,contextual_formal_medium_003,current+none+no_prefix+formal,current,none,formal,osm,06|commercial|contextual|formal_medium
ceb9f9e9da648584,chỗ mình đứng gần Best omlet in vietnam không,commercial,restaurant,Best omlet in vietnam,osm_poi_node_13475362086,Huế,,,,,,contextual,contextual_neutral_medium_008,current+none+no_prefix+neutral,current,none,neutral,osm,06|commercial|contextual|neutral_medium
fc60cd6ee0b927ca,gần đây có mua sen tịnh tâm ở thành phố Huế không,commercial,restaurant,mua sen tịnh tâm ở thành phố Huế,osm_poi_node_5036105022,Huế,,,,,,contextual,contextual_neutral_short_002,current+none+no_prefix+neutral,current,none,neutral,osm,06|commercial|contextual|neutral_short
f5de3e67f27e52f8,"cho hỏi cái mình mới tới đây lần đầu, chỉ mình đường tới Hotel de Marseille với",commercial,hotel,Hotel de Marseille,osm_poi_node_11423755656,Huế,,,,,,conversational,conversational_casual_long_004,current+none+no_prefix+casual,current,none,casual,osm,06|commercial|conversational|casual_long
0d0aed7f0dbc5e43,biết lối La Pines ở thành phố Huế không,commercial,restaurant,La Pines ở thành phố Huế,osm_poi_node_5026315321,Huế,,,,,,conversational,conversational_casual_short_010,current+none+no_prefix+casual,current,none,casual,osm,06|commercial|conversational|casual_short
1b4a2593dfd2e75e,tôi đang cần hỏi đường đến Bun Cha Ca ở thành phố Huế ạ,commercial,restaurant,Bun Cha Ca ở thành phố Huế,osm_poi_node_14058844283,Huế,,,,,,conversational,conversational_formal_medium_003,current+none+no_prefix+formal,current,none,formal,osm,06|commercial|conversational|formal_medium
d890684464835f13,tôi đang cần tìm đường đến Petrolimex,commercial,gas_station,Petrolimex,osm_poi_node_7160007313,Huế,,,,,,conversational,conversational_neutral_medium_002,current+none+no_prefix+neutral,current,none,neutral,osm,06|commercial|conversational|neutral_medium
00915e23a4568322,hỏi hướng đến Nem lụi Ku Huế,commercial,restaurant,Nem lụi Ku Huế,osm_poi_node_12622692062,Huế,,,,,,conversational,conversational_neutral_short_010,current+none+no_prefix+neutral,current,none,neutral,osm,06|commercial|conversational|neutral_short
d87811486d210d0d,"dẫn đường tới Hào hoa ở thành phố Huế giúp mình, đi đường tắt cũng được cái nhé",commercial,restaurant,Hào hoa ở thành phố Huế,osm_poi_node_6075420186,Huế,,,,,,nav_command,nav_command_casual_long_006,current+none+no_prefix+casual,current,none,casual,osm,06|commercial|nav_command|casual_long
15ac7389581ea767,dẫn tới Petrolimex- Cửa hàng hai mươi tư ở tỉnh Thừa Thiên Huế cũ đi,commercial,gas_station,Petrolimex- Cửa hàng hai mươi tư ở tỉnh Thừa Thiên Huế cũ,osm_poi_node_11253330837,Huế,Thừa Thiên Huế,,,,,nav_command,nav_command_casual_short_005,legacy+cardinal+no_prefix+casual,legacy,cardinal,casual,osm,06|commercial|nav_command|casual_short
38e0d21cf888cc12,xin cho hỏi nhờ dẫn đường giúp tôi tới Vietcombank Chi nhánh Huế ở thành phố Huế,commercial,bank,Vietcombank Chi nhánh Huế ở thành phố Huế,osm_poi_node_13668277499,Huế,,,,,,nav_command,nav_command_formal_medium_007,current+none+no_prefix+formal,current,none,formal,osm,06|commercial|nav_command|formal_medium
e478455aa1f14b3f,cho tôi hỏi cho tôi đường đi đến Ngo Dong ba ở thành phố Huế,commercial,gas_station,Ngo Dong ba ở thành phố Huế,osm_poi_node_1021092082,Huế,,,,,,nav_command,nav_command_neutral_medium_002,current+cardinal+no_prefix+neutral,current,cardinal,neutral,osm,06|commercial|nav_command|neutral_medium
f4e397ab3bab9ae0,chỉ giúp lối đi đến Café Moon,commercial,restaurant,Café Moon,osm_poi_node_13475362121,Huế,,,,,,nav_command,nav_command_neutral_medium_010,current+none+no_prefix+neutral,current,none,neutral,osm,06|commercial|nav_command|neutral_medium
dc7a9dc801b71fe2,tìm đường đến Thanh Nga ở thành phố Huế,commercial,restaurant,Thanh Nga ở thành phố Huế,osm_poi_node_11121866605,Huế,,,,,,nav_command,nav_command_neutral_short_004,current+none+no_prefix+neutral,current,none,neutral,osm,06|commercial|nav_command|neutral_short
ac89f8a7ae0d2ef0,chỉ lối đến Cafe on Thu Wheels,commercial,restaurant,Cafe on Thu Wheels,osm_poi_node_6873078792,Huế,,,,,,nav_command,nav_command_neutral_short_006,current+none+no_prefix+neutral,current,none,neutral,osm,06|commercial|nav_command|neutral_short
5dc174fccc659eb0,"à từ đây tới Nhà hàng nổi Sông Hương ở thành phố Huế xa không, đi đường nào cho gần",commercial,restaurant,Nhà hàng nổi Sông Hương ở thành phố Huế,osm_poi_way_1167997485,Huế,,,,,,route_question,route_question_casual_long_005,current+none+no_prefix+casual,current,none,casual,osm,06|commercial|route_question|casual_long
011e7ac75dd0be65,tới Agribank sao đây đi mà,commercial,bank,Agribank,osm_poi_node_13673950591,Huế,,,,,,route_question,route_question_casual_short_003,current+none+no_prefix+casual,current,none,casual,osm,06|commercial|route_question|casual_short
575cd3521642968c,xin hỏi từ đây đến Thanh Tam Hotel đi kiểu gì,commercial,hotel,Thanh Tam Hotel,osm_poi_node_1433516781,Huế,,,,,,route_question,route_question_formal_medium_009,current+none+no_prefix+formal,current,none,formal,osm,06|commercial|route_question|formal_medium
d0147c3a39cee6ba,đường nào gần nhất đến Hachi homestay được không,commercial,hotel,Hachi homestay,osm_poi_node_13953214401,Huế,,,,,,route_question,route_question_neutral_medium_004,current+none+no_prefix+neutral,current,none,neutral,osm,06|commercial|route_question|neutral_medium
ee5f34dd6f18fb68,Nhà hàng nổi Sông Hương ở thành phố Huế đi hướng nào nhỉ,commercial,restaurant,Nhà hàng nổi Sông Hương ở thành phố Huế,osm_poi_way_1167997485,Huế,,,,,,route_question,route_question_neutral_short_006,current+none+no_prefix+neutral,current,none,neutral,osm,06|commercial|route_question|neutral_short
14a858133aac52f5,"à kiếm hộ mình Jade Scene Hotel cái, tiện đường thì ghé qua với",commercial,hotel,Jade Scene Hotel,osm_poi_node_9921297898,Huế,,,,,,search,search_casual_long_009,current+none+no_prefix+casual,current,none,casual,osm,06|commercial|search|casual_long
b70bd6e0a101d5ab,kiếm thử Bun bò huế giúp mình,commercial,restaurant,Bun bò huế,osm_poi_node_4247628685,Huế,,,,,,search,search_casual_short_005,current+none+no_prefix+casual,current,none,casual,osm,06|commercial|search|casual_short
977243fb4130cbf6,xin cho hỏi nhờ tìm giúp vị trí Khach San do Thanh ở thành phố Huế,commercial,hotel,Khach San do Thanh ở thành phố Huế,osm_poi_node_4318503489,Huế,,,,,,search,search_formal_medium_002,current+none+no_prefix+formal,current,none,formal,osm,06|commercial|search|formal_medium
52312672fd522777,cho mình hỏi tìm giúp tôi thông tin về Bánh Ép ba Thị ở thành phố Huế,commercial,restaurant,Bánh Ép ba Thị ở thành phố Huế,osm_poi_node_12631838944,Huế,,,,,,search,search_neutral_medium_009,current+mixed+no_prefix+neutral,current,mixed,neutral,osm,06|commercial|search|neutral_medium
43bf91dbb526c301,kiếm giúp tôi chỗ Hong Thien Ruby Hotel,commercial,hotel,Hong Thien Ruby Hotel,osm_poi_node_6315935944,Huế,,,,,,search,search_neutral_medium_010,current+none+no_prefix+neutral,current,none,neutral,osm,06|commercial|search|neutral_medium
f7d04ebdab389c15,tìm Bún Nghệ O Két nhé,commercial,restaurant,Bún Nghệ O Két,osm_poi_node_12629757145,Huế,,,,,,search,search_neutral_short_002,current+none+no_prefix+neutral,current,none,neutral,osm,06|commercial|search|neutral_short
ed0f9b2a845b6af3,tìm giúp tôi Best omlet in vietnam ở tỉnh Thừa Thiên Huế cũ được không,commercial,restaurant,Best omlet in vietnam ở tỉnh Thừa Thiên Huế cũ,osm_poi_node_13475362086,Huế,Thừa Thiên Huế,,,,,search,search_neutral_short_001,legacy+none+no_prefix+neutral,legacy,none,neutral,osm,06|commercial|search|neutral_short
a5bd2373b7bba1c9,"ê ờ Bun Cha Ca đó, chạy thẳng tới luôn nha",commercial,restaurant,Bun Cha Ca,osm_poi_node_14058844283,Huế,,,,,,short_command,short_command_casual_long_007,current+none+no_prefix+casual,current,none,casual,osm,06|commercial|short_command|casual_long
cd0259594de3e779,vòng qua Bánh Ép ba Thị giúp mình,commercial,restaurant,Bánh Ép ba Thị,osm_poi_node_12631838944,Huế,,,,,,short_command,short_command_casual_short_005,current+cardinal+no_prefix+casual,current,cardinal,casual,osm,06|commercial|short_command|casual_short
1b65e485fdb61c02,xin dừng lại ở The Scarlett Boutique Hotel ở thành phố Huế,commercial,hotel,The Scarlett Boutique Hotel ở thành phố Huế,osm_poi_node_6487814185,Huế,,,,,,short_command,short_command_formal_medium_003,current+none+no_prefix+formal,current,none,formal,osm,06|commercial|short_command|formal_medium
4a81d50634576d5c,chạy tới km một bảy checkpoint với,commercial,restaurant,km một bảy checkpoint,osm_poi_way_1275055528,Huế,,,,,,short_command,short_command_neutral_medium_007,current+digit_by_digit+no_prefix+neutral,current,digit_by_digit,neutral,osm,06|commercial|short_command|neutral_medium
f5e2c2727528f2c9,về Hoa Cuc Xanh Mini Hotel được không,commercial,hotel,Hoa Cuc Xanh Mini Hotel,osm_poi_node_6348001309,Huế,,,,,,short_command,short_command_neutral_short_007,current+none+no_prefix+neutral,current,none,neutral,osm,06|commercial|short_command|neutral_short
75b8d4809e7d5b37,gần đây có Cầu ca mờ tám trăm chín mươi tám bảy trăm bảy mươi bảy năm không,landmark,bridge,Cầu ca mờ tám trăm chín mươi tám bảy trăm bảy mươi bảy năm,osm_poi_way_1391098296,Huế,,,,,,contextual,contextual_neutral_medium_003,current+cardinal+no_prefix+neutral,current,cardinal,neutral,osm,06|landmark|contextual|neutral_medium
8a7a45f7b5ef2ff7,quanh đây gần Cầu ca mờ tám trăm tám mươi tám một trăm bốn mươi mốt không không,landmark,bridge,Cầu ca mờ tám trăm tám mươi tám một trăm bốn mươi mốt không,osm_poi_way_1391098303,Huế,,,,,,contextual,contextual_neutral_short_006,current+cardinal+no_prefix+neutral,current,cardinal,neutral,osm,06|landmark|contextual|neutral_short
610a0cdfc8f692e4,chỉ đường Bàu Sen được không,landmark,lake,Bàu Sen,osm_poi_way_141916634,Huế,,,,,,conversational,conversational_casual_short_003,current+none+no_prefix+casual,current,none,casual,osm,06|landmark|conversational|casual_short
b535984fc5629a0f,mình đang tìm đường đến Biển Lăng Cô ở tỉnh Thừa Thiên Huế,landmark,beach,Biển Lăng Cô ở tỉnh Thừa Thiên Huế,manual_06_bien_lang_co,Huế,Thừa Thiên Huế,,,,,conversational,conversational_neutral_medium_007,legacy+none+no_prefix+neutral,legacy,none,neutral,manual,06|landmark|conversational|neutral_medium
616554eb3c792210,hỏi đường tới Tượng đài Phan Bội Châu,landmark,monument,Tượng đài Phan Bội Châu,osm_poi_node_4555491489,Huế,,,,,,conversational,conversational_neutral_short_002,current+none+no_prefix+neutral,current,none,neutral,osm,06|landmark|conversational|neutral_short
e4aee9763f800ba0,"tìm giúp mình đường tới Tượng đài bờ Bắc sông Thạch Hãn cái, đang vội lắm với",landmark,monument,Tượng đài bờ Bắc sông Thạch Hãn,osm_poi_node_10605991202,Huế,,,,,,nav_command,nav_command_casual_long_004,current+none+no_prefix+casual,current,none,casual,osm,06|landmark|nav_command|casual_long
bdb07513edaf1319,ghé Cầu ca mờ chín trăm lẻ năm chín trăm tám mươi lăm chín mươi ở thành phố Huế với,landmark,bridge,Cầu ca mờ chín trăm lẻ năm chín trăm tám mươi lăm chín mươi ở thành phố Huế,osm_poi_way_1391098289,Huế,,,,,,nav_command,nav_command_casual_short_007,current+cardinal+no_prefix+casual,current,cardinal,casual,osm,06|landmark|nav_command|casual_short
1624caa2f975015f,xin cho hỏi xin chỉ lối đi đến Tượng đài vua Quang Trung xin cảm ơn,landmark,monument,Tượng đài vua Quang Trung,osm_poi_node_6099306388,Huế,,,,,,nav_command,nav_command_formal_medium_008,current+none+no_prefix+formal,current,none,formal,osm,06|landmark|nav_command|formal_medium
a46a4eb7ca164409,chỉ đường đi tới Cầu Gia Hội,landmark,bridge,Cầu Gia Hội,osm_poi_way_1431132258,Huế,,,,,,nav_command,nav_command_neutral_medium_004,current+none+no_prefix+neutral,current,none,neutral,osm,06|landmark|nav_command|neutral_medium
87b7536bfa96c248,tìm đường đến Chợ Xép Thuận Lộc được không,landmark,market,Chợ Xép Thuận Lộc,osm_poi_way_695810689,Huế,,,,,,nav_command,nav_command_neutral_short_004,current+none+no_prefix+neutral,current,none,neutral,osm,06|landmark|nav_command|neutral_short
57027fb7925f1c85,Cầu ca mờ tám trăm chín mươi tám bảy trăm bảy mươi bảy năm đi đâu thế,landmark,bridge,Cầu ca mờ tám trăm chín mươi tám bảy trăm bảy mươi bảy năm,osm_poi_way_1391098296,Huế,,,,,,route_question,route_question_casual_short_005,current+cardinal+no_prefix+casual,current,cardinal,casual,osm,06|landmark|route_question|casual_short
d2eec709b8eca86e,cho mình hỏi từ đây tới Cầu vượt tỉnh lờ sáu không một đi kiểu gì,landmark,bridge,Cầu vượt tỉnh lờ sáu không một,osm_poi_way_1391098299,Huế,,,,,,route_question,route_question_neutral_medium_002,current+mixed+no_prefix+neutral,current,mixed,neutral,osm,06|landmark|route_question|neutral_medium
e6bdacacb7fed978,Chợ Phú Bài ở thành phố Huế đi đường nào vậy,landmark,market,Chợ Phú Bài ở thành phố Huế,osm_poi_node_2985559534,Huế,,,,,,route_question,route_question_neutral_short_003,current+none+no_prefix+neutral,current,none,neutral,osm,06|landmark|route_question|neutral_short
8402bd1c209fd654,"này tìm giúp mình Lang Co Market cái, tìm chỗ nào gần gần thôi cái nhé",landmark,market,Lang Co Market,osm_poi_way_130217852,Huế,,,,,,search,search_casual_long_001,current+none+no_prefix+casual,current,none,casual,osm,06|landmark|search|casual_long
c63e452b51ffe01a,lục tìm Trằm Cồn Tiên ở thành phố Huế nha,landmark,lake,Trằm Cồn Tiên ở thành phố Huế,osm_poi_way_871514541,Huế,,,,,,search,search_casual_short_009,current+none+no_prefix+casual,current,none,casual,osm,06|landmark|search|casual_short
1e26e45c220133c3,cho tôi hỏi một chút xin tìm giúp thông tin về Cầu ngói Thanh Toàn ở thành phố Huế ạ,landmark,heritage_site,Cầu ngói Thanh Toàn ở thành phố Huế,manual_06_cau_ngoi_thanh_toan,Huế,,,,,,search,search_formal_medium_009,current+none+no_prefix+formal,current,none,formal,manual,06|landmark|search|formal_medium
692fbfb888bab943,cho mình hỏi tra giúp tôi vị trí Cầu ca mờ tám tám sáu một không bảy chín một,landmark,bridge,Cầu ca mờ tám tám sáu một không bảy chín một,osm_poi_way_1391098305,Huế,,,,,,search,search_neutral_medium_003,current+digit_by_digit+no_prefix+neutral,current,digit_by_digit,neutral,osm,06|landmark|search|neutral_medium
424273cb3a6b0ae2,tra giúp Cầu ca mờ tám trăm chín mươi chín hai trăm hai mươi lăm ba mươi mốt,landmark,bridge,Cầu ca mờ tám trăm chín mươi chín hai trăm hai mươi lăm ba mươi mốt,osm_poi_way_1391098295,Huế,,,,,,search,search_neutral_short_004,current+cardinal+no_prefix+neutral,current,cardinal,neutral,osm,06|landmark|search|neutral_short
4bdff979b18c4a97,cho xe chạy đến Bi Đình ở thành phố Huế giúp tôi,landmark,monument,Bi Đình ở thành phố Huế,osm_poi_node_12411930072,Huế,,,,,,short_command,short_command_neutral_medium_001,current+none+no_prefix+neutral,current,none,neutral,osm,06|landmark|short_command|neutral_medium
c68900ced6ce13d8,dừng Hồ Xã Tắc,landmark,lake,Hồ Xã Tắc,osm_poi_way_174692806,Huế,,,,,,short_command,short_command_neutral_short_010,current+none+no_prefix+neutral,current,none,neutral,osm,06|landmark|short_command|neutral_short
468e6ef3b006d6c2,quanh đây có gần Nhà Thờ Hòa An ở thành phố Huế không,poi_other,worship_place,Nhà Thờ Hòa An ở thành phố Huế,osm_poi_way_238750642,Huế,,,,,,contextual,contextual_neutral_medium_002,current+none+no_prefix+neutral,current,none,neutral,osm,06|poi_other|contextual|neutral_medium
ec4b1f776f2c581e,Thế Tổ Miếu ở gần không,poi_other,worship_place,Thế Tổ Miếu,osm_poi_way_172657567,Huế,,,,,,contextual,contextual_neutral_short_010,current+none+no_prefix+neutral,current,none,neutral,osm,06|poi_other|contextual|neutral_short
efb3d6e52791d0b1,biết đường miếu Con Cọp không,poi_other,worship_place,miếu Con Cọp,osm_poi_node_1335374903,Huế,,,,,,conversational,conversational_casual_short_002,current+none+no_prefix+casual,current,none,casual,osm,06|poi_other|conversational|casual_short
85e97a00e19cb7ce,tôi đang hỏi đường tới Khu công nghiệp Phong Điền ở thành phố Huế,poi_other,industrial_zone,Khu công nghiệp Phong Điền ở thành phố Huế,osm_poi_way_1434553935,Huế,,,,,,conversational,conversational_neutral_medium_010,current+none+no_prefix+neutral,current,none,neutral,osm,06|poi_other|conversational|neutral_medium
685b516951cbe1c4,hỏi đường về đình La Khêbãi được không,poi_other,worship_place,đình La Khêbãi,osm_poi_node_1335374835,Huế,,,,,,conversational,conversational_neutral_short_008,current+none+no_prefix+neutral,current,none,neutral,osm,06|poi_other|conversational|neutral_short
94302b8f2f929d7d,"cho hỏi cái dẫn mình tới chùa Hà Trung ở thành phố Huế với, mình không rành đường lắm",poi_other,worship_place,chùa Hà Trung ở thành phố Huế,osm_poi_node_1335374769,Huế,,,,,,nav_command,nav_command_casual_long_002,current+none+no_prefix+casual,current,none,casual,osm,06|poi_other|nav_command|casual_long
5cac941858080453,vọt qua Huyen Khong Son Thuong Pagoda ở cố đô,poi_other,worship_place,Huyen Khong Son Thuong Pagoda ở cố đô,osm_poi_node_5614454822,Huế,,,,,,nav_command,nav_command_casual_short_010,spoken_alias+none+no_prefix+casual,spoken_alias,none,casual,osm,06|poi_other|nav_command|casual_short
bb475a17d2f8391b,nhờ chỉ giúp đường đến chùa Cảnh Phước ở tỉnh Thừa Thiên Huế cũ xin cảm ơn,poi_other,worship_place,chùa Cảnh Phước ở tỉnh Thừa Thiên Huế cũ,osm_poi_node_1335374898,Huế,Thừa Thiên Huế,,,,,nav_command,nav_command_formal_medium_003,legacy+none+no_prefix+formal,legacy,none,formal,osm,06|poi_other|nav_command|formal_medium
0551c88e8511bec6,cho tôi hỏi chỉ tuyến đường đến miếu Chánh Quảng ở thành phố Huế giúp tôi,poi_other,worship_place,miếu Chánh Quảng ở thành phố Huế,osm_poi_node_1335374815,Huế,,,,,,nav_command,nav_command_neutral_medium_007,current+none+no_prefix+neutral,current,none,neutral,osm,06|poi_other|nav_command|neutral_medium
d50c9530ec8cf04b,chỉ đường đến Họ Hoàng Ngọc,poi_other,worship_place,Họ Hoàng Ngọc,osm_poi_way_366062466,Huế,,,,,,nav_command,nav_command_neutral_short_001,current+none+no_prefix+neutral,current,none,neutral,osm,06|poi_other|nav_command|neutral_short
930e5a0a799cd74d,tới miếu Lập An ở thành phố Huế lối nào vậy,poi_other,worship_place,miếu Lập An ở thành phố Huế,osm_poi_node_1335374819,Huế,,,,,,route_question,route_question_casual_short_009,current+none+no_prefix+casual,current,none,casual,osm,06|poi_other|route_question|casual_short
2938a7a99c979594,cho mình hỏi thế từ đây tới chùa Lương Tân đi kiểu gì,poi_other,worship_place,chùa Lương Tân,osm_poi_node_1335374802,Huế,,,,,,route_question,route_question_neutral_medium_002,current+none+no_prefix+neutral,current,none,neutral,osm,06|poi_other|route_question|neutral_medium
b7a5f8d538b6f61c,tới Nhà Thờ Tổ Kim Hoàn đường nào,poi_other,worship_place,Nhà Thờ Tổ Kim Hoàn,osm_poi_way_366062468,Huế,,,,,,route_question,route_question_neutral_short_007,current+none+no_prefix+neutral,current,none,neutral,osm,06|poi_other|route_question|neutral_short
d5f6ff39e80ef11d,"kiếm giúp mình Chua Tu Van đi, mình đang đói meo rồi",poi_other,worship_place,Chua Tu Van,osm_poi_node_4791640521,Huế,,,,,,search,search_casual_long_002,current+none+no_prefix+casual,current,none,casual,osm,06|poi_other|search|casual_long
b455abae1d464375,kiếm Nhà Thờ Giáo Xứ Kim Long nha,poi_other,worship_place,Nhà Thờ Giáo Xứ Kim Long,osm_poi_way_1388509039,Huế,,,,,,search,search_casual_short_002,current+none+no_prefix+casual,current,none,casual,osm,06|poi_other|search|casual_short
83cde230218ed950,cho tôi hỏi một chút xin tìm giúp thông tin về miếu Con Cọp giúp tôi với ạ,poi_other,worship_place,miếu Con Cọp,osm_poi_node_1335374742,Huế,,,,,,search,search_formal_medium_009,current+none+no_prefix+formal,current,none,formal,osm,06|poi_other|search|formal_medium
a5a4b93ac7e4c590,kiếm giúp tôi thông tin miếu Cảnh Dương với,poi_other,worship_place,miếu Cảnh Dương,osm_poi_node_1335374889,Huế,,,,,,search,search_neutral_medium_002,current+none+no_prefix+neutral,current,none,neutral,osm,06|poi_other|search|neutral_medium
79a7d0aaa330185a,tìm thử chùa thôn Quảng Phú ở thành phố Huế,poi_other,worship_place,chùa thôn Quảng Phú ở thành phố Huế,osm_poi_node_1335374888,Huế,,,,,,search,search_neutral_short_008,current+none+no_prefix+neutral,current,none,neutral,osm,06|poi_other|search|neutral_short
7963edc3179f5ec0,táp vào chùa Ba Phường ở thành phố Huế giúp mình,poi_other,worship_place,chùa Ba Phường ở thành phố Huế,osm_poi_node_1335374882,Huế,,,,,,short_command,short_command_casual_short_010,current+none+no_prefix+casual,current,none,casual,osm,06|poi_other|short_command|casual_short
ca0e41d1abf9154e,chạy tới miếu xóm với,poi_other,worship_place,miếu xóm,osm_poi_node_1335374768,Huế,,,,,,short_command,short_command_neutral_medium_007,current+none+no_prefix+neutral,current,none,neutral,osm,06|poi_other|short_command|neutral_medium
d551455d8539ea9d,tới đình Phú Sơn ở tỉnh Thừa Thiên Huế cũ,poi_other,worship_place,đình Phú Sơn ở tỉnh Thừa Thiên Huế cũ,osm_poi_node_1335374788,Huế,Thừa Thiên Huế,,,,,short_command,short_command_neutral_short_003,legacy+none+no_prefix+neutral,legacy,none,neutral,osm,06|poi_other|short_command|neutral_short
6c9c42a054637a36,chỗ này gần Trường Trung học phổ thông Đặng Trần Côn hông,public_facility,school,Trường Trung học phổ thông Đặng Trần Côn,osm_poi_way_695810867,Huế,,,,,,contextual,contextual_casual_short_004,current+none+no_prefix+casual,current,none,casual,osm,06|public_facility|contextual|casual_short
a1cb9c5f4d2cfff2,cho mình hỏi vị trí này gần Trường Chính trị Nguyễn Chí Thanh không,public_facility,school,Trường Chính trị Nguyễn Chí Thanh,osm_poi_way_1419882643,Huế,,,,,,contextual,contextual_neutral_medium_010,current+none+no_prefix+neutral,current,none,neutral,osm,06|public_facility|contextual|neutral_medium
9f928593c0b99b10,gần đây có Lang Co Hospital không,public_facility,hospital,Lang Co Hospital,osm_poi_node_1433192072,Huế,,,,,,contextual,contextual_neutral_short_002,current+none+no_prefix+neutral,current,none,neutral,osm,06|public_facility|contextual|neutral_short
2a6a6d85158edab0,"cho hỏi xíu, đường đi Bệnh viện Phổi Thừa Thiên Huế có xa không",public_facility,hospital,Bệnh viện Phổi Thừa Thiên Huế,osm_poi_way_1226642043,Huế,,,,,,conversational,conversational_casual_long_005,current+none+no_prefix+casual,current,none,casual,osm,06|public_facility|conversational|casual_long
f76f9d3786ed7a95,chỉ đường Bệnh viện Trung ương Huế ở thành phố Huế được không,public_facility,hospital,Bệnh viện Trung ương Huế ở thành phố Huế,osm_poi_way_438257497,Huế,,,,,,conversational,conversational_casual_short_003,current+none+no_prefix+casual,current,none,casual,osm,06|public_facility|conversational|casual_short
cdcb20a1af5fbe0b,tôi xin hỏi đường đi tới Bệnh viện Phục hồi chức năng tỉnh Thừa Thiên Huế (cơ sở hai giúp tôi với ạ,public_facility,hospital,Bệnh viện Phục hồi chức năng tỉnh Thừa Thiên Huế (cơ sở hai,osm_poi_way_1182412511,Huế,,,,,,conversational,conversational_formal_medium_002,current+cardinal+no_prefix+formal,current,cardinal,formal,osm,06|public_facility|conversational|formal_medium
44315c20421e71e9,"chỉ mình đường tới Central Vietnam Branch for Culture, Arts, Sports and Tourism giúp tôi",public_facility,government_office,"Central Vietnam Branch for Culture, Arts, Sports and Tourism",osm_poi_node_13668926576,Huế,,,,,,conversational,conversational_neutral_medium_005,current+none+no_prefix+neutral,current,none,neutral,osm,06|public_facility|conversational|neutral_medium
e12b7278ba9d2820,cho hỏi lối đến Trường Cao đẳng Du lịch Huế,public_facility,university,Trường Cao đẳng Du lịch Huế,osm_poi_way_1023330891,Huế,,,,,,conversational,conversational_neutral_short_003,current+none+no_prefix+neutral,current,none,neutral,osm,06|public_facility|conversational|neutral_short
ff3c41afde18c624,"ơ tìm giúp mình đường tới Trường Tiểu học số một Lộc Trì cái, đang vội lắm",public_facility,school,Trường Tiểu học số một Lộc Trì,osm_poi_way_633665043,Huế,,,,,,nav_command,nav_command_casual_long_004,current+cardinal+no_prefix+casual,current,cardinal,casual,osm,06|public_facility|nav_command|casual_long
7d14df435d28d98b,lái đến Trường Trung học phổ thông Quảng Trị cái nhé,public_facility,school,Trường Trung học phổ thông Quảng Trị,osm_poi_way_1303840723,Huế,,,,,,nav_command,nav_command_casual_short_006,current+none+no_prefix+casual,current,none,casual,osm,06|public_facility|nav_command|casual_short
e0217fd5391080df,xin phép hỏi xin chỉ lối đi đến Trường Cao đẳng Công nghiệp Huế được không ạ,public_facility,university,Trường Cao đẳng Công nghiệp Huế,osm_poi_way_1033709968,Huế,,,,,,nav_command,nav_command_formal_medium_008,current+none+no_prefix+formal,current,none,formal,osm,06|public_facility|nav_command|formal_medium
fbe6054cb04a016f,tìm hộ đường đến Trung tâm Giáo dục Quốc phòng và An ninh - Đại học Huế,public_facility,university,Trung tâm Giáo dục Quốc phòng và An ninh - Đại học Huế,osm_poi_way_1222243069,Huế,,,,,,nav_command,nav_command_neutral_medium_009,current+none+no_prefix+neutral,current,none,neutral,osm,06|public_facility|nav_command|neutral_medium
d9df1ebc5aa08aa6,cho đường đến Trường Trung học cơ sở Lộc Trì ở thành phố Huế nhé,public_facility,school,Trường Trung học cơ sở Lộc Trì ở thành phố Huế,osm_poi_way_633665044,Huế,,,,,,nav_command,nav_command_neutral_short_005,current+none+no_prefix+neutral,current,none,neutral,osm,06|public_facility|nav_command|neutral_short
0798f9cbfdc9e843,đi Trường Đại học Nghệ thuật - Đại học Huế đường nào tránh được kẹt xe không ta,public_facility,university,Trường Đại học Nghệ thuật - Đại học Huế,osm_poi_way_1044435624,Huế,,,,,,route_question,route_question_casual_long_008,current+none+no_prefix+casual,current,none,casual,osm,06|public_facility|route_question|casual_long
639a98848df40294,đi Trường Đại học Kinh tế - Đại học Huế sao,public_facility,university,Trường Đại học Kinh tế - Đại học Huế,osm_poi_way_1044435602,Huế,,,,,,route_question,route_question_casual_short_004,current+none+no_prefix+casual,current,none,casual,osm,06|public_facility|route_question|casual_short
fdd2c400c69dbbb7,xin hỏi đến Trường Trung học cơ sở Chu Văn An đi bằng đường nào ạ,public_facility,school,Trường Trung học cơ sở Chu Văn An,osm_poi_way_632173186,Huế,,,,,,route_question,route_question_formal_medium_005,current+none+no_prefix+formal,current,none,formal,osm,06|public_facility|route_question|formal_medium
ccf6e8a81ccf3030,cho mình hỏi đi Trạm khí tượng A lưới ở tỉnh Thừa Thiên Huế đường nào nhanh nhất,public_facility,government_office,Trạm khí tượng A lưới ở tỉnh Thừa Thiên Huế,osm_poi_way_1222383991,Huế,Thừa Thiên Huế,,,,,route_question,route_question_neutral_medium_005,legacy+none+no_prefix+neutral,legacy,none,neutral,osm,06|public_facility|route_question|neutral_medium
1e2e7e98bbfb6cd0,đường nào đến Trung tâm Y tế Quảng Điền ở thành phố Huế,public_facility,hospital,Trung tâm Y tế Quảng Điền ở thành phố Huế,osm_poi_way_1226642046,Huế,,,,,,route_question,route_question_neutral_short_004,current+none+no_prefix+neutral,current,none,neutral,osm,06|public_facility|route_question|neutral_short
fe59e8b1add3998b,"cho hỏi cái dò giúp mình Trung tâm Y tế khu vực Triệu Phong - cơ sở hai cái, mình chưa biết chỗ nào cả đi mà",public_facility,hospital,Trung tâm Y tế khu vực Triệu Phong - cơ sở hai,osm_poi_way_1226537482,Huế,,,,,,search,search_casual_long_006,current+mixed+no_prefix+casual,current,mixed,casual,osm,06|public_facility|search|casual_long
6af705a56867d1ef,kiếm thử Trạm Kiểm dịch động vật Kim Liên ở thành phố Huế được không,public_facility,government_office,Trạm Kiểm dịch động vật Kim Liên ở thành phố Huế,osm_poi_way_1522241572,Huế,,,,,,search,search_casual_short_005,current+none+no_prefix+casual,current,none,casual,osm,06|public_facility|search|casual_short
d9b693fffe501536,cho tôi hỏi một chút nhờ tìm hộ vị trí VIỆN HÀN LÂM KHOA HỌC VÀ CÔNG NGHỆ VN xin cảm ơn,public_facility,university,VIỆN HÀN LÂM KHOA HỌC VÀ CÔNG NGHỆ VN,osm_poi_node_13647313557,Huế,,,,,,search,search_formal_medium_010,current+none+no_prefix+formal,current,none,formal,osm,06|public_facility|search|formal_medium
d12f8a027e06fb40,cho mình hỏi kiếm hộ tôi Trường Đại học Sư phạm - Đại học Huế ở cố đô,public_facility,university,Trường Đại học Sư phạm - Đại học Huế ở cố đô,osm_poi_way_1033691531,Huế,,,,,,search,search_neutral_medium_005,spoken_alias+none+no_prefix+neutral,spoken_alias,none,neutral,osm,06|public_facility|search|neutral_medium
2ce9610ca21b5f62,kiếm chỗ Trường Trung học cơ sở Chu Văn An,public_facility,school,Trường Trung học cơ sở Chu Văn An,osm_poi_way_632173186,Huế,,,,,,search,search_neutral_short_006,current+none+no_prefix+neutral,current,none,neutral,osm,06|public_facility|search|neutral_short
3df25944a68f597f,"thôi cứ Trường Cao đẳng Du lịch Huế đi, ghé đại vô đó đi mà",public_facility,university,Trường Cao đẳng Du lịch Huế,osm_poi_way_1023330891,Huế,,,,,,short_command,short_command_casual_long_010,current+none+no_prefix+casual,current,none,casual,osm,06|public_facility|short_command|casual_long
c08f2c6ac6ed4b2c,vòng qua Trường Trung học cơ sở Lộc Trì,public_facility,school,Trường Trung học cơ sở Lộc Trì,osm_poi_way_633665044,Huế,,,,,,short_command,short_command_casual_short_005,current+none+no_prefix+casual,current,none,casual,osm,06|public_facility|short_command|casual_short
fb66e95fffc48685,xin cho hỏi xin đưa tôi đến Bệnh viện Đa khoa khu vực Triệu Hải giúp tôi với ạ,public_facility,hospital,Bệnh viện Đa khoa khu vực Triệu Hải,osm_poi_way_1182412501,Huế,,,,,,short_command,short_command_formal_medium_001,current+none+no_prefix+formal,current,none,formal,osm,06|public_facility|short_command|formal_medium
660ddcde6fe9ab2f,cho tôi hỏi cho xe chạy đến Trường Trung học phổ thông Nguyễn Huệ,public_facility,school,Trường Trung học phổ thông Nguyễn Huệ,osm_poi_way_1409730893,Huế,,,,,,short_command,short_command_neutral_medium_001,current+none+no_prefix+neutral,current,none,neutral,osm,06|public_facility|short_command|neutral_medium
24e01f0780b8670e,"đến Trung tâm Giám sát, điều hành đô thị thông minh ở tỉnh Thừa Thiên Huế cũ với",public_facility,government_office,"Trung tâm Giám sát, điều hành đô thị thông minh ở tỉnh Thừa Thiên Huế cũ",osm_poi_node_9025994984,Huế,Thừa Thiên Huế,,,,,short_command,short_command_neutral_short_004,legacy+none+no_prefix+neutral,legacy,none,neutral,osm,06|public_facility|short_command|neutral_short
15f0d8f6ca700b69,à chỗ mình đứng đây gần Nguyễn Trực không ta,street,street,Nguyễn Trực,osm_street_way_39414178,Huế,,,,Nguyễn Trực,,contextual,contextual_casual_long_005,current+none+no_prefix+casual,current,none,casual,osm,06|street|contextual|casual_long
cde2a3b47179254a,gần Thanh Hải ở thành phố Huế hông,street,street,Thanh Hải ở thành phố Huế,osm_street_way_180959653,Huế,,,,Đường Thanh Hải,,contextual,contextual_casual_short_001,current+none+no_prefix+casual,current,none,casual,osm,06|street|contextual|casual_short
05d5e61bf67a56ce,xin hỏi đoạn này có gần đường Chu Cẩm Phong ở thành phố Huế không,street,street,đường Chu Cẩm Phong ở thành phố Huế,osm_street_way_1434549524,Huế,,,,Đường Chu Cẩm Phong,,contextual,contextual_formal_medium_006,current+none+prefix+formal,current,none,formal,osm,06|street|contextual|formal_medium
a65cdf110cf5f409,cho tôi hỏi khu này gần phố Ưng Bình không,street,street,phố Ưng Bình,osm_street_way_39412769,Huế,,,,Ưng Bình,,contextual,contextual_neutral_medium_006,current+none+prefix+neutral,current,none,neutral,osm,06|street|contextual|neutral_medium
f299038885050f28,gần đường gom cao tốc chưa,street,street,đường gom cao tốc,osm_street_way_1217101505,Huế,,,,Đường gom cao tốc,,contextual,contextual_neutral_short_008,current+none+prefix+neutral,current,none,neutral,osm,06|street|contextual|neutral_short
94eda93de6152550,"cho hỏi cái mình mới tới đây lần đầu, chỉ mình đường tới Lưu Trọng Lư với",street,street,Lưu Trọng Lư,osm_street_way_39412215,Huế,,,,Lưu Trọng Lư,,conversational,conversational_casual_long_004,current+none+no_prefix+casual,current,none,casual,osm,06|street|conversational|casual_long
fa7b4141bb9c7ff1,hỏi đường đường Vi Thủ An ở thành phố Huế được không,street,street,đường Vi Thủ An ở thành phố Huế,osm_street_way_130215949,Huế,,,,Vi Thủ An,,conversational,conversational_casual_short_001,current+none+prefix+casual,current,none,casual,osm,06|street|conversational|casual_short
5138f24d349c2b54,tôi xin hỏi hướng đi đến Đinh Bộ Lĩnh ở thành phố Huế được không ạ,street,street,Đinh Bộ Lĩnh ở thành phố Huế,osm_street_way_318670448,Huế,,,,Đường Đinh Bộ Lĩnh,,conversational,conversational_formal_medium_009,current+none+no_prefix+formal,current,none,formal,osm,06|street|conversational|formal_medium
e18935802fea92f5,cho hỏi tôi muốn hỏi đường tới Trần Phú,street,street,Trần Phú,osm_street_way_306995803,Huế,,,,Trần Phú,,conversational,conversational_neutral_medium_003,current+none+no_prefix+neutral,current,none,neutral,osm,06|street|conversational|neutral_medium
a1276acab00e8ea2,cho hỏi lối đến phố Thế Lữ giúp tôi,street,street,phố Thế Lữ,osm_street_way_39413420,Huế,,,,Thế Lữ,,conversational,conversational_neutral_short_003,current+none+prefix+neutral,current,none,neutral,osm,06|street|conversational|neutral_short
49073f6dc27792f8,"ơ dẫn mình đường tới phố Trương Định với, đi từ từ thôi cũng được đi",street,street,phố Trương Định,osm_street_way_39421611,Huế,,,,Trương Định,,nav_command,nav_command_casual_long_010,current+none+prefix+casual,current,none,casual,osm,06|street|nav_command|casual_long
a785d27b9d7ced55,tới Hồ Văn Hảo ở thành phố Huế,street,street,Hồ Văn Hảo ở thành phố Huế,osm_street_way_202228694,Huế,,,,Đường Hồ Văn Hảo,,nav_command,nav_command_casual_short_002,current+none+no_prefix+casual,current,none,casual,osm,06|street|nav_command|casual_short
ba66c468b9510dc6,qua Ông Ích Khiêm ở thành phố Huế cái nhé,street,street,Ông Ích Khiêm ở thành phố Huế,osm_street_way_39411738,Huế,,,,Ông Ích Khiêm,,nav_command,nav_command_casual_short_003,current+none+no_prefix+casual,current,none,casual,osm,06|street|nav_command|casual_short
1603277d8d41d7cb,xin phép hỏi xin chỉ lối đi đến kiệt hai mươi hai Nguyễn Văn Chư,street,street,kiệt hai mươi hai Nguyễn Văn Chư,osm_street_way_834420661,Huế,,,,Kiệt 22 Nguyễn Văn Chư,,nav_command,nav_command_formal_medium_008,current+cardinal+prefix+formal,current,cardinal,formal,osm,06|street|nav_command|formal_medium
2a058e4bec74f363,chỉ đường đi tới đường Xóm sáu ở thành phố Huế giúp tôi,street,street,đường Xóm sáu ở thành phố Huế,osm_street_way_364661320,Huế,,,,Đường Xóm 6,,nav_command,nav_command_neutral_medium_004,current+digit_by_digit+prefix+neutral,current,digit_by_digit,neutral,osm,06|street|nav_command|neutral_medium
0f5d80620c3b910b,chỉ đường đi tới Lê Chí,street,street,Lê Chí,osm_street_way_585608749,Huế,,,,Đường Lê Chí,,nav_command,nav_command_neutral_medium_004,current+none+no_prefix+neutral,current,none,neutral,osm,06|street|nav_command|neutral_medium
3d32e8a661b303d2,tìm đường đến đường Thân Trọng Huề,street,street,đường Thân Trọng Huề,osm_street_way_836980312,Huế,,,,Thân Trọng Huề,,nav_command,nav_command_neutral_short_004,current+none+prefix+neutral,current,none,neutral,osm,06|street|nav_command|neutral_short
47e29dfb2a1f3dc8,đưa đường đến Cầu Diên Trường,street,highway,Cầu Diên Trường,osm_street_way_1033125769,Huế,,,,Cầu Diên Trường,,nav_command,nav_command_neutral_short_008,current+none+no_prefix+neutral,current,none,neutral,osm,06|street|nav_command|neutral_short
b2dfa0923a368878,cho hỏi cái đi đường Phó Đức Chính ở thành phố Huế đường nào tránh được kẹt xe không ta,street,street,đường Phó Đức Chính ở thành phố Huế,osm_street_way_39416988,Huế,,,,Phó Đức Chính,,route_question,route_question_casual_long_008,current+none+prefix+casual,current,none,casual,osm,06|street|route_question|casual_long
cf12322e68a725a9,đi Cầu Đại Giang sao,street,highway,Cầu Đại Giang,osm_street_way_153733532,Huế,,,,Cầu Đại Giang,,route_question,route_question_casual_short_004,current+none+no_prefix+casual,current,none,casual,osm,06|street|route_question|casual_short
3e59f394b5477137,xin cho hỏi xin hỏi từ đây đến phố Nguyễn Trường Tộ đi kiểu gì,street,street,phố Nguyễn Trường Tộ,osm_street_way_39417327,Huế,,,,Nguyễn Trường Tộ,,route_question,route_question_formal_medium_009,current+none+prefix+formal,current,none,formal,osm,06|street|route_question|formal_medium
a3c5399739a80a09,làm sao đến phố Tản Đà nhanh nhất,street,highway,phố Tản Đà,osm_street_way_39414825,Huế,,,,Tản Đà,,route_question,route_question_neutral_medium_007,current+none+prefix+neutral,current,none,neutral,osm,06|street|route_question|neutral_medium
ed5f9ca97126f705,đến đường Kim Phụng đi đường nào vậy,street,highway,đường Kim Phụng,osm_street_way_243040049,Huế,,,,Đường Kim Phụng,,route_question,route_question_neutral_short_001,current+none+prefix+neutral,current,none,neutral,osm,06|street|route_question|neutral_short
4b2c9a4911b88215,"ê kiếm hộ mình số ba cái, tiện đường thì ghé qua với",street,street,số ba,osm_street_way_180965193,Huế,,,,Đường số 3,,search,search_casual_long_009,current+cardinal+no_prefix+casual,current,cardinal,casual,osm,06|street|search|casual_long
cf6be2166de8d68d,tìm Cầu Ông Ân ở cố đô cái nhé,street,street,Cầu Ông Ân ở cố đô,osm_street_way_816473581,Huế,,,,Cầu Ông Ân,,search,search_casual_short_001,spoken_alias+none+no_prefix+casual,spoken_alias,none,casual,osm,06|street|search|casual_short
dd9c9c797571defc,xin cho hỏi nhờ tìm hộ vị trí phố Vũ Thắng ở tỉnh Thừa Thiên Huế,street,street,phố Vũ Thắng ở tỉnh Thừa Thiên Huế,osm_street_way_585178236,Huế,Thừa Thiên Huế,,,Vũ Thắng,,search,search_formal_medium_010,legacy+none+prefix+formal,legacy,none,formal,osm,06|street|search|formal_medium
a20a6df8e565f21a,tìm giúp tôi chỗ đường Cầu Kho ở thành phố Huế với,street,highway,đường Cầu Kho ở thành phố Huế,osm_street_way_1331910998,Huế,,,,Cầu Kho,,search,search_neutral_medium_004,current+none+prefix+neutral,current,none,neutral,osm,06|street|search|neutral_medium
7c1dd626029674fc,tìm giúp tôi chỗ đường Nguyễn Khoa Minh,street,street,đường Nguyễn Khoa Minh,osm_street_way_318670421,Huế,,,,Đường Nguyễn Khoa Minh,,search,search_neutral_medium_004,current+none+prefix+neutral,current,none,neutral,osm,06|street|search|neutral_medium
8053d852f1cd407e,dò giúp phố Thế Lữ nhé,street,street,phố Thế Lữ,osm_street_way_39413420,Huế,,,,Thế Lữ,,search,search_neutral_short_010,current+none+prefix+neutral,current,none,neutral,osm,06|street|search|neutral_short
c066b0d9ee80705d,kiếm giúp đường Phò Trạch ở thành phố Huế,street,highway,đường Phò Trạch ở thành phố Huế,osm_street_way_88171481,Huế,,,,Đường Phò Trạch,,search,search_neutral_short_003,current+none+prefix+neutral,current,none,neutral,osm,06|street|search|neutral_short
c4e18b08f702cf29,"cho hỏi cái chỗ kia kìa, kiệt năm mươi ba Đào Tấn đó, rẽ vô đi",street,street,kiệt năm mươi ba Đào Tấn,osm_street_way_631871541,Huế,,,,Kiệt 53 Đào Tấn,,short_command,short_command_casual_long_005,current+cardinal+prefix+casual,current,cardinal,casual,osm,06|street|short_command|casual_long
a6ad02c5a24fe47b,tới phố Trần Nhật Duật đi,street,street,phố Trần Nhật Duật,osm_street_way_39413717,Huế,,,,Trần Nhật Duật,,short_command,short_command_casual_short_004,current+none+prefix+casual,current,none,casual,osm,06|street|short_command|casual_short
7570071d63817570,làm ơn cho hỏi xin chạy thẳng tới Cầu An Hòa ở thành phố Huế,street,highway,Cầu An Hòa ở thành phố Huế,osm_street_way_39412997,Huế,,,,Cầu An Hòa,,short_command,short_command_formal_medium_005,current+none+no_prefix+formal,current,none,formal,osm,06|street|short_command|formal_medium
223a1daa3b21d50a,cho tôi hỏi đi thẳng tới Cầu Gia Hội giúp tôi,street,street,Cầu Gia Hội,osm_street_way_482781198,Huế,,,,Cầu Gia Hội,,short_command,short_command_neutral_medium_009,current+none+no_prefix+neutral,current,none,neutral,osm,06|street|short_command|neutral_medium
99ef2d5ec198e95f,đi phố Yết Kiêu ở thành phố Huế với,street,street,phố Yết Kiêu ở thành phố Huế,osm_street_way_39415505,Huế,,,,Yết Kiêu,,short_command,short_command_neutral_short_002,current+none+prefix+neutral,current,none,neutral,osm,06|street|short_command|neutral_short
4fe44d964cc216f8,chỉ giúp lối đi đến Truồi ở thành phố Huế,transport,railway_station,Truồi ở thành phố Huế,osm_poi_node_2985592982,Huế,,,,,,nav_command,nav_command_neutral_medium_010,current+none+no_prefix+neutral,current,none,neutral,osm,06|transport|nav_command|neutral_medium
f70406ac2720f6fd,mở đường đến Hải Vân Nam ở thành phố Huế,transport,railway_station,Hải Vân Nam ở thành phố Huế,osm_poi_node_7792969604,Huế,,,,,,nav_command,nav_command_neutral_short_007,current+none+no_prefix+neutral,current,none,neutral,osm,06|transport|nav_command|neutral_short
13f497ff756bd98f,kiếm giúp tôi thông tin Bến xe phía Nam ở thành phố Huế,transport,bus_terminal,Bến xe phía Nam ở thành phố Huế,osm_poi_way_260244335,Huế,,,,,,search,search_neutral_medium_002,current+none+no_prefix+neutral,current,none,neutral,osm,06|transport|search|neutral_medium
4a342abbf93775e2,kiếm thử Hải Vân Bắc,transport,railway_station,Hải Vân Bắc,osm_poi_node_668687991,Huế,,,,,,search,search_neutral_short_009,current+none+no_prefix+neutral,current,none,neutral,osm,06|transport|search|neutral_short
eace900e28fd168c,cho mình hỏi chỉ đường đi tới xã Bum Tở ở tỉnh Lai Châu được không,admin_unit,ward,xã Bum Tở ở tỉnh Lai Châu,osm_ward_19431930,Lai Châu,,,Bum Tở,,,nav_command,nav_command_neutral_medium_004,current+none+prefix+neutral,current,none,neutral,manual,07|admin_unit|nav_command|neutral_medium
6bc93bdfa9e1f07d,chỉ lối đến xã Bum Tở,admin_unit,ward,xã Bum Tở,osm_ward_19431930,Lai Châu,,,Bum Tở,,,nav_command,nav_command_neutral_short_006,current+none+prefix+neutral,current,none,neutral,manual,07|admin_unit|nav_command|neutral_short
1c70b660a3773fb6,này tìm giúp tôi thông tin về xã Mường Mô ở tỉnh Lai Châu,admin_unit,ward,xã Mường Mô ở tỉnh Lai Châu,osm_ward_19431723,Lai Châu,,,Mường Mô,,,search,search_neutral_medium_009,current+none+prefix+neutral,current,none,neutral,manual,07|admin_unit|search|neutral_medium
b63523a65bb79c17,kiếm chỗ xã Hồng Thu được không,admin_unit,ward,xã Hồng Thu,osm_ward_19431184,Lai Châu,,,Hồng Thu,,,search,search_neutral_short_006,current+none+prefix+neutral,current,none,neutral,manual,07|admin_unit|search|neutral_short
cf19e436befcdba4,tôi đang hỏi đường tới Nhà khách Hương Phong ở tỉnh Lai Châu,commercial,hotel,Nhà khách Hương Phong ở tỉnh Lai Châu,osm_poi_way_705960783,Lai Châu,,,,,,conversational,conversational_neutral_medium_010,current+none+no_prefix+neutral,current,none,neutral,osm,07|commercial|conversational|neutral_medium
6bed229e1da43c04,hỏi đường đi Petrolimex,commercial,gas_station,Petrolimex,osm_poi_node_4423091090,Lai Châu,,,,,,conversational,conversational_neutral_short_004,current+none+no_prefix+neutral,current,none,neutral,osm,07|commercial|conversational|neutral_short
a6a2fff9626a53f7,qua Petrolimex số bảy ở tỉnh Lai Châu,commercial,gas_station,Petrolimex số bảy ở tỉnh Lai Châu,osm_poi_way_852767834,Lai Châu,,,,,,nav_command,nav_command_casual_short_003,current+cardinal+no_prefix+casual,current,cardinal,casual,osm,07|commercial|nav_command|casual_short
7fadbce4ae4691a3,này hướng dẫn đường đến Petrolimex,commercial,gas_station,Petrolimex,osm_poi_node_10796581584,Lai Châu,,,,,,nav_command,nav_command_neutral_medium_005,current+none+no_prefix+neutral,current,none,neutral,osm,07|commercial|nav_command|neutral_medium
64589e9aa9485d9f,bật đường đến CHXD Khánh Phát,commercial,gas_station,CHXD Khánh Phát,osm_poi_node_7895481799,Lai Châu,,,,,,nav_command,nav_command_neutral_short_010,current+none+no_prefix+neutral,current,none,neutral,osm,07|commercial|nav_command|neutral_short
838d8c2d248a0423,từ chỗ này đến CHXD số bốn ở tỉnh Lai Châu đi hướng nào,commercial,gas_station,CHXD số bốn ở tỉnh Lai Châu,osm_poi_node_4378235689,Lai Châu,,,,,,route_question,route_question_neutral_medium_009,current+digit_by_digit+no_prefix+neutral,current,digit_by_digit,neutral,osm,07|commercial|route_question|neutral_medium
8420ac78be7d499d,tới Phúc Thọ đi lối nào vậy,commercial,hotel,Phúc Thọ,osm_poi_node_7930629955,Lai Châu,,,,,,route_question,route_question_neutral_short_002,current+none+no_prefix+neutral,current,none,neutral,osm,07|commercial|route_question|neutral_short
9577afc9e9c4c771,tìm Tre Ngà ở tỉnh Lai Châu với,commercial,hotel,Tre Ngà ở tỉnh Lai Châu,osm_poi_way_846270019,Lai Châu,,,,,,search,search_casual_short_001,current+none+no_prefix+casual,current,none,casual,osm,07|commercial|search|casual_short
a6a6eb646bab21d2,này kiếm hộ tôi Petrolimex ở tỉnh Lai Châu,commercial,gas_station,Petrolimex ở tỉnh Lai Châu,osm_poi_node_6854449186,Lai Châu,,,,,,search,search_neutral_medium_005,current+none+no_prefix+neutral,current,none,neutral,osm,07|commercial|search|neutral_medium
2cec34376781650e,kiếm giúp CHXD Pắc Ma với,commercial,gas_station,CHXD Pắc Ma,osm_poi_node_6655048522,Lai Châu,,,,,,search,search_neutral_short_003,current+none+no_prefix+neutral,current,none,neutral,osm,07|commercial|search|neutral_short
4851810af604ee11,cho hỏi thế chạy thẳng đến Bánh cuốn chả ở tỉnh Lai Châu giúp tôi,commercial,restaurant,Bánh cuốn chả ở tỉnh Lai Châu,osm_poi_node_5240245723,Lai Châu,,,,,,short_command,short_command_neutral_medium_003,current+none+no_prefix+neutral,current,none,neutral,osm,07|commercial|short_command|neutral_medium
e73da7f0c42d4932,qua PV Oil,commercial,gas_station,PV Oil,osm_poi_node_4423090891,Lai Châu,,,,,,short_command,short_command_neutral_short_005,current+none+no_prefix+neutral,current,none,neutral,osm,07|commercial|short_command|neutral_short
6cdd71bb5db19905,chỉ mình đường Nguyễn Chương,street,street,đường Nguyễn Chương,osm_street_way_713668341,Lai Châu,,,,Đường Nguyễn Chương,,conversational,conversational_casual_short_007,current+none+prefix+casual,current,none,casual,osm,07|street|conversational|casual_short
f0271f55724a22fb,cho hỏi chỉ mình đường tới Điện Biên Phủ,street,highway,Điện Biên Phủ,osm_street_way_530008153,Lai Châu,,,,Đường Điện Biên Phủ,,conversational,conversational_neutral_medium_005,current+none+no_prefix+neutral,current,none,neutral,osm,07|street|conversational|neutral_medium
54d8d96e3d8a9ba5,cho hỏi lối đến đường Pu Sam Cáp giúp tôi,street,street,đường Pu Sam Cáp,osm_street_way_705168452,Lai Châu,,,,Đường Pu Sam Cáp,,conversational,conversational_neutral_short_003,current+none+prefix+neutral,current,none,neutral,osm,07|street|conversational|neutral_short
416daf7dc4aa35e4,"này tìm giúp mình đường tới Quốc lộ bốn dê ở tỉnh Lai Châu cái, đang vội lắm",street,highway,Quốc lộ bốn dê ở tỉnh Lai Châu,osm_street_way_470122899,Lai Châu,,,,Quốc lộ 4D,,nav_command,nav_command_casual_long_004,current+cardinal+no_prefix+casual,current,cardinal,casual,osm,07|street|nav_command|casual_long
8df6d1762f3ca6fa,phóng tới Lương Văn Can ở tỉnh Lai Châu đi mà,street,street,Lương Văn Can ở tỉnh Lai Châu,osm_street_way_1054791289,Lai Châu,,,,Phố Lương Văn Can,,nav_command,nav_command_casual_short_008,current+none+no_prefix+casual,current,none,casual,osm,07|street|nav_command|casual_short
e2766cf57e1204e2,vui lòng chỉ đường tới phố Cầu Pắc Ma ạ,street,highway,phố Cầu Pắc Ma,osm_street_way_708241140,Lai Châu,,,,Cầu Pắc Ma,,nav_command,nav_command_formal_medium_002,current+none+prefix+formal,current,none,formal,osm,07|street|nav_command|formal_medium
a4907542a81d67be,chỉ tuyến đường đến số mười một,street,street,số mười một,osm_street_way_705168501,Lai Châu,,,,Đường số 11,,nav_command,nav_command_neutral_medium_007,current+cardinal+no_prefix+neutral,current,cardinal,neutral,osm,07|street|nav_command|neutral_medium
d30c00f175e88f0a,cho đường đến đường Hoàng Công Chất ở tỉnh Lai Châu giúp tôi,street,street,đường Hoàng Công Chất ở tỉnh Lai Châu,osm_street_way_625055615,Lai Châu,,,,Đường Hoàng Công Chất,,nav_command,nav_command_neutral_short_005,current+none+prefix+neutral,current,none,neutral,osm,07|street|nav_command|neutral_short
7b4d41d30d1e9963,đường nào tới Lê Đại Hành ở tỉnh Lai Châu đi mà,street,street,Lê Đại Hành ở tỉnh Lai Châu,osm_street_way_548849968,Lai Châu,,,,Đường Lê Đại Hành,,route_question,route_question_casual_short_002,current+none+no_prefix+casual,current,none,casual,osm,07|street|route_question|casual_short
29a3f051d3f1619b,từ đây tới Tôn Thất Tùng ở tỉnh Lai Châu đi kiểu gì,street,street,Tôn Thất Tùng ở tỉnh Lai Châu,osm_street_way_548849900,Lai Châu,,,,Phố Tôn Thất Tùng,,route_question,route_question_neutral_medium_002,current+none+no_prefix+neutral,current,none,neutral,osm,07|street|route_question|neutral_medium
d66ffd2d050a0a70,tới mười chín Tháng tám đi lối nào,street,street,mười chín Tháng tám,osm_street_way_704878018,Lai Châu,,,,Đường 19 Tháng 8,,route_question,route_question_neutral_short_002,current+cardinal+no_prefix+neutral,current,cardinal,neutral,osm,07|street|route_question|neutral_short
43fdef012353aea1,tìm Tản Đà với,street,street,Tản Đà,osm_street_way_705168507,Lai Châu,,,,Phố Tản Đà,,search,search_casual_short_001,current+none+no_prefix+casual,current,none,casual,osm,07|street|search|casual_short
16d86be1c0415716,tìm giúp tôi thông tin về đường Hoàng Văn Thái ở tỉnh Lai Châu nhé,street,street,đường Hoàng Văn Thái ở tỉnh Lai Châu,osm_street_way_704878058,Lai Châu,,,,Đường Hoàng Văn Thái,,search,search_neutral_medium_009,current+none+prefix+neutral,current,none,neutral,osm,07|street|search|neutral_medium
e4d858295b21b245,tìm thử Trần Huy Liệu ở tỉnh Lai Châu,street,street,Trần Huy Liệu ở tỉnh Lai Châu,osm_street_way_704878089,Lai Châu,,,,Phố Trần Huy Liệu,,search,search_neutral_short_008,current+none+no_prefix+neutral,current,none,neutral,osm,07|street|search|neutral_short
b5d7e871acdc850c,rẽ vào đường Cầu Hang Tôm ở tỉnh Lai Châu giúp tôi,street,highway,đường Cầu Hang Tôm ở tỉnh Lai Châu,osm_street_way_322654855,Lai Châu,,,,Cầu Hang Tôm,,short_command,short_command_neutral_medium_004,current+none+prefix+neutral,current,none,neutral,osm,07|street|short_command|neutral_medium
f7bbe3114badfeb5,ghé đường Quốc lộ bốn dê Sơn Bình,street,highway,đường Quốc lộ bốn dê Sơn Bình,osm_street_way_893096970,Lai Châu,,,,"Quốc lộ 4D, Sơn Bình",,short_command,short_command_neutral_short_006,current+cardinal+prefix+neutral,current,cardinal,neutral,osm,07|street|short_command|neutral_short
c5e632d9107cbede,cho hỏi dẫn giúp đường tới Pa Ham với,admin_unit,ward,Pa Ham,osm_ward_19571202,Điện Biên,,,Pa Ham,,,nav_command,nav_command_neutral_medium_006,current+none+no_prefix+neutral,current,none,neutral,manual,08|admin_unit|nav_command|neutral_medium
6ce40839b944f7a7,dẫn đường đến Tủa Thàng,admin_unit,ward,Tủa Thàng,osm_ward_19571186,Điện Biên,,,Tủa Thàng,,,nav_command,nav_command_neutral_short_003,current+none+no_prefix+neutral,current,none,neutral,manual,08|admin_unit|nav_command|neutral_short
af01a3f12bafb7d8,tìm giúp tôi chỗ xã Thanh Nưa với,admin_unit,ward,xã Thanh Nưa,osm_ward_19571190,Điện Biên,,,Thanh Nưa,,,search,search_neutral_medium_004,current+none+prefix+neutral,current,none,neutral,manual,08|admin_unit|search|neutral_medium
1daf32d0aaabca14,dò giúp xã Mường Lạn,admin_unit,ward,xã Mường Lạn,osm_ward_19571218,Điện Biên,,,Mường Lạn,,,search,search_neutral_short_010,current+none+prefix+neutral,current,none,neutral,manual,08|admin_unit|search|neutral_short
d3bdd07b493dcd2a,cho hỏi có ai biết đường đến Nhà hàng Ngọc Mai ở tỉnh Điện Biên không,commercial,restaurant,Nhà hàng Ngọc Mai ở tỉnh Điện Biên,osm_poi_node_4411036390,Điện Biên,,,,,,conversational,conversational_neutral_medium_004,current+none+no_prefix+neutral,current,none,neutral,osm,08|commercial|conversational|neutral_medium
df444669fcef96a4,hỏi đường đi Tien Lieu Restaurant,commercial,restaurant,Tien Lieu Restaurant,osm_poi_node_10225167817,Điện Biên,,,,,,conversational,conversational_neutral_short_004,current+none+no_prefix+neutral,current,none,neutral,osm,08|commercial|conversational|neutral_short
fab0de56899a8110,phóng tới Vegetarian Restaurant đi,commercial,restaurant,Vegetarian Restaurant,osm_poi_node_3294335516,Điện Biên,,,,,,nav_command,nav_command_casual_short_008,current+none+no_prefix+casual,current,none,casual,osm,08|commercial|nav_command|casual_short
b92d37beb96ae4b7,cho tôi đường đi đến Petrolimex Station được không,commercial,gas_station,Petrolimex Station,osm_poi_node_5305922627,Điện Biên,,,,,,nav_command,nav_command_neutral_medium_002,current+none+no_prefix+neutral,current,none,neutral,osm,08|commercial|nav_command|neutral_medium
8b22b771737384bc,cho đường đến Petrolimex ở tỉnh Điện Biên nhé,commercial,gas_station,Petrolimex ở tỉnh Điện Biên,osm_poi_node_4420523489,Điện Biên,,,,,,nav_command,nav_command_neutral_short_005,current+none+no_prefix+neutral,current,none,neutral,osm,08|commercial|nav_command|neutral_short
3524da3afa96bd01,đi đến Quán chay tú oanh bằng đường nào,commercial,restaurant,Quán chay tú oanh,osm_poi_node_7156615985,Điện Biên,,,,,,route_question,route_question_neutral_medium_008,current+none+no_prefix+neutral,current,none,neutral,osm,08|commercial|route_question|neutral_medium
073e86f7fcdf68b4,đường nào đến Petrolimex,commercial,gas_station,Petrolimex,osm_poi_node_4511121037,Điện Biên,,,,,,route_question,route_question_neutral_short_004,current+none+no_prefix+neutral,current,none,neutral,osm,08|commercial|route_question|neutral_short
3e80b5a91db9f002,tìm thử Hotel snake với,commercial,hotel,Hotel snake,osm_poi_node_3294360354,Điện Biên,,,,,,search,search_casual_short_006,current+none+no_prefix+casual,current,none,casual,osm,08|commercial|search|casual_short
60d008d7385d9ccf,cho hỏi tra giúp tôi vị trí Bun Cha Oc giúp tôi,commercial,restaurant,Bun Cha Oc,osm_poi_node_5626777821,Điện Biên,,,,,,search,search_neutral_medium_003,current+none+no_prefix+neutral,current,none,neutral,osm,08|commercial|search|neutral_medium
344ae048dc0ba76e,kiếm thử Petrolimex Station ở tỉnh Điện Biên,commercial,gas_station,Petrolimex Station ở tỉnh Điện Biên,osm_poi_node_5305922723,Điện Biên,,,,,,search,search_neutral_short_009,current+none+no_prefix+neutral,current,none,neutral,osm,08|commercial|search|neutral_short
df691bf4c68b9a58,chạy tới Hong Ky Hotel giúp tôi,commercial,hotel,Hong Ky Hotel,osm_poi_node_447004422,Điện Biên,,,,,,short_command,short_command_neutral_medium_007,current+none+no_prefix+neutral,current,none,neutral,osm,08|commercial|short_command|neutral_medium
af7a79c597bd32f9,rẽ Agribank,commercial,bank,Agribank,osm_poi_node_6160555406,Điện Biên,,,,,,short_command,short_command_neutral_short_009,current+none+no_prefix+neutral,current,none,neutral,osm,08|commercial|short_command|neutral_short
7eed14308e8ae3c3,đường tới một ba ba sao,street,street,một ba ba,osm_street_way_554486619,Điện Biên,,,,Đường 13-3,,conversational,conversational_casual_short_009,current+digit_by_digit+no_prefix+casual,current,digit_by_digit,casual,osm,08|street|conversational|casual_short
93c8c45eea6c1509,cho tôi xin đường đi phố Hoàng Văn Thái được không,street,highway,phố Hoàng Văn Thái,osm_street_way_532672161,Điện Biên,,,,Hoàng Văn Thái,,conversational,conversational_neutral_medium_008,current+none+prefix+neutral,current,none,neutral,osm,08|street|conversational|neutral_medium
caeaf3b07ad50d0b,hỏi đường tới phố Sùng Phái Sinh với,street,street,phố Sùng Phái Sinh,osm_street_way_532688437,Điện Biên,,,,Sùng Phái Sinh,,conversational,conversational_neutral_short_002,current+none+prefix+neutral,current,none,neutral,osm,08|street|conversational|neutral_short
4108f16a9dc132c0,"này chỉ mình lối đến Võ Nguyên Giáp đi, mình đang bị lạc nè",street,highway,Võ Nguyên Giáp,osm_street_way_532672181,Điện Biên,,,,Đường Võ Nguyên Giáp,,nav_command,nav_command_casual_long_007,current+none+no_prefix+casual,current,none,casual,osm,08|street|nav_command|casual_long
2b15ba238387caf5,chỉ đường đường Nguyễn Hữu Thọ ở tỉnh Điện Biên,street,highway,đường Nguyễn Hữu Thọ ở tỉnh Điện Biên,osm_street_way_403878121,Điện Biên,,,,Đường Nguyễn Hữu Thọ,,nav_command,nav_command_casual_short_004,current+none+prefix+casual,current,none,casual,osm,08|street|nav_command|casual_short
ea17fb90856c2333,cho tôi hỏi một chút vui lòng chỉ đường tới đường tỉnh một trăm năm mươi xin cảm ơn,street,highway,đường tỉnh một trăm năm mươi,osm_street_way_244500089,Điện Biên,,,,Đường tỉnh 150,,nav_command,nav_command_formal_medium_002,current+cardinal+prefix+formal,current,cardinal,formal,osm,08|street|nav_command|formal_medium
362646e4d140e933,cho mình hỏi chỉ giúp tôi đường đến phố Trường Chinh nhé,street,street,phố Trường Chinh,osm_street_way_532688442,Điện Biên,,,,Trường Chinh,,nav_command,nav_command_neutral_medium_001,current+none+prefix+neutral,current,none,neutral,osm,08|street|nav_command|neutral_medium
6bd05169b7a4dfa7,dẫn đường đến đường Trần Can ở tỉnh Điện Biên nhé,street,street,đường Trần Can ở tỉnh Điện Biên,osm_street_way_532688440,Điện Biên,,,,Đường Trần Can,,nav_command,nav_command_neutral_short_003,current+none+prefix+neutral,current,none,neutral,osm,08|street|nav_command|neutral_short
82b75657cf8c6294,đường hai bảy mờ đi sao,street,street,đường hai bảy mờ,osm_street_way_532688435,Điện Biên,,,,Đường 27m,,route_question,route_question_casual_short_001,current+digit_by_digit+prefix+casual,current,digit_by_digit,casual,osm,08|street|route_question|casual_short
f1b52507ed8c4c36,đi đến phố Cầu Mường Thanh ở tỉnh Điện Biên bằng đường nào,street,street,phố Cầu Mường Thanh ở tỉnh Điện Biên,osm_street_way_532688431,Điện Biên,,,,Cầu Mường Thanh,,route_question,route_question_neutral_medium_008,current+none+prefix+neutral,current,none,neutral,osm,08|street|route_question|neutral_medium
a59490231ce55b44,tới Quốc lộ bốn hát đi lối nào,street,highway,Quốc lộ bốn hát,osm_street_way_212741926,Điện Biên,,,,Quốc lộ 4H,,route_question,route_question_neutral_short_002,current+cardinal+no_prefix+neutral,current,cardinal,neutral,osm,08|street|route_question|neutral_short
7ffccb05b93fcf8c,kiếm giùm đường Quốc lộ hai bảy chín ở tỉnh Điện Biên giúp mình,street,highway,đường Quốc lộ hai bảy chín ở tỉnh Điện Biên,osm_street_way_322661284,Điện Biên,,,,Quốc lộ 279,,search,search_casual_short_007,current+mixed+prefix+casual,current,mixed,casual,osm,08|street|search|casual_short
d999781447f587e4,cho hỏi kiếm hộ tôi tuần tra biên giới ở tỉnh Điện Biên,street,street,tuần tra biên giới ở tỉnh Điện Biên,osm_street_way_212737756,Điện Biên,,,,Đường tuần tra biên giới,,search,search_neutral_medium_005,current+none+no_prefix+neutral,current,none,neutral,osm,08|street|search|neutral_medium
483c1c87de2ab61d,kiếm chỗ đường Quốc lộ bốn hát hai giúp tôi,street,highway,đường Quốc lộ bốn hát hai,osm_street_way_423898796,Điện Biên,,,,Quốc lộ 4H2,,search,search_neutral_short_006,current+cardinal+prefix+neutral,current,cardinal,neutral,osm,08|street|search|neutral_short
e70e3a083b535f15,đi thẳng tới tỉnh một trăm bốn mươi ở tỉnh Điện Biên,street,highway,tỉnh một trăm bốn mươi ở tỉnh Điện Biên,osm_street_way_889455735,Điện Biên,,,,Đường tỉnh 140,,short_command,short_command_neutral_medium_009,current+cardinal+no_prefix+neutral,current,cardinal,neutral,osm,08|street|short_command|neutral_medium
cf509a211a1cf223,qua phố Cầu a một ở tỉnh Điện Biên với,street,highway,phố Cầu a một ở tỉnh Điện Biên,osm_street_way_532672163,Điện Biên,,,,Cầu A1,,short_command,short_command_neutral_short_005,current+cardinal+prefix+neutral,current,cardinal,neutral,osm,08|street|short_command|neutral_short
26513edf81d88730,chỉ giúp lối đi đến xã Mường Sại ở tỉnh Sơn La,admin_unit,ward,xã Mường Sại ở tỉnh Sơn La,osm_ward_19563952,Sơn La,,,Mường Sại,,,nav_command,nav_command_neutral_medium_010,current+none+prefix+neutral,current,none,neutral,manual,09|admin_unit|nav_command|neutral_medium
f26d4f4451f9b715,tìm đường đến xã Chiềng Sơ nhé,admin_unit,ward,xã Chiềng Sơ,osm_ward_19563981,Sơn La,,,Chiềng Sơ,,,nav_command,nav_command_neutral_short_004,current+none+prefix+neutral,current,none,neutral,manual,09|admin_unit|nav_command|neutral_short
25c4d45820385959,này tìm giúp tôi chỗ xã Huổi Một ở tỉnh Sơn La được không,admin_unit,ward,xã Huổi Một ở tỉnh Sơn La,osm_ward_19563975,Sơn La,,,Huổi Một,,,search,search_neutral_medium_004,current+none+prefix+neutral,current,none,neutral,manual,09|admin_unit|search|neutral_medium
5db5ecc6967bcfbd,tìm giúp tôi Phiêng Khoài với,admin_unit,ward,Phiêng Khoài,osm_ward_19563946,Sơn La,,,Phiêng Khoài,,,search,search_neutral_short_001,current+none+no_prefix+neutral,current,none,neutral,manual,09|admin_unit|search|neutral_short
27b223741452a7a9,cho tôi hỏi đường đến Nhà hàng sáu bốn Mộc Châu nhé,commercial,restaurant,Nhà hàng sáu bốn Mộc Châu,osm_poi_node_4416006294,Sơn La,,,,,,conversational,conversational_neutral_medium_001,current+digit_by_digit+no_prefix+neutral,current,digit_by_digit,neutral,osm,09|commercial|conversational|neutral_medium
b10aaeac249ba208,cho hỏi hướng BẾP NHÀ BỘT với,commercial,restaurant,BẾP NHÀ BỘT,osm_poi_node_11499366071,Sơn La,,,,,,conversational,conversational_neutral_short_005,current+none+no_prefix+neutral,current,none,neutral,osm,09|commercial|conversational|neutral_short
105568bccf441a00,ghé Petroleum cái nhé,commercial,gas_station,Petroleum,osm_poi_node_12672232980,Sơn La,,,,,,nav_command,nav_command_casual_short_007,current+none+no_prefix+casual,current,none,casual,osm,09|commercial|nav_command|casual_short
f57bbeed16ca6e00,"cho hỏi cho tôi đường đi đến Thùy Lâm (com, pho, bun ba mươi ca",commercial,restaurant,"Thùy Lâm (com, pho, bun ba mươi ca",osm_poi_node_6282088885,Sơn La,,,,,,nav_command,nav_command_neutral_medium_002,current+cardinal+no_prefix+neutral,current,cardinal,neutral,osm,09|commercial|nav_command|neutral_medium
bb8818bdd40ccf54,"chỉ đường tới Thùy Lâm (com, pho, bun ba không ca ở tỉnh Sơn La nhé",commercial,restaurant,"Thùy Lâm (com, pho, bun ba không ca ở tỉnh Sơn La",osm_poi_node_6282088885,Sơn La,,,,,,nav_command,nav_command_neutral_short_002,current+digit_by_digit+no_prefix+neutral,current,digit_by_digit,neutral,osm,09|commercial|nav_command|neutral_short
7d2fb6909d507bd6,đường nào gần nhất đến Trạm xăng Petrolimex số sáu ở tỉnh Sơn La được không,commercial,gas_station,Trạm xăng Petrolimex số sáu ở tỉnh Sơn La,osm_poi_way_1530954018,Sơn La,,,,,,route_question,route_question_neutral_medium_004,current+digit_by_digit+no_prefix+neutral,current,digit_by_digit,neutral,osm,09|commercial|route_question|neutral_medium
44474d6a880c3c34,đi Nha nghi ở tỉnh Sơn La lối nào,commercial,hotel,Nha nghi ở tỉnh Sơn La,osm_poi_node_6449058185,Sơn La,,,,,,route_question,route_question_neutral_short_005,current+none+no_prefix+neutral,current,none,neutral,osm,09|commercial|route_question|neutral_short
371461164ad38139,dò nhà nghỉ hoà yến một giúp mình,commercial,hotel,nhà nghỉ hoà yến một,osm_poi_node_4563376891,Sơn La,,,,,,search,search_casual_short_004,current+cardinal+no_prefix+casual,current,cardinal,casual,osm,09|commercial|search|casual_short
5e703268b92a2e6f,tra giúp tôi vị trí Truong Sinh được không,commercial,hotel,Truong Sinh,osm_poi_node_5293465921,Sơn La,,,,,,search,search_neutral_medium_003,current+none+no_prefix+neutral,current,none,neutral,osm,09|commercial|search|neutral_medium
00fae4aea17e6bd6,tìm giúp tôi Diem ban xang dau so mười một,commercial,gas_station,Diem ban xang dau so mười một,osm_poi_node_12759233101,Sơn La,,,,,,search,search_neutral_short_001,current+cardinal+no_prefix+neutral,current,cardinal,neutral,osm,09|commercial|search|neutral_short
c22faa9faefc8582,chạy tới Truong Sinh ở tỉnh Sơn La,commercial,hotel,Truong Sinh ở tỉnh Sơn La,osm_poi_node_5293465921,Sơn La,,,,,,short_command,short_command_neutral_medium_007,current+none+no_prefix+neutral,current,none,neutral,osm,09|commercial|short_command|neutral_medium
c18698ddd5d847c2,ghé Petrolimex ở tỉnh Sơn La giúp tôi,commercial,gas_station,Petrolimex ở tỉnh Sơn La,osm_poi_way_1030008103,Sơn La,,,,,,short_command,short_command_neutral_short_006,current+none+no_prefix+neutral,current,none,neutral,osm,09|commercial|short_command|neutral_short
e85e60ffa6c6680c,biết đường nối Trạm Tấu - Bắc Yên không,street,highway,nối Trạm Tấu - Bắc Yên,osm_street_way_469922154,Sơn La,,,,Đường nối Trạm Tấu - Bắc Yên,,conversational,conversational_casual_short_002,current+none+no_prefix+casual,current,none,casual,osm,09|street|conversational|casual_short
1700a38cc479d87a,cho tôi hỏi tôi đang hỏi đường tới phố Dốc Bồ Hòn được không,street,highway,phố Dốc Bồ Hòn,osm_street_way_1507489768,Sơn La,,,,Dốc Bồ Hòn,,conversational,conversational_neutral_medium_010,current+none+prefix+neutral,current,none,neutral,osm,09|street|conversational|neutral_medium
40307deb53ed7898,hỏi đường đi phố Ngô Quyền với,street,street,phố Ngô Quyền,osm_street_way_768695489,Sơn La,,,,Phố Ngô Quyền,,conversational,conversational_neutral_short_004,current+none+prefix+neutral,current,none,neutral,osm,09|street|conversational|neutral_short
299757b0e488b861,"chỉ mình lối đến ngõ một trăm lẻ tám đường Điện Biên đi, mình đang bị lạc nè",street,street,ngõ một trăm lẻ tám đường Điện Biên,osm_street_way_911075392,Sơn La,,,,Ngõ 108 đường Điện Biên,,nav_command,nav_command_casual_long_007,current+cardinal+prefix+casual,current,cardinal,casual,osm,09|street|nav_command|casual_long
6b6d70b7c1b3f12d,tới phố Cầu Suối Pùa ở tỉnh Sơn La với,street,street,phố Cầu Suối Pùa ở tỉnh Sơn La,osm_street_way_1544325268,Sơn La,,,,Cầu Suối Pùa,,nav_command,nav_command_casual_short_002,current+none+prefix+casual,current,none,casual,osm,09|street|nav_command|casual_short
6fdb87ac9a314f93,cho tôi hỏi một chút xin chỉ đường đến đường Tà Xùa ở tỉnh Sơn La ạ,street,highway,đường Tà Xùa ở tỉnh Sơn La,osm_street_way_1028985875,Sơn La,,,,Đường Tà Xùa,,nav_command,nav_command_formal_medium_001,current+none+prefix+formal,current,none,formal,osm,09|street|nav_command|formal_medium
71ac354ca483150b,tìm hộ đường đến ngõ mười sáu đường Hoa Ban ở tỉnh Sơn La giúp tôi,street,street,ngõ mười sáu đường Hoa Ban ở tỉnh Sơn La,osm_street_way_602283220,Sơn La,,,,Ngõ 16 đường Hoa Ban,,nav_command,nav_command_neutral_medium_009,current+cardinal+prefix+neutral,current,cardinal,neutral,osm,09|street|nav_command|neutral_medium
b5af9637d57ff313,chỉ lối đến ngõ năm mươi chín đường An Hoà với,street,street,ngõ năm mươi chín đường An Hoà,osm_street_way_911075403,Sơn La,,,,Ngõ 59 đường An Hoà,,nav_command,nav_command_neutral_short_006,current+cardinal+prefix+neutral,current,cardinal,neutral,osm,09|street|nav_command|neutral_short
c7b4dee3d7a40894,tới Lò Văn Hặc ở tỉnh Sơn La sao đây cái nhé,street,street,Lò Văn Hặc ở tỉnh Sơn La,osm_street_way_894446884,Sơn La,,,,Phố Lò Văn Hặc,,route_question,route_question_casual_short_003,current+none+no_prefix+casual,current,none,casual,osm,09|street|route_question|casual_short
db773a250e31d4a5,cho tôi hỏi từ chỗ này đến ngõ ba bảy đường Bản Lè đi hướng nào vậy,street,street,ngõ ba bảy đường Bản Lè,osm_street_way_917296990,Sơn La,,,,Ngõ 37 đường Bản Lè,,route_question,route_question_neutral_medium_009,current+digit_by_digit+prefix+neutral,current,digit_by_digit,neutral,osm,09|street|route_question|neutral_medium
c36b33edae99b675,tới đường Nguyễn Thái Học đường nào vậy,street,street,đường Nguyễn Thái Học,osm_street_way_742735558,Sơn La,,,,Đường Nguyễn Thái Học,,route_question,route_question_neutral_short_007,current+none+prefix+neutral,current,none,neutral,osm,09|street|route_question|neutral_short
506879e37f7bae75,tìm giùm ngõ một một xuyệt bảy ba đường Ao Sen,street,street,ngõ một một xuyệt bảy ba đường Ao Sen,osm_street_way_911075341,Sơn La,,,,Ngõ 11/73 đường Ao Sen,,search,search_casual_short_008,current+digit_by_digit+prefix+casual,current,digit_by_digit,casual,osm,09|street|search|casual_short
b1c2fc92dec058ca,kiếm giúp tôi chỗ phố Tây Tiến ở tỉnh Sơn La được không,street,street,phố Tây Tiến ở tỉnh Sơn La,osm_street_way_882317632,Sơn La,,,,Phố Tây Tiến,,search,search_neutral_medium_010,current+none+prefix+neutral,current,none,neutral,osm,09|street|search|neutral_medium
a871b1aa648c4e1b,kiếm giúp phố Noong Luông ở tỉnh Sơn La giúp tôi,street,street,phố Noong Luông ở tỉnh Sơn La,osm_street_way_894446890,Sơn La,,,,Phố Noong Luông,,search,search_neutral_short_003,current+none+prefix+neutral,current,none,neutral,osm,09|street|search|neutral_short
f9b4935f4b862204,rẽ vào phố mười chín tháng năm,street,street,phố mười chín tháng năm,osm_street_way_879490732,Sơn La,,,,Phố 19 tháng 5,,short_command,short_command_neutral_medium_004,current+cardinal+prefix+neutral,current,cardinal,neutral,osm,09|street|short_command|neutral_medium
816200f7ad366576,về phố Pha Luông ở tỉnh Sơn La,street,street,phố Pha Luông ở tỉnh Sơn La,osm_street_way_894446889,Sơn La,,,,Phố Pha Luông,,short_command,short_command_neutral_short_007,current+none+prefix+neutral,current,none,neutral,osm,09|street|short_command|neutral_short
9e2fde82c060df44,dẫn giúp đường tới xã Tân Tri,admin_unit,ward,xã Tân Tri,osm_ward_19371355,Lạng Sơn,,,Tân Tri,,,nav_command,nav_command_neutral_medium_006,current+none+prefix+neutral,current,none,neutral,manual,10|admin_unit|nav_command|neutral_medium
c2d427d0a6eab082,chỉ lối đến Hồng Phong với,admin_unit,ward,Hồng Phong,osm_ward_19391685,Lạng Sơn,,,Hồng Phong,,,nav_command,nav_command_neutral_short_006,current+none+no_prefix+neutral,current,none,neutral,manual,10|admin_unit|nav_command|neutral_short
0974c3cc34889248,kiếm giúp tôi chỗ xã Văn Lãng,admin_unit,ward,xã Văn Lãng,osm_ward_19407109,Lạng Sơn,,,Văn Lãng,,,search,search_neutral_medium_010,current+none+prefix+neutral,current,none,neutral,manual,10|admin_unit|search|neutral_medium
f417a333e37e98c7,kiếm chỗ xã Xuân Dương ở tỉnh Lạng Sơn,admin_unit,ward,xã Xuân Dương ở tỉnh Lạng Sơn,osm_ward_19390451,Lạng Sơn,,,Xuân Dương,,,search,search_neutral_short_006,current+none+prefix+neutral,current,none,neutral,manual,10|admin_unit|search|neutral_short
99fc1a1313aa23a3,này cho mình hỏi lối đến Nhà Hàng Vạn Tuế Xứ Lạng ở tỉnh Lạng Sơn,commercial,restaurant,Nhà Hàng Vạn Tuế Xứ Lạng ở tỉnh Lạng Sơn,osm_poi_way_1527553071,Lạng Sơn,,,,,,conversational,conversational_neutral_medium_006,current+none+no_prefix+neutral,current,none,neutral,osm,10|commercial|conversational|neutral_medium
1fb9e0e751908b7c,hỏi đường đi Mo Nong Homestay ở tỉnh Lạng Sơn,commercial,hotel,Mo Nong Homestay ở tỉnh Lạng Sơn,osm_poi_node_13091939580,Lạng Sơn,,,,,,conversational,conversational_neutral_short_004,current+none+no_prefix+neutral,current,none,neutral,osm,10|commercial|conversational|neutral_short
d538cf02d9158cc5,qua Xôi Nguyễn Mơ được không,commercial,restaurant,Xôi Nguyễn Mơ,osm_poi_node_12709415984,Lạng Sơn,,,,,,nav_command,nav_command_casual_short_003,current+none+no_prefix+casual,current,none,casual,osm,10|commercial|nav_command|casual_short
3289e45252e59cb7,dẫn giúp đường tới Cô Thông ở tỉnh Lạng Sơn được không,commercial,restaurant,Cô Thông ở tỉnh Lạng Sơn,osm_poi_node_12682591169,Lạng Sơn,,,,,,nav_command,nav_command_neutral_medium_006,current+none+no_prefix+neutral,current,none,neutral,osm,10|commercial|nav_command|neutral_medium
b1c91afd6c1e01e0,bật đường đến Khách sạn Phú Quý ở tỉnh Lạng Sơn,commercial,hotel,Khách sạn Phú Quý ở tỉnh Lạng Sơn,osm_poi_way_1526041136,Lạng Sơn,,,,,,nav_command,nav_command_neutral_short_010,current+none+no_prefix+neutral,current,none,neutral,osm,10|commercial|nav_command|neutral_short
66995d8238b6e9c8,muốn tới Techcombank ở tỉnh Lạng Sơn thì đi đường nào,commercial,bank,Techcombank ở tỉnh Lạng Sơn,osm_poi_node_4780569221,Lạng Sơn,,,,,,route_question,route_question_neutral_medium_003,current+none+no_prefix+neutral,current,none,neutral,osm,10|commercial|route_question|neutral_medium
b724ff58f40458fe,tới Restaurant_TrungTamHoiNghiVaTiecCuoiThePride Stories ba đi lối nào vậy,commercial,restaurant,Restaurant_TrungTamHoiNghiVaTiecCuoiThePride Stories ba,osm_poi_way_718126626,Lạng Sơn,,,,,,route_question,route_question_neutral_short_002,current+cardinal+no_prefix+neutral,current,cardinal,neutral,osm,10|commercial|route_question|neutral_short
b0dd0dda56903500,tra Restaurant_TrungTamHoiNghiVaTiecCuoiThePride Stories ba được không,commercial,restaurant,Restaurant_TrungTamHoiNghiVaTiecCuoiThePride Stories ba,osm_poi_way_718126626,Lạng Sơn,,,,,,search,search_casual_short_003,current+cardinal+no_prefix+casual,current,cardinal,casual,osm,10|commercial|search|casual_short
d3c35710afc53b58,cho mình hỏi tìm hộ tôi vị trí Petrolimex nhé,commercial,gas_station,Petrolimex,osm_poi_node_4382782594,Lạng Sơn,,,,,,search,search_neutral_medium_006,current+none+no_prefix+neutral,current,none,neutral,osm,10|commercial|search|neutral_medium
172bc9b0b40a9a48,kiếm chỗ Nhà Hàng Khánh Vân ở tỉnh Lạng Sơn nhé,commercial,restaurant,Nhà Hàng Khánh Vân ở tỉnh Lạng Sơn,osm_poi_way_1527555415,Lạng Sơn,,,,,,search,search_neutral_short_006,current+none+no_prefix+neutral,current,none,neutral,osm,10|commercial|search|neutral_short
2e2f595693c422ed,rẽ vào Buffet Guigui BBQ Lạng Sơn ở tỉnh Lạng Sơn được không,commercial,restaurant,Buffet Guigui BBQ Lạng Sơn ở tỉnh Lạng Sơn,osm_poi_node_13091976972,Lạng Sơn,,,,,,short_command,short_command_neutral_medium_004,current+none+no_prefix+neutral,current,none,neutral,osm,10|commercial|short_command|neutral_medium
8f45edb86c25d1f0,về Buffet Dookki,commercial,restaurant,Buffet Dookki,osm_poi_node_13091909775,Lạng Sơn,,,,,,short_command,short_command_neutral_short_007,current+none+no_prefix+neutral,current,none,neutral,osm,10|commercial|short_command|neutral_short
28cec1b0a2a6512a,đường Cầu Pác Luồng (mới) ở tỉnh Lạng Sơn sao,street,highway,Cầu Pác Luồng (mới) ở tỉnh Lạng Sơn,osm_street_way_881232204,Lạng Sơn,,,,Cầu Pác Luồng (mới),,conversational,conversational_casual_short_005,current+none+no_prefix+casual,current,none,casual,osm,10|street|conversational|casual_short
21c9fab00ca6c4fd,cho tôi hỏi tôi đang hỏi đường tới đường tỉnh hai ba không giúp tôi,street,highway,đường tỉnh hai ba không,osm_street_way_496841462,Lạng Sơn,,,,Đường tỉnh 230,,conversational,conversational_neutral_medium_010,current+mixed+prefix+neutral,current,mixed,neutral,osm,10|street|conversational|neutral_medium
46634c05237ea59a,cho hỏi đường DT hai trăm ba mươi chín Đại An ở tỉnh Lạng Sơn được không,street,street,DT hai trăm ba mươi chín Đại An ở tỉnh Lạng Sơn,osm_street_way_627671342,Lạng Sơn,,,,"DT 239, Đại An",,conversational,conversational_neutral_short_007,current+cardinal+no_prefix+neutral,current,cardinal,neutral,osm,10|street|conversational|neutral_short
20391c36415d10fb,"ê chỉ đường đến Ngô Thì Sỹ giùm mình, mình chưa đi bao giờ nha",street,street,Ngô Thì Sỹ,osm_street_way_571650111,Lạng Sơn,,,,Đường Ngô Thì Sỹ,,nav_command,nav_command_casual_long_009,current+none+no_prefix+casual,current,none,casual,osm,10|street|nav_command|casual_long
bd22098d2d743b04,chạy đến Minh Khai ở tỉnh Lạng Sơn được không,street,street,Minh Khai ở tỉnh Lạng Sơn,osm_street_way_382497376,Lạng Sơn,,,,Minh Khai,,nav_command,nav_command_casual_short_009,current+none+no_prefix+casual,current,none,casual,osm,10|street|nav_command|casual_short
7d806360ba2f15f0,làm ơn cho hỏi nhờ dẫn đường giúp tôi tới Lục Giàng,street,street,Lục Giàng,osm_street_way_571648404,Lạng Sơn,,,,Đường Lục Giàng,,nav_command,nav_command_formal_medium_007,current+none+no_prefix+formal,current,none,formal,osm,10|street|nav_command|formal_medium
eb7c32fd920be2cc,cho mình hỏi hướng dẫn đường đến đường tỉnh hai trăm ba mươi bảy giúp tôi,street,highway,đường tỉnh hai trăm ba mươi bảy,osm_street_way_482621695,Lạng Sơn,,,,Đường tỉnh 237,,nav_command,nav_command_neutral_medium_005,current+cardinal+prefix+neutral,current,cardinal,neutral,osm,10|street|nav_command|neutral_medium
6d254a1cb4a60adb,chỉ đường đến ngõ ba mươi ba Nguyễn Du giúp tôi,street,street,ngõ ba mươi ba Nguyễn Du,osm_street_way_928152873,Lạng Sơn,,,,Ngõ 33 Nguyễn Du,,nav_command,nav_command_neutral_short_001,current+cardinal+prefix+neutral,current,cardinal,neutral,osm,10|street|nav_command|neutral_short
838c512d1650d8b4,Đặng Văn Ngữ ở tỉnh Lạng Sơn đi đâu nhỉ,street,street,Đặng Văn Ngữ ở tỉnh Lạng Sơn,osm_street_way_627541170,Lạng Sơn,,,,Phố Đặng Văn Ngữ,,route_question,route_question_casual_short_005,current+none+no_prefix+casual,current,none,casual,osm,10|street|route_question|casual_short
4e1064fa75ae5630,muốn tới tỉnh hai hai tám ở tỉnh Lạng Sơn thì đi đường nào nhỉ,street,highway,tỉnh hai hai tám ở tỉnh Lạng Sơn,osm_street_way_816327779,Lạng Sơn,,,,Đường tỉnh 228,,route_question,route_question_neutral_medium_003,current+digit_by_digit+no_prefix+neutral,current,digit_by_digit,neutral,osm,10|street|route_question|neutral_medium
a991747f27e3bb27,tới Lê Đại Hành đường nào nhỉ,street,street,Lê Đại Hành,osm_street_way_571648420,Lạng Sơn,,,,Đường Lê Đại Hành,,route_question,route_question_neutral_short_007,current+none+no_prefix+neutral,current,none,neutral,osm,10|street|route_question|neutral_short
adf4c0bf975a4e68,tìm giùm DT hai trăm ba mươi tám bê Bằng Mạc ở tỉnh Lạng Sơn với,street,highway,DT hai trăm ba mươi tám bê Bằng Mạc ở tỉnh Lạng Sơn,osm_street_way_633584029,Lạng Sơn,,,,"DT 238B, Bằng Mạc",,search,search_casual_short_008,current+cardinal+no_prefix+casual,current,cardinal,casual,osm,10|street|search|casual_short
fbe58b8f351bda55,tra cứu giúp tôi Mỹ Sơn hai ở tỉnh Lạng Sơn được không,street,street,Mỹ Sơn hai ở tỉnh Lạng Sơn,osm_street_way_571648417,Lạng Sơn,,,,Phố Mỹ Sơn 2,,search,search_neutral_medium_008,current+digit_by_digit+no_prefix+neutral,current,digit_by_digit,neutral,osm,10|street|search|neutral_medium
ab6dd68fbe579b26,kiếm chỗ đường Kéo Tào nhé,street,street,đường Kéo Tào,osm_street_way_627542175,Lạng Sơn,,,,Đường Kéo Tào,,search,search_neutral_short_006,current+none+prefix+neutral,current,none,neutral,osm,10|street|search|neutral_short
6ffd02b678050e4e,ghé ngang phố Mỹ Sơn hai ở tỉnh Lạng Sơn,street,street,phố Mỹ Sơn hai ở tỉnh Lạng Sơn,osm_street_way_571648417,Lạng Sơn,,,,Phố Mỹ Sơn 2,,short_command,short_command_neutral_medium_008,current+cardinal+prefix+neutral,current,cardinal,neutral,osm,10|street|short_command|neutral_medium
2e22805ccf13a322,tới đường Bắc Sơn,street,highway,đường Bắc Sơn,osm_street_way_320566448,Lạng Sơn,,,,Đường Bắc Sơn,,short_command,short_command_neutral_short_003,current+none+prefix+neutral,current,none,neutral,osm,10|street|short_command|neutral_short
2ff2a7f85163191a,này tôi muốn hỏi đường tới hai trăm ba mươi ba ngõ ba mươi ba Bái Tử Long ở tỉnh Quảng Ninh,address,house_address,hai trăm ba mươi ba ngõ ba mươi ba Bái Tử Long ở tỉnh Quảng Ninh,osm_street_way_625066646,Quảng Ninh,,,,Ngõ 33 Bái Tử Long,233 Ngõ 33 Bái Tử Long,conversational,conversational_neutral_medium_003,current+cardinal+prefix+neutral,current,cardinal,neutral,osm,11|address|conversational|neutral_medium
a971d57840aebf68,hỏi đường về số chín không phố Trịnh Tam Tỉnh ở tỉnh Quảng Ninh,address,house_address,số chín không phố Trịnh Tam Tỉnh ở tỉnh Quảng Ninh,osm_street_way_534551540,Quảng Ninh,,,,Phố Trịnh Tam Tỉnh,90 Phố Trịnh Tam Tỉnh,conversational,conversational_neutral_short_008,current+digit_by_digit+prefix+neutral,current,digit_by_digit,neutral,osm,11|address|conversational|neutral_short
49cbd0453a339a5e,ghé số hai trăm bảy mươi hai phố Lê VănTám,address,house_address,số hai trăm bảy mươi hai phố Lê VănTám,osm_street_way_399909585,Quảng Ninh,,,,Lê VănTám,272 Lê VănTám,nav_command,nav_command_casual_short_007,current+cardinal+prefix+casual,current,cardinal,casual,osm,11|address|nav_command|casual_short
f8beb92427f4a94c,cho tôi hỏi chỉ giúp lối đi đến bảy mươi hai phố Văn Lang nhé,address,house_address,bảy mươi hai phố Văn Lang,osm_street_way_313309287,Quảng Ninh,,,,Phố Văn Lang,72 Phố Văn Lang,nav_command,nav_command_neutral_medium_010,current+cardinal+prefix+neutral,current,cardinal,neutral,osm,11|address|nav_command|neutral_medium
4c7e92d58e6b2444,chỉ hướng đến số hai trăm lẻ sáu đường gom quốc lờ mười tám,address,house_address,số hai trăm lẻ sáu đường gom quốc lờ mười tám,osm_street_way_1373084221,Quảng Ninh,,,,Đường gom QL.18,206 Đường gom QL.18,nav_command,nav_command_neutral_short_009,current+cardinal+prefix+neutral,current,cardinal,neutral,osm,11|address|nav_command|neutral_short
9f3e0625a194573a,đến số một sáu một xuyệt ba mươi lăm vê phố Đào Văn Tuất đi lối nào,address,house_address,số một sáu một xuyệt ba mươi lăm vê phố Đào Văn Tuất,osm_street_way_400695386,Quảng Ninh,,,,Phố Đào Văn Tuất,161/35V Phố Đào Văn Tuất,route_question,route_question_neutral_medium_006,current+mixed+prefix+neutral,current,mixed,neutral,osm,11|address|route_question|neutral_medium
dcce346c83079a80,một trăm ba mươi lăm xuyệt hai mươi bảy Bến Đoan ở tỉnh Quảng Ninh đi hướng nào,address,house_address,một trăm ba mươi lăm xuyệt hai mươi bảy Bến Đoan ở tỉnh Quảng Ninh,osm_street_way_318807547,Quảng Ninh,,,,Phố Bến Đoan,135/27 Phố Bến Đoan,route_question,route_question_neutral_short_006,current+cardinal+no_prefix+neutral,current,cardinal,neutral,osm,11|address|route_question|neutral_short
37babcb93536eb70,tra mười tám gi Hải Bình ở tỉnh Quảng Ninh,address,house_address,mười tám gi Hải Bình ở tỉnh Quảng Ninh,osm_street_way_885413616,Quảng Ninh,,,,Phố Hải Bình,18J Phố Hải Bình,search,search_casual_short_003,current+cardinal+no_prefix+casual,current,cardinal,casual,osm,11|address|search|casual_short
81ee1bf269ce04d2,à tra cứu giúp tôi số tám mươi mốt đường Tuệ Tĩnh,address,house_address,số tám mươi mốt đường Tuệ Tĩnh,osm_street_way_60807947,Quảng Ninh,,,,Đường Tuệ Tĩnh,81 Đường Tuệ Tĩnh,search,search_neutral_medium_008,current+cardinal+prefix+neutral,current,cardinal,neutral,osm,11|address|search|neutral_medium
b2cbbe5fa17bf5be,tra giúp bốn tám Lý Công Uẩn ở tỉnh Quảng Ninh,address,house_address,bốn tám Lý Công Uẩn ở tỉnh Quảng Ninh,osm_street_way_286838391,Quảng Ninh,,,,Lý Công Uẩn,48 Lý Công Uẩn,search,search_neutral_short_004,current+digit_by_digit+no_prefix+neutral,current,digit_by_digit,neutral,osm,11|address|search|neutral_short
373c9625fc609609,ghé ngang hai trăm hai mươi hai Đại Cồ Việt ở tỉnh Quảng Ninh nhé,address,house_address,hai trăm hai mươi hai Đại Cồ Việt ở tỉnh Quảng Ninh,osm_street_way_363160904,Quảng Ninh,,,,Đại Cồ Việt,222 Đại Cồ Việt,short_command,short_command_neutral_medium_008,current+cardinal+no_prefix+neutral,current,cardinal,neutral,osm,11|address|short_command|neutral_medium
ad95dd6ddf2c60ac,ghé số bốn mươi tư xuyệt năm mươi Quốc lộ mười tám Quảng Nghĩa ở tỉnh Quảng Ninh được không,address,house_address,số bốn mươi tư xuyệt năm mươi Quốc lộ mười tám Quảng Nghĩa ở tỉnh Quảng Ninh,osm_street_way_634064760,Quảng Ninh,,,,"Quốc lộ 18, Quảng Nghĩa","44/50 Quốc lộ 18, Quảng Nghĩa",short_command,short_command_neutral_short_006,current+cardinal+no_prefix+neutral,current,cardinal,neutral,osm,11|address|short_command|neutral_short
1d2f3d757c99d0bf,đoạn này có gần Mạo Khê không,admin_unit,ward,Mạo Khê,osm_ward_19272124,Quảng Ninh,,,Mạo Khê,,,contextual,contextual_neutral_medium_007,current+none+no_prefix+neutral,current,none,neutral,manual,11|admin_unit|contextual|neutral_medium
50ff6962f696df68,gần xã Lục Hồn không,admin_unit,ward,xã Lục Hồn,osm_ward_19273757,Quảng Ninh,,,Lục Hồn,,,contextual,contextual_neutral_short_001,current+none+prefix+neutral,current,none,neutral,manual,11|admin_unit|contextual|neutral_short
61ba7cf102f6e26c,biết lối Quảng La không,admin_unit,ward,Quảng La,osm_ward_19272121,Quảng Ninh,,,Quảng La,,,conversational,conversational_casual_short_010,current+none+no_prefix+casual,current,none,casual,manual,11|admin_unit|conversational|casual_short
362cd59ee5f82238,thế có ai biết đường đến Bãi Cháy ở tỉnh Quảng Ninh không,admin_unit,ward,Bãi Cháy ở tỉnh Quảng Ninh,osm_ward_19272137,Quảng Ninh,,,Bãi Cháy,,,conversational,conversational_neutral_medium_004,current+none+no_prefix+neutral,current,none,neutral,manual,11|admin_unit|conversational|neutral_medium
ace658b9eb09e091,cho hỏi ngả tới Đông Triều,admin_unit,ward,Đông Triều,osm_ward_19272126,Quảng Ninh,,,Đông Triều,,,conversational,conversational_neutral_short_009,current+none+no_prefix+neutral,current,none,neutral,manual,11|admin_unit|conversational|neutral_short
6435bf343a71ab3c,"cho hỏi cái chỉ đường đến phường Hà An ở tỉnh Quảng Ninh giùm mình, mình chưa đi bao giờ",admin_unit,ward,phường Hà An ở tỉnh Quảng Ninh,osm_ward_19272565,Quảng Ninh,,,Hà An,,,nav_command,nav_command_casual_long_009,current+none+prefix+casual,current,none,casual,manual,11|admin_unit|nav_command|casual_long
af7e1db301550324,vọt qua xã Bình Liêu đi,admin_unit,ward,xã Bình Liêu,osm_ward_19301880,Quảng Ninh,,,Bình Liêu,,,nav_command,nav_command_casual_short_010,current+none+prefix+casual,current,none,casual,manual,11|admin_unit|nav_command|casual_short
7c17e54ab8b868e9,xin cho hỏi xin chỉ lối đi đến Bãi Cháy,admin_unit,ward,Bãi Cháy,osm_ward_19272137,Quảng Ninh,,,Bãi Cháy,,,nav_command,nav_command_formal_medium_008,current+none+no_prefix+formal,current,none,formal,manual,11|admin_unit|nav_command|formal_medium
60af8ea65e77bf5e,cho hỏi chỉ đường đi tới Bãi Cháy,admin_unit,ward,Bãi Cháy,osm_ward_19272137,Quảng Ninh,,,Bãi Cháy,,,nav_command,nav_command_neutral_medium_004,current+none+no_prefix+neutral,current,none,neutral,manual,11|admin_unit|nav_command|neutral_medium
1cd1d05b2a63d67d,cho đường đến phường Vàng Danh nhé,admin_unit,ward,phường Vàng Danh,osm_ward_19272131,Quảng Ninh,,,Vàng Danh,,,nav_command,nav_command_neutral_short_005,current+none+prefix+neutral,current,none,neutral,manual,11|admin_unit|nav_command|neutral_short
b068dedb2b5f6aeb,đi sao tới Phong Cốc nha,admin_unit,ward,Phong Cốc,osm_ward_19272134,Quảng Ninh,,,Phong Cốc,,,route_question,route_question_casual_short_010,current+none+no_prefix+casual,current,none,casual,manual,11|admin_unit|route_question|casual_short
89a0de25c3941baf,đường nào gần nhất đến phường Liên Hòa giúp tôi,admin_unit,ward,phường Liên Hòa,osm_ward_19272566,Quảng Ninh,,,Liên Hòa,,,route_question,route_question_neutral_medium_004,current+none+prefix+neutral,current,none,neutral,manual,11|admin_unit|route_question|neutral_medium
4e7303c2e8042fb5,đến Hoành Mô ở tỉnh Quảng Ninh lối nào,admin_unit,ward,Hoành Mô ở tỉnh Quảng Ninh,osm_ward_19273756,Quảng Ninh,,,Hoành Mô,,,route_question,route_question_neutral_short_008,current+none+no_prefix+neutral,current,none,neutral,manual,11|admin_unit|route_question|neutral_short
7c34a9e710b17db0,"kiếm giúp mình phường Yên Tử đi, mình đang đói meo rồi đi",admin_unit,ward,phường Yên Tử,osm_ward_19272128,Quảng Ninh,,,Yên Tử,,,search,search_casual_long_002,current+none+prefix+casual,current,none,casual,manual,11|admin_unit|search|casual_long
b02323a04144d574,kiếm giùm Móng Cái ba ở tỉnh Quảng Ninh,admin_unit,ward,Móng Cái ba ở tỉnh Quảng Ninh,osm_ward_19273765,Quảng Ninh,,,Móng Cái 3,,,search,search_casual_short_007,current+cardinal+no_prefix+casual,current,cardinal,casual,manual,11|admin_unit|search|casual_short
27d9d7cf766595a9,xin tìm giúp phường Tuần Châu,admin_unit,ward,phường Tuần Châu,osm_ward_19272135,Quảng Ninh,,,Tuần Châu,,,search,search_formal_medium_001,current+none+prefix+formal,current,none,formal,manual,11|admin_unit|search|formal_medium
21e069b3680a4f7a,kiếm hộ tôi Bình Khê ở tỉnh Quảng Ninh,admin_unit,ward,Bình Khê ở tỉnh Quảng Ninh,osm_ward_19272123,Quảng Ninh,,,Bình Khê,,,search,search_neutral_medium_005,current+none+no_prefix+neutral,current,none,neutral,manual,11|admin_unit|search|neutral_medium
f71637085bcb60fd,tìm thử xã Lương Minh ở tỉnh Quảng Ninh,admin_unit,ward,xã Lương Minh ở tỉnh Quảng Ninh,osm_ward_19272122,Quảng Ninh,,,Lương Minh,,,search,search_neutral_short_008,current+none+prefix+neutral,current,none,neutral,manual,11|admin_unit|search|neutral_short
e869647e57c08c29,táp vào xã Đông Ngũ đi,admin_unit,ward,xã Đông Ngũ,osm_ward_19301874,Quảng Ninh,,,Đông Ngũ,,,short_command,short_command_casual_short_010,current+none+prefix+casual,current,none,casual,manual,11|admin_unit|short_command|casual_short
d058005731c8aea3,chạy thẳng đến xã Thống Nhất với,admin_unit,ward,xã Thống Nhất,osm_ward_19272143,Quảng Ninh,,,Thống Nhất,,,short_command,short_command_neutral_medium_003,current+none+prefix+neutral,current,none,neutral,manual,11|admin_unit|short_command|neutral_medium
0f1668709f83c41b,đi xã Cái Chiên ở tỉnh Quảng Ninh với,admin_unit,ward,xã Cái Chiên ở tỉnh Quảng Ninh,osm_ward_19301875,Quảng Ninh,,,Cái Chiên,,,short_command,short_command_neutral_short_002,current+none+prefix+neutral,current,none,neutral,manual,11|admin_unit|short_command|neutral_short
458a6a9e920405c7,ơ à chỗ mình đứng đây gần SUNRISE Hạ Long Hotel ở tỉnh Quảng Ninh không ta,commercial,hotel,SUNRISE Hạ Long Hotel ở tỉnh Quảng Ninh,osm_poi_way_1526053607,Quảng Ninh,,,,,,contextual,contextual_casual_long_005,current+none+no_prefix+casual,current,none,casual,osm,11|commercial|contextual|casual_long
10ad69218df1fbae,Petrolimex gần hông,commercial,gas_station,Petrolimex,osm_poi_node_4382782693,Quảng Ninh,,,,,,contextual,contextual_casual_short_002,current+none+no_prefix+casual,current,none,casual,osm,11|commercial|contextual|casual_short
74d6da195bb1565e,xin hỏi chỗ đứng này gần Quảng trường Hoà Bình ở tỉnh Quảng Ninh không ạ,commercial,shopping_mall,Quảng trường Hoà Bình ở tỉnh Quảng Ninh,osm_poi_way_286780024,Quảng Ninh,,,,,,contextual,contextual_formal_medium_010,current+none+no_prefix+formal,current,none,formal,osm,11|commercial|contextual|formal_medium
a10b0ad46fb9cfb6,từ đây đến Hồ Cô Tiên Palace có xa không,commercial,restaurant,Hồ Cô Tiên Palace,osm_poi_way_674168538,Quảng Ninh,,,,,,contextual,contextual_neutral_medium_005,current+none+no_prefix+neutral,current,none,neutral,osm,11|commercial|contextual|neutral_medium
3691a7727089878f,có gần Petrolimex không,commercial,gas_station,Petrolimex,osm_poi_node_4382789293,Quảng Ninh,,,,,,contextual,contextual_neutral_short_005,current+none+no_prefix+neutral,current,none,neutral,osm,11|commercial|contextual|neutral_short
c0ec2c4e845aae92,"này mình mới tới đây lần đầu, chỉ mình đường tới Lilai International Hotel với",commercial,hotel,Lilai International Hotel,osm_poi_node_5793283962,Quảng Ninh,,,,,,conversational,conversational_casual_long_004,current+none+no_prefix+casual,current,none,casual,osm,11|commercial|conversational|casual_long
661ef49fa07a7411,biết đường Tùng Anh Mobile ở tỉnh Quảng Ninh không,commercial,supermarket,Tùng Anh Mobile ở tỉnh Quảng Ninh,osm_poi_node_4101106348,Quảng Ninh,,,,,,conversational,conversational_casual_short_002,current+none+no_prefix+casual,current,none,casual,osm,11|commercial|conversational|casual_short
5ecaafc824f95c2a,tôi muốn hỏi đường đến Novotel Ha Long ạ,commercial,hotel,Novotel Ha Long,osm_poi_way_676720191,Quảng Ninh,,,,,,conversational,conversational_formal_medium_001,current+none+no_prefix+formal,current,none,formal,osm,11|commercial|conversational|formal_medium
416e1d09856f2aa1,cho tôi hỏi đường đến Petrolimex,commercial,gas_station,Petrolimex,osm_poi_node_4382778991,Quảng Ninh,,,,,,conversational,conversational_neutral_medium_001,current+none+no_prefix+neutral,current,none,neutral,osm,11|commercial|conversational|neutral_medium
e06f0d56352e2eee,cho hỏi hướng Phong Sushi ở tỉnh Quảng Ninh nhé,commercial,restaurant,Phong Sushi ở tỉnh Quảng Ninh,osm_poi_node_13666885876,Quảng Ninh,,,,,,conversational,conversational_neutral_short_005,current+none+no_prefix+neutral,current,none,neutral,osm,11|commercial|conversational|neutral_short
28a371c647e8c01d,"à ờ dẫn mình tới Agribank với, mình không rành đường lắm",commercial,bank,Agribank,osm_poi_way_534867809,Quảng Ninh,,,,,,nav_command,nav_command_casual_long_002,current+none+no_prefix+casual,current,none,casual,osm,11|commercial|nav_command|casual_long
be1cbf07ec454ea9,vọt qua Wyndham Garden được không,commercial,hotel,Wyndham Garden,osm_poi_node_12189361149,Quảng Ninh,,,,,,nav_command,nav_command_casual_short_010,current+none+no_prefix+casual,current,none,casual,osm,11|commercial|nav_command|casual_short
86c32171065e8d32,mong chỉ giúp tuyến đường đến Ánh Dương ạ,commercial,restaurant,Ánh Dương,osm_poi_way_677184635,Quảng Ninh,,,,,,nav_command,nav_command_formal_medium_009,current+none+no_prefix+formal,current,none,formal,osm,11|commercial|nav_command|formal_medium
9fd62e7ef955ebba,chỉ đường đi tới Go! ở tỉnh Quảng Ninh,commercial,supermarket,Go! ở tỉnh Quảng Ninh,osm_poi_way_676252167,Quảng Ninh,,,,,,nav_command,nav_command_neutral_medium_004,current+none+no_prefix+neutral,current,none,neutral,osm,11|commercial|nav_command|neutral_medium
14ca5a224a982778,đưa đường đến Thuận Lợi hai ở tỉnh Quảng Ninh,commercial,restaurant,Thuận Lợi hai ở tỉnh Quảng Ninh,osm_poi_way_677184641,Quảng Ninh,,,,,,nav_command,nav_command_neutral_short_008,current+cardinal+no_prefix+neutral,current,cardinal,neutral,osm,11|commercial|nav_command|neutral_short
036fb9c3437c7dd1,"cho hỏi cái thế có ai biết đường tới Khách sạn SAKURA không, chỉ mình với",commercial,hotel,Khách sạn SAKURA,osm_poi_way_163976938,Quảng Ninh,,,,,,route_question,route_question_casual_long_006,current+none+no_prefix+casual,current,none,casual,osm,11|commercial|route_question|casual_long
e0b8e4a14f3ef061,lờ u ích u rờ i cờ rét sáu Móng Cái ở tỉnh Quảng Ninh đi đâu nhỉ,commercial,hotel,lờ u ích u rờ i cờ rét sáu Móng Cái ở tỉnh Quảng Ninh,osm_poi_way_971390930,Quảng Ninh,,,,,,route_question,route_question_casual_short_005,current+cardinal+no_prefix+casual,current,cardinal,casual,osm,11|commercial|route_question|casual_short
f14144e63db465dc,xin hỏi đường nào gần nhất đến Haihuyen Hotel được không ạ,commercial,hotel,Haihuyen Hotel,osm_poi_node_5614799760,Quảng Ninh,,,,,,route_question,route_question_formal_medium_002,current+none+no_prefix+formal,current,none,formal,osm,11|commercial|route_question|formal_medium
66bf50aadf784120,ờ từ đây đến DIAMOND PALACE HẠ LONG ở tỉnh Quảng Ninh bao xa,commercial,restaurant,DIAMOND PALACE HẠ LONG ở tỉnh Quảng Ninh,osm_poi_way_1527569413,Quảng Ninh,,,,,,route_question,route_question_neutral_medium_010,current+none+no_prefix+neutral,current,none,neutral,osm,11|commercial|route_question|neutral_medium
e45799f8914a7459,đi Hạ long Khách sạn Vẻ đẹp tiềm ẩn lối nào vậy,commercial,hotel,Hạ long Khách sạn Vẻ đẹp tiềm ẩn,osm_poi_node_4863125821,Quảng Ninh,,,,,,route_question,route_question_neutral_short_005,current+none+no_prefix+neutral,current,none,neutral,osm,11|commercial|route_question|neutral_short
d1428d7a3cf380bf,"ơ tìm giúp mình Ha Long Pearl ở tỉnh Quảng Ninh cái, tìm chỗ nào gần gần thôi được không",commercial,hotel,Ha Long Pearl ở tỉnh Quảng Ninh,osm_poi_node_995291906,Quảng Ninh,,,,,,search,search_casual_long_001,current+none+no_prefix+casual,current,none,casual,osm,11|commercial|search|casual_long
5ccad9ace57d1382,tìm thử Binh ha ở tỉnh Quảng Ninh,commercial,hotel,Binh ha ở tỉnh Quảng Ninh,osm_poi_node_6515750385,Quảng Ninh,,,,,,search,search_casual_short_006,current+none+no_prefix+casual,current,none,casual,osm,11|commercial|search|casual_short
f664c38d456f3885,xin tìm kiếm giúp Crown Hotel ở tỉnh Quảng Ninh,commercial,hotel,Crown Hotel ở tỉnh Quảng Ninh,osm_poi_way_674647544,Quảng Ninh,,,,,,search,search_formal_medium_007,current+none+no_prefix+formal,current,none,formal,osm,11|commercial|search|formal_medium
e81120c76f007518,tìm hộ tôi vị trí Jayden,commercial,hotel,Jayden,osm_poi_node_12189361145,Quảng Ninh,,,,,,search,search_neutral_medium_006,current+none+no_prefix+neutral,current,none,neutral,osm,11|commercial|search|neutral_medium
b75f5d0eb747bc72,kiếm chỗ Bia Tâm Hưng hai ở tỉnh Quảng Ninh,commercial,restaurant,Bia Tâm Hưng hai ở tỉnh Quảng Ninh,osm_poi_node_13003599202,Quảng Ninh,,,,,,search,search_neutral_short_006,current+cardinal+no_prefix+neutral,current,cardinal,neutral,osm,11|commercial|search|neutral_short
82658015ca0bae2d,"ê cái chỗ Dược Điến Chay Quán ở tỉnh Quảng Ninh đó, ghé vô đó xíu đi",commercial,restaurant,Dược Điến Chay Quán ở tỉnh Quảng Ninh,osm_poi_node_13511189920,Quảng Ninh,,,,,,short_command,short_command_casual_long_002,current+none+no_prefix+casual,current,none,casual,osm,11|commercial|short_command|casual_long
435648485fc27a1e,quẹo vào Agribank giúp mình,commercial,bank,Agribank,osm_poi_node_12189361139,Quảng Ninh,,,,,,short_command,short_command_casual_short_007,current+none+no_prefix+casual,current,none,casual,osm,11|commercial|short_command|casual_short
4cc3860d5ae8b289,xin dừng lại ở Khách sạn SAKURA ở tỉnh Quảng Ninh,commercial,hotel,Khách sạn SAKURA ở tỉnh Quảng Ninh,osm_poi_way_163976938,Quảng Ninh,,,,,,short_command,short_command_formal_medium_003,current+none+no_prefix+formal,current,none,formal,osm,11|commercial|short_command|formal_medium
c6c2172f11b11732,cho mình hỏi cho tôi xuống ở Chợ Hà Lầm ở tỉnh Quảng Ninh,commercial,shopping_mall,Chợ Hà Lầm ở tỉnh Quảng Ninh,osm_poi_way_673096964,Quảng Ninh,,,,,,short_command,short_command_neutral_medium_006,current+none+no_prefix+neutral,current,none,neutral,osm,11|commercial|short_command|neutral_medium
3cf78f0c176f0d4a,vào Muse home nhé,commercial,hotel,Muse home,osm_poi_node_7257607385,Quảng Ninh,,,,,,short_command,short_command_neutral_short_008,current+none+no_prefix+neutral,current,none,neutral,osm,11|commercial|short_command|neutral_short
5b29fe4e5f3a8a9f,qua Chợ Hà Trung với,landmark,market,Chợ Hà Trung,osm_poi_way_676252284,Quảng Ninh,,,,,,nav_command,nav_command_casual_short_003,current+none+no_prefix+casual,current,none,casual,osm,11|landmark|nav_command|casual_short
25c187efa6891bd1,tìm hộ đường đến Chợ Cẩm Thủy được không,landmark,market,Chợ Cẩm Thủy,osm_poi_way_625066593,Quảng Ninh,,,,,,nav_command,nav_command_neutral_medium_009,current+none+no_prefix+neutral,current,none,neutral,osm,11|landmark|nav_command|neutral_medium
619395f011bb59c2,cho đường đến Chùa Yên Tử,landmark,heritage_site,Chùa Yên Tử,manual_11_chua_yen_tu,Quảng Ninh,,,,,,nav_command,nav_command_neutral_short_005,current+none+no_prefix+neutral,current,none,neutral,manual,11|landmark|nav_command|neutral_short
25d9c2ab3715bf3d,tìm giúp tôi chỗ Cầu Vân Đồn một,landmark,bridge,Cầu Vân Đồn một,osm_poi_way_1500242980,Quảng Ninh,,,,,,search,search_neutral_medium_004,current+cardinal+no_prefix+neutral,current,cardinal,neutral,osm,11|landmark|search|neutral_medium
3a1ed6b54c3d9532,kiếm thử Chợ Cẩm Thủy ở tỉnh Quảng Ninh giúp tôi,landmark,market,Chợ Cẩm Thủy ở tỉnh Quảng Ninh,osm_poi_way_625066593,Quảng Ninh,,,,,,search,search_neutral_short_009,current+none+no_prefix+neutral,current,none,neutral,osm,11|landmark|search|neutral_short
20890ee9059c9e74,tôi muốn hỏi đường tới Chùa Triều ở tỉnh Quảng Ninh,poi_other,worship_place,Chùa Triều ở tỉnh Quảng Ninh,osm_poi_way_678143560,Quảng Ninh,,,,,,conversational,conversational_neutral_medium_003,current+none+no_prefix+neutral,current,none,neutral,osm,11|poi_other|conversational|neutral_medium
13b7444c154f7e22,hỏi đường về SVĐ Cọc Sáu nhé,poi_other,stadium,SVĐ Cọc Sáu,osm_poi_way_489836864,Quảng Ninh,,,,,,conversational,conversational_neutral_short_008,current+none+no_prefix+neutral,current,none,neutral,osm,11|poi_other|conversational|neutral_short
1c3ea6a322a73667,chỉ đường Nhà máy Nhiệt điện Mông Dương với,poi_other,industrial_zone,Nhà máy Nhiệt điện Mông Dương,osm_poi_way_549771412,Quảng Ninh,,,,,,nav_command,nav_command_casual_short_004,current+none+no_prefix+casual,current,none,casual,osm,11|poi_other|nav_command|casual_short
7a4429436b7b2a31,cho mình hỏi dẫn giúp đường tới Công viên Ka Long giúp tôi,poi_other,park,Công viên Ka Long,osm_poi_way_368453480,Quảng Ninh,,,,,,nav_command,nav_command_neutral_medium_006,current+none+no_prefix+neutral,current,none,neutral,osm,11|poi_other|nav_command|neutral_medium
855295a12df00aa5,mở đường đến Nhà thờ Thanh Lân giúp tôi,poi_other,worship_place,Nhà thờ Thanh Lân,osm_poi_node_10895510913,Quảng Ninh,,,,,,nav_command,nav_command_neutral_short_007,current+none+no_prefix+neutral,current,none,neutral,osm,11|poi_other|nav_command|neutral_short
04dcc13d5c42a57b,này đi Đền thờ vua Lê Thánh Tông đường nào nhanh nhất nhé,poi_other,worship_place,Đền thờ vua Lê Thánh Tông,osm_poi_way_673097001,Quảng Ninh,,,,,,route_question,route_question_neutral_medium_005,current+none+no_prefix+neutral,current,none,neutral,osm,11|poi_other|route_question|neutral_medium
c0f6919efa5db7b6,tới Nhà Máy Nước Đoan Tĩnh Thành phố Móng Cái ở tỉnh Quảng Ninh đường nào,poi_other,industrial_zone,Nhà Máy Nước Đoan Tĩnh Thành phố Móng Cái ở tỉnh Quảng Ninh,osm_poi_way_1430904307,Quảng Ninh,,,,,,route_question,route_question_neutral_short_007,current+none+no_prefix+neutral,current,none,neutral,osm,11|poi_other|route_question|neutral_short
e1dd0e097ab23386,tìm giùm Sân vận động Hà Lầm ở tỉnh Quảng Ninh được không,poi_other,stadium,Sân vận động Hà Lầm ở tỉnh Quảng Ninh,osm_poi_way_673593508,Quảng Ninh,,,,,,search,search_casual_short_008,current+none+no_prefix+casual,current,none,casual,osm,11|poi_other|search|casual_short
f563cead625565ed,kiếm giúp tôi thông tin Đền Quan Sơn ở tỉnh Quảng Ninh,poi_other,worship_place,Đền Quan Sơn ở tỉnh Quảng Ninh,osm_poi_way_674228548,Quảng Ninh,,,,,,search,search_neutral_medium_002,current+none+no_prefix+neutral,current,none,neutral,osm,11|poi_other|search|neutral_medium
9abe2e1d4eaaa913,tìm Nhà thờ Giáo họ Cô Tô ở tỉnh Quảng Ninh giúp tôi,poi_other,worship_place,Nhà thờ Giáo họ Cô Tô ở tỉnh Quảng Ninh,osm_poi_way_1209944970,Quảng Ninh,,,,,,search,search_neutral_short_002,current+none+no_prefix+neutral,current,none,neutral,osm,11|poi_other|search|neutral_short
ef70c39117f5cfa6,ờ đoạn này có gần Trường Trung cấp Nghề Hạ Long không,public_facility,university,Trường Trung cấp Nghề Hạ Long,osm_poi_way_673593436,Quảng Ninh,,,,,,contextual,contextual_neutral_medium_007,current+none+no_prefix+neutral,current,none,neutral,osm,11|public_facility|contextual|neutral_medium
4658775c58782536,gần Trường Trung học cơ sở Trọng Điểm ở tỉnh Quảng Ninh không,public_facility,school,Trường Trung học cơ sở Trọng Điểm ở tỉnh Quảng Ninh,osm_poi_way_625066642,Quảng Ninh,,,,,,contextual,contextual_neutral_short_001,current+none+no_prefix+neutral,current,none,neutral,osm,11|public_facility|contextual|neutral_short
03f6122922786f28,chỉ đường Thanh tra tỉnh Quảng Ninh với,public_facility,government_office,Thanh tra tỉnh Quảng Ninh,osm_poi_way_676535745,Quảng Ninh,,,,,,conversational,conversational_casual_short_003,current+none+no_prefix+casual,current,none,casual,osm,11|public_facility|conversational|casual_short
d1304c494021b64c,này giúp tôi tìm đường đến UBND thị trấn Trới ở tỉnh Quảng Ninh,public_facility,government_office,UBND thị trấn Trới ở tỉnh Quảng Ninh,osm_poi_way_677419494,Quảng Ninh,,,,,,conversational,conversational_neutral_medium_009,current+none+no_prefix+neutral,current,none,neutral,osm,11|public_facility|conversational|neutral_medium
82a064e83b9ff19f,cho hỏi ngả tới Trường Tiểu học Hải Hòa với,public_facility,school,Trường Tiểu học Hải Hòa,osm_poi_way_610783730,Quảng Ninh,,,,,,conversational,conversational_neutral_short_009,current+none+no_prefix+neutral,current,none,neutral,osm,11|public_facility|conversational|neutral_short
a2f829ed831c5b6a,"à thế chỉ mình đường đi Trường Trung học cơ sở Thị trấn Cái Rồng ở tỉnh Quảng Ninh đi, mình mới chuyển tới đây",public_facility,school,Trường Trung học cơ sở Thị trấn Cái Rồng ở tỉnh Quảng Ninh,osm_poi_way_686444612,Quảng Ninh,,,,,,nav_command,nav_command_casual_long_003,current+none+no_prefix+casual,current,none,casual,osm,11|public_facility|nav_command|casual_long
52994b68c1378600,phóng tới Trường Tiểu học Trần Quốc Toản,public_facility,school,Trường Tiểu học Trần Quốc Toản,osm_poi_way_675995952,Quảng Ninh,,,,,,nav_command,nav_command_casual_short_008,current+none+no_prefix+casual,current,none,casual,osm,11|public_facility|nav_command|casual_short
f495870a9acc2330,xin cho hỏi nhờ dẫn đường giúp tôi tới Trường Tiểu học Quang Hanh được không ạ,public_facility,school,Trường Tiểu học Quang Hanh,osm_poi_way_678649681,Quảng Ninh,,,,,,nav_command,nav_command_formal_medium_007,current+none+no_prefix+formal,current,none,formal,osm,11|public_facility|nav_command|formal_medium
a328c54fe9bd9df1,cho mình hỏi chỉ tuyến đường đến Trụ sở Liên cơ quan ba,public_facility,government_office,Trụ sở Liên cơ quan ba,osm_poi_way_674062084,Quảng Ninh,,,,,,nav_command,nav_command_neutral_medium_007,current+cardinal+no_prefix+neutral,current,cardinal,neutral,osm,11|public_facility|nav_command|neutral_medium
997a85058cfc4df8,dẫn đường đến Trường Trung học phổ thông Lý Thường Kiệt,public_facility,school,Trường Trung học phổ thông Lý Thường Kiệt,osm_poi_way_970273054,Quảng Ninh,,,,,,nav_command,nav_command_neutral_short_003,current+none+no_prefix+neutral,current,none,neutral,osm,11|public_facility|nav_command|neutral_short
c82e194f18b099e5,đi Bệnh viện Lão khoa - Phục hồi chức năng Quảng Ninh ở tỉnh Quảng Ninh sao,public_facility,hospital,Bệnh viện Lão khoa - Phục hồi chức năng Quảng Ninh ở tỉnh Quảng Ninh,osm_poi_way_678388024,Quảng Ninh,,,,,,route_question,route_question_casual_short_004,current+none+no_prefix+casual,current,none,casual,osm,11|public_facility|route_question|casual_short
30e71374d4a3e3c5,đường nào gần nhất đến Bệnh viện Đa khoa khu vực Vân Đồn ở tỉnh Quảng Ninh,public_facility,hospital,Bệnh viện Đa khoa khu vực Vân Đồn ở tỉnh Quảng Ninh,osm_poi_way_686444600,Quảng Ninh,,,,,,route_question,route_question_neutral_medium_004,current+none+no_prefix+neutral,current,none,neutral,osm,11|public_facility|route_question|neutral_medium
2824b5858bbe2283,đường nào đến Bệnh viện Sản Nhi Quảng Ninh giúp tôi,public_facility,hospital,Bệnh viện Sản Nhi Quảng Ninh,osm_poi_way_677629789,Quảng Ninh,,,,,,route_question,route_question_neutral_short_004,current+none+no_prefix+neutral,current,none,neutral,osm,11|public_facility|route_question|neutral_short
0788e010355d5853,"ê thế tìm giúp mình UBND phường Hà Lầm ở tỉnh Quảng Ninh cái, tìm chỗ nào gần gần thôi giúp mình",public_facility,government_office,UBND phường Hà Lầm ở tỉnh Quảng Ninh,osm_poi_way_673593441,Quảng Ninh,,,,,,search,search_casual_long_001,current+none+no_prefix+casual,current,none,casual,osm,11|public_facility|search|casual_long
9659d14bf4ab8afd,dò Trường Tiểu học Thái Bình ở tỉnh Quảng Ninh với,public_facility,school,Trường Tiểu học Thái Bình ở tỉnh Quảng Ninh,osm_poi_way_368602091,Quảng Ninh,,,,,,search,search_casual_short_004,current+none+no_prefix+casual,current,none,casual,osm,11|public_facility|search|casual_short
cf66d4004fa2c8d4,cho tôi hỏi một chút xin tìm giúp thông tin về Trường Tiểu học Quang Trung,public_facility,school,Trường Tiểu học Quang Trung,osm_poi_way_676780310,Quảng Ninh,,,,,,search,search_formal_medium_009,current+none+no_prefix+formal,current,none,formal,osm,11|public_facility|search|formal_medium
bffd856d14b024b2,tìm hộ tôi vị trí Trường Cao đẳng Y tế Quảng Ninh ở tỉnh Quảng Ninh với,public_facility,university,Trường Cao đẳng Y tế Quảng Ninh ở tỉnh Quảng Ninh,osm_poi_way_674168458,Quảng Ninh,,,,,,search,search_neutral_medium_006,current+none+no_prefix+neutral,current,none,neutral,osm,11|public_facility|search|neutral_medium
7dad6dddd02d2498,dò giúp Trạm khí tượng Móng Cái,public_facility,government_office,Trạm khí tượng Móng Cái,osm_poi_way_1222435345,Quảng Ninh,,,,,,search,search_neutral_short_010,current+none+no_prefix+neutral,current,none,neutral,osm,11|public_facility|search|neutral_short
4187213c767dd91e,cho tôi xuống ở Trường Trung học phổ thông Lương Thế Vinh - cơ sở hai,public_facility,school,Trường Trung học phổ thông Lương Thế Vinh - cơ sở hai,osm_poi_way_679438458,Quảng Ninh,,,,,,short_command,short_command_neutral_medium_006,current+cardinal+no_prefix+neutral,current,cardinal,neutral,osm,11|public_facility|short_command|neutral_medium
a40929a6964aa4d4,dừng Trường Tiểu học Hà Lầm ở tỉnh Quảng Ninh,public_facility,school,Trường Tiểu học Hà Lầm ở tỉnh Quảng Ninh,osm_poi_way_673096965,Quảng Ninh,,,,,,short_command,short_command_neutral_short_010,current+none+no_prefix+neutral,current,none,neutral,osm,11|public_facility|short_command|neutral_short
64e522f7a9897660,này xung quanh Lạc Long Quân· có bệnh viện nào không vậy,street,highway,Lạc Long Quân·,osm_street_way_348786084,Quảng Ninh,,,,Lạc Long Quân·,,contextual,contextual_casual_long_010,current+none+no_prefix+casual,current,none,casual,osm,11|street|contextual|casual_long
afd1d9822470383f,chỗ này gần đường Cái Dăm ở tỉnh Quảng Ninh hông,street,street,đường Cái Dăm ở tỉnh Quảng Ninh,osm_street_way_231176997,Quảng Ninh,,,,Đường Cái Dăm,,contextual,contextual_casual_short_004,current+none+prefix+casual,current,none,casual,osm,11|street|contextual|casual_short
3df84ee7c08ff7c4,xin hỏi đoạn này có gần phố Nguyễn Trọng Yên không,street,street,phố Nguyễn Trọng Yên,osm_street_way_313309309,Quảng Ninh,,,,Phố Nguyễn Trọng Yên,,contextual,contextual_formal_medium_006,current+none+prefix+formal,current,none,formal,osm,11|street|contextual|formal_medium
b2d239b978c0d750,cho mình hỏi từ đây đến Lê Giốc ở tỉnh Quảng Ninh có xa không,street,street,Lê Giốc ở tỉnh Quảng Ninh,osm_street_way_363160896,Quảng Ninh,,,,Lê Giốc,,contextual,contextual_neutral_medium_005,current+none+no_prefix+neutral,current,none,neutral,osm,11|street|contextual|neutral_medium
884c7b367efdfa6c,có gần phố Hồng Phúc ở tỉnh Quảng Ninh không,street,street,phố Hồng Phúc ở tỉnh Quảng Ninh,osm_street_way_676252164,Quảng Ninh,,,,Phố Hồng Phúc,,contextual,contextual_neutral_short_005,current+none+prefix+neutral,current,none,neutral,osm,11|street|contextual|neutral_short
9302df4075715723,"à mình không rành đường ở đây, chỉ mình tới phố Nguyễn Khắc Khang ở tỉnh Quảng Ninh với",street,street,phố Nguyễn Khắc Khang ở tỉnh Quảng Ninh,osm_street_way_534551537,Quảng Ninh,,,,Phố Nguyễn Khắc Khang,,conversational,conversational_casual_long_008,current+none+prefix+casual,current,none,casual,osm,11|street|conversational|casual_long
0f20bf87433f7e91,biết đường phố Trần Quang Khải không,street,street,phố Trần Quang Khải,osm_street_way_253223694,Quảng Ninh,,,,Trần Quang Khải,,conversational,conversational_casual_short_002,current+none+prefix+casual,current,none,casual,osm,11|street|conversational|casual_short
e29619378d3adbdf,cho tôi hỏi một chút tôi đang tìm đường đến phố Bờ Hồ giúp tôi với ạ,street,street,phố Bờ Hồ,osm_street_way_313309283,Quảng Ninh,,,,Phố Bờ Hồ,,conversational,conversational_formal_medium_006,current+none+prefix+formal,current,none,formal,osm,11|street|conversational|formal_medium
2c91804024c5dd09,cho tôi hỏi cho tôi hỏi đường đến Hải Âu,street,street,Hải Âu,osm_street_way_825106659,Quảng Ninh,,,,Đường Hải Âu,,conversational,conversational_neutral_medium_001,current+none+no_prefix+neutral,current,none,neutral,osm,11|street|conversational|neutral_medium
d9830877c8b42e85,cho hỏi lối đến ngõ một trăm hai mươi hai Nguyễn Đức Cảnh với,street,street,ngõ một trăm hai mươi hai Nguyễn Đức Cảnh,osm_street_way_678649580,Quảng Ninh,,,,Ngõ 122 Nguyễn Đức Cảnh,,conversational,conversational_neutral_short_003,current+cardinal+prefix+neutral,current,cardinal,neutral,osm,11|street|conversational|neutral_short
504944b93de4a2c4,"dẫn mình đường tới Hang Đinh ở tỉnh Quảng Ninh với, đi từ từ thôi cũng được nha",street,street,Hang Đinh ở tỉnh Quảng Ninh,osm_street_way_326454476,Quảng Ninh,,,,Hang Đinh,,nav_command,nav_command_casual_long_010,current+none+no_prefix+casual,current,none,casual,osm,11|street|nav_command|casual_long
bba1458e48f238d1,tới Cầu Lộ Phong ở tỉnh Quảng Ninh,street,highway,Cầu Lộ Phong ở tỉnh Quảng Ninh,osm_street_way_223186597,Quảng Ninh,,,,Cầu Lộ Phong,,nav_command,nav_command_casual_short_002,current+none+no_prefix+casual,current,none,casual,osm,11|street|nav_command|casual_short
2d25117ec12c74ae,xin chỉ lối đi đến đường Hồng Ngọc,street,street,đường Hồng Ngọc,osm_street_way_400128029,Quảng Ninh,,,,Hồng Ngọc,,nav_command,nav_command_formal_medium_008,current+none+prefix+formal,current,none,formal,osm,11|street|nav_command|formal_medium
09b44292d9f23326,chỉ tuyến đường đến ngõ mười tám Tân Bình nhé,street,street,ngõ mười tám Tân Bình,osm_street_way_679010219,Quảng Ninh,,,,Ngõ 18 Tân Bình,,nav_command,nav_command_neutral_medium_007,current+cardinal+prefix+neutral,current,cardinal,neutral,osm,11|street|nav_command|neutral_medium
2820f0e0576e25a8,dẫn đường đến phố Khe Cát ở tỉnh Quảng Ninh,street,street,phố Khe Cát ở tỉnh Quảng Ninh,osm_street_way_761131896,Quảng Ninh,,,,Phố Khe Cát,,nav_command,nav_command_neutral_short_003,current+none+prefix+neutral,current,none,neutral,osm,11|street|nav_command|neutral_short
dbdb025db53bee5e,ờ từ đây qua phố Trần Quốc Toản ở tỉnh Quảng Ninh đi lối nào cho lẹ vậy,street,street,phố Trần Quốc Toản ở tỉnh Quảng Ninh,osm_street_way_156045481,Quảng Ninh,,,,Trần Quốc Toản,,route_question,route_question_casual_long_009,current+none+prefix+casual,current,none,casual,osm,11|street|route_question|casual_long
e331d50e17b70f93,đi sao tới phố Nguyễn Sơn đi,street,street,phố Nguyễn Sơn,osm_street_way_231179332,Quảng Ninh,,,,Phố Nguyễn Sơn,,route_question,route_question_casual_short_010,current+none+prefix+casual,current,none,casual,osm,11|street|route_question|casual_short
435e942eaaf9810d,làm ơn cho hỏi xin hỏi đường đi đường Hồng Hải ở tỉnh Quảng Ninh theo lối nào,street,street,đường Hồng Hải ở tỉnh Quảng Ninh,osm_street_way_253252707,Quảng Ninh,,,,Đường Hồng Hải,,route_question,route_question_formal_medium_007,current+none+prefix+formal,current,none,formal,osm,11|street|route_question|formal_medium
524af001a26bbb1d,cho mình hỏi từ đây đến Nguyễn Tri Phương bao xa,street,street,Nguyễn Tri Phương,osm_street_way_400692944,Quảng Ninh,,,,Nguyễn Tri Phương,,route_question,route_question_neutral_medium_010,current+none+no_prefix+neutral,current,none,neutral,osm,11|street|route_question|neutral_medium
ddd697ef0da50fec,đường nào tới phố Kim Hoàn ở tỉnh Quảng Ninh,street,street,phố Kim Hoàn ở tỉnh Quảng Ninh,osm_street_way_363167572,Quảng Ninh,,,,Kim Hoàn,,route_question,route_question_neutral_short_010,current+none+prefix+neutral,current,none,neutral,osm,11|street|route_question|neutral_short
378244ee36c7d6ff,"cho hỏi cái kiếm giùm mình Nguyễn Quyền cái, không cần xa lắm đâu nhỉ",street,street,Nguyễn Quyền,osm_street_way_400695068,Quảng Ninh,,,,Phố Nguyễn Quyền,,search,search_casual_long_004,current+none+no_prefix+casual,current,none,casual,osm,11|street|search|casual_long
cf8c92f0260212d1,dò phố Đặng Thùy Trâm ở tỉnh Quảng Ninh được không,street,street,phố Đặng Thùy Trâm ở tỉnh Quảng Ninh,osm_street_way_237596077,Quảng Ninh,,,,Phố Đặng Thùy Trâm,,search,search_casual_short_004,current+none+prefix+casual,current,none,casual,osm,11|street|search|casual_short
59a76ba70b82b326,nhờ tìm giúp vị trí đường Lê Thanh Nghị ở tỉnh Quảng Ninh được không ạ,street,highway,đường Lê Thanh Nghị ở tỉnh Quảng Ninh,osm_street_way_60975784,Quảng Ninh,,,,Đường Lê Thanh Nghị,,search,search_formal_medium_002,current+none+prefix+formal,current,none,formal,osm,11|street|search|formal_medium
6ed3cf3a28bba937,kiếm giúp tôi chỗ Cầu hai mươi ở tỉnh Quảng Ninh được không,street,highway,Cầu hai mươi ở tỉnh Quảng Ninh,osm_street_way_680690085,Quảng Ninh,,,,Cầu 20,,search,search_neutral_medium_010,current+cardinal+no_prefix+neutral,current,cardinal,neutral,osm,11|street|search|neutral_medium
54446db039014f10,kiếm giúp Đồn năm được không,street,street,Đồn năm,osm_street_way_156045487,Quảng Ninh,,,,Đồn 5,,search,search_neutral_short_003,current+cardinal+no_prefix+neutral,current,cardinal,neutral,osm,11|street|search|neutral_short
f876989690734360,"cho hỏi cái chỗ đó, Yên Tử ở tỉnh Quảng Ninh ấy, vòng qua đó cái",street,highway,Yên Tử ở tỉnh Quảng Ninh,osm_street_way_744790041,Quảng Ninh,,,,Đường Yên Tử,,short_command,short_command_casual_long_009,current+none+no_prefix+casual,current,none,casual,osm,11|street|short_command|casual_long
c507857877dc1896,lượn qua hai trăm bảy mươi chín,street,highway,hai trăm bảy mươi chín,osm_street_way_107418716,Quảng Ninh,,,,Đường 279,,short_command,short_command_casual_short_009,current+cardinal+no_prefix+casual,current,cardinal,casual,osm,11|street|short_command|casual_short
7c24caa574e50a18,xin cho tôi xuống ở phố Lương Thế Vinh,street,street,phố Lương Thế Vinh,osm_street_way_286838409,Quảng Ninh,,,,Lương Thế Vinh,,short_command,short_command_formal_medium_007,current+none+prefix+formal,current,none,formal,osm,11|street|short_command|formal_medium
852c6ea7eeafe675,cho tôi hỏi cho tôi xuống ở phố Bạch Thái Bưởi ở tỉnh Quảng Ninh nhé,street,street,phố Bạch Thái Bưởi ở tỉnh Quảng Ninh,osm_street_way_85739424,Quảng Ninh,,,,Phố Bạch Thái Bưởi,,short_command,short_command_neutral_medium_006,current+none+prefix+neutral,current,none,neutral,osm,11|street|short_command|neutral_medium
27b2c59f473b53f8,dừng phố Soi Sim giúp tôi,street,street,phố Soi Sim,osm_street_way_674641706,Quảng Ninh,,,,Soi Sim,,short_command,short_command_neutral_short_010,current+none+prefix+neutral,current,none,neutral,osm,11|street|short_command|neutral_short
d678e081e105e5da,mình đang tìm đường đến hai bốn ba Nguyễn Đức Thuận ở tỉnh Thanh Hóa,address,house_address,hai bốn ba Nguyễn Đức Thuận ở tỉnh Thanh Hóa,osm_street_way_834135376,Thanh Hóa,,,,Nguyễn Đức Thuận,243 Nguyễn Đức Thuận,conversational,conversational_neutral_medium_007,current+digit_by_digit+no_prefix+neutral,current,digit_by_digit,neutral,osm,12|address|conversational|neutral_medium
2985bb0f39722717,hỏi đường tới số sáu mươi hai pê phố Hồng Nguyên ở tỉnh Thanh Hóa,address,house_address,số sáu mươi hai pê phố Hồng Nguyên ở tỉnh Thanh Hóa,osm_street_way_586050601,Thanh Hóa,,,,Phố Hồng Nguyên,62P Phố Hồng Nguyên,conversational,conversational_neutral_short_002,current+mixed+prefix+neutral,current,mixed,neutral,osm,12|address|conversational|neutral_short
a38ae312cb34b6b0,dẫn tới bốn một Nguyễn Xuân ở tỉnh Thanh Hóa được không,address,house_address,bốn một Nguyễn Xuân ở tỉnh Thanh Hóa,osm_street_way_887913789,Thanh Hóa,,,,Phố Nguyễn Xuân,41 Phố Nguyễn Xuân,nav_command,nav_command_casual_short_005,current+digit_by_digit+no_prefix+casual,current,digit_by_digit,casual,osm,12|address|nav_command|casual_short
1de653f8607baedb,cho hỏi tìm hộ đường đến một trăm lẻ tám ngõ ba Lê Văn Linh ở tỉnh Thanh Hóa giúp tôi,address,house_address,một trăm lẻ tám ngõ ba Lê Văn Linh ở tỉnh Thanh Hóa,osm_street_way_1034101263,Thanh Hóa,,,,Ngõ 3 Lê Văn Linh,108 Ngõ 3 Lê Văn Linh,nav_command,nav_command_neutral_medium_009,current+cardinal+prefix+neutral,current,cardinal,neutral,osm,12|address|nav_command|neutral_medium
6691e2e9dae110a5,tìm đường đến một trăm ba mươi hai xuyệt mười tám phố Nguyễn Bặc ở tỉnh Thanh Hóa,address,house_address,một trăm ba mươi hai xuyệt mười tám phố Nguyễn Bặc ở tỉnh Thanh Hóa,osm_street_way_852434188,Thanh Hóa,,,,Phố Nguyễn Bặc,132/18 Phố Nguyễn Bặc,nav_command,nav_command_neutral_short_004,current+cardinal+prefix+neutral,current,cardinal,neutral,osm,12|address|nav_command|neutral_short
d1cef42b6c0d71a6,làm sao đến mười bảy xuyệt ba mươi hai phố Quốc lộ mười sáu xuyệt nờ gờ tỉnh năm trăm bốn mươi mốt ở tỉnh Thanh Hóa nhanh nhất,address,house_address,mười bảy xuyệt ba mươi hai phố Quốc lộ mười sáu xuyệt nờ gờ tỉnh năm trăm bốn mươi mốt ở tỉnh Thanh Hóa,osm_street_way_315826780,Thanh Hóa,,,,Quốc lộ 16/Đường tỉnh 541,17/32 Quốc lộ 16/Đường tỉnh 541,route_question,route_question_neutral_medium_007,current+cardinal+prefix+neutral,current,cardinal,neutral,osm,12|address|route_question|neutral_medium
f96f74d97425f571,đến hai sáu hai xuyệt ba một đường Dương Đình Nghệ ở tỉnh Thanh Hóa lối nào vậy,address,house_address,hai sáu hai xuyệt ba một đường Dương Đình Nghệ ở tỉnh Thanh Hóa,osm_street_way_156084488,Thanh Hóa,,,,Đường Dương Đình Nghệ,262/31 Đường Dương Đình Nghệ,route_question,route_question_neutral_short_008,current+digit_by_digit+prefix+neutral,current,digit_by_digit,neutral,osm,12|address|route_question|neutral_short
7f013606c03a10e5,lục tìm số một trăm mười bốn ngõ Số hai đường Số hai tê hát nờ Tứ Luyện ở tỉnh Thanh Hóa đi,address,house_address,số một trăm mười bốn ngõ Số hai đường Số hai tê hát nờ Tứ Luyện ở tỉnh Thanh Hóa,osm_street_way_1154703459,Thanh Hóa,,,,Ngõ Số 02 Đường Số 02-Thôn Tứ Luyện,114 Ngõ Số 02 Đường Số 02-Thôn Tứ Luyện,search,search_casual_short_009,current+cardinal+prefix+casual,current,cardinal,casual,osm,12|address|search|casual_short
42c56edf39615f5e,dò giúp tôi vị trí số hai không một xuyệt bảy năm Lê Mạnh ở tỉnh Thanh Hóa được không,address,house_address,số hai không một xuyệt bảy năm Lê Mạnh ở tỉnh Thanh Hóa,osm_street_way_628800870,Thanh Hóa,,,,Phố Lê Mạnh,201/75 Phố Lê Mạnh,search,search_neutral_medium_007,current+digit_by_digit+no_prefix+neutral,current,digit_by_digit,neutral,osm,12|address|search|neutral_medium
cadc78dae17627c7,tìm số một trăm năm mươi lăm Nguyễn Chí Thanh ở tỉnh Thanh Hóa được không,address,house_address,số một trăm năm mươi lăm Nguyễn Chí Thanh ở tỉnh Thanh Hóa,osm_street_way_156084441,Thanh Hóa,,,,Đường Nguyễn Chí Thanh,155 Đường Nguyễn Chí Thanh,search,search_neutral_short_002,current+cardinal+no_prefix+neutral,current,cardinal,neutral,osm,12|address|search|neutral_short
277eaa4fff4910d0,chạy tới sáu mươi hai i đường Số bốn Thôn Trinh Lộc ở tỉnh Thanh Hóa,address,house_address,sáu mươi hai i đường Số bốn Thôn Trinh Lộc ở tỉnh Thanh Hóa,osm_street_way_851092057,Thanh Hóa,,,,Đường Số 04 Thôn Trinh Lộc,62I Đường Số 04 Thôn Trinh Lộc,short_command,short_command_neutral_medium_007,current+cardinal+prefix+neutral,current,cardinal,neutral,osm,12|address|short_command|neutral_medium
496b712d1e67ca4c,rẽ số một một ngõ ba đường số ba ở tỉnh Thanh Hóa được không,address,house_address,số một một ngõ ba đường số ba ở tỉnh Thanh Hóa,osm_street_way_856535934,Thanh Hóa,,,,Ngõ 3 Đường số 3,11 Ngõ 3 Đường số 3,short_command,short_command_neutral_short_009,current+digit_by_digit+prefix+neutral,current,digit_by_digit,neutral,osm,12|address|short_command|neutral_short
3abfe232b9db17df,thế ở đây có gần xã Nhi Sơn ở tỉnh Thanh Hóa không,admin_unit,ward,xã Nhi Sơn ở tỉnh Thanh Hóa,osm_ward_19521120,Thanh Hóa,,,Nhi Sơn,,,contextual,contextual_neutral_medium_009,current+none+prefix+neutral,current,none,neutral,manual,12|admin_unit|contextual|neutral_medium
ec00f223f8b08c5a,quanh đây gần phường Trúc Lâm không,admin_unit,ward,phường Trúc Lâm,osm_ward_19428627,Thanh Hóa,,,Trúc Lâm,,,contextual,contextual_neutral_short_006,current+none+prefix+neutral,current,none,neutral,manual,12|admin_unit|contextual|neutral_short
7022c41e227b34e0,biết đường xã Ngọc Trạo ở tỉnh Thanh Hóa không,admin_unit,ward,xã Ngọc Trạo ở tỉnh Thanh Hóa,osm_ward_19521122,Thanh Hóa,,,Ngọc Trạo,,,conversational,conversational_casual_short_002,current+none+prefix+casual,current,none,casual,manual,12|admin_unit|conversational|casual_short
4106f8a1bab8f68a,cho hỏi tôi đang cần tìm đường đến xã Hậu Lộc,admin_unit,ward,xã Hậu Lộc,osm_ward_19521160,Thanh Hóa,,,Hậu Lộc,,,conversational,conversational_neutral_medium_002,current+none+prefix+neutral,current,none,neutral,manual,12|admin_unit|conversational|neutral_medium
ee06cb18b4cdd7f7,hỏi hướng đến xã Xuân Du,admin_unit,ward,xã Xuân Du,osm_ward_19521048,Thanh Hóa,,,Xuân Du,,,conversational,conversational_neutral_short_010,current+none+prefix+neutral,current,none,neutral,manual,12|admin_unit|conversational|neutral_short
710e62dbf41c7e13,"dẫn đường tới Ngọc Liên giúp mình, đi đường tắt cũng được cái nhé",admin_unit,ward,Ngọc Liên,osm_ward_19521123,Thanh Hóa,,,Ngọc Liên,,,nav_command,nav_command_casual_long_006,current+none+no_prefix+casual,current,none,casual,manual,12|admin_unit|nav_command|casual_long
26ab7bb0cac3dcfa,tới xã Các Sơn ở tỉnh Thanh Hóa nha,admin_unit,ward,xã Các Sơn ở tỉnh Thanh Hóa,osm_ward_19428625,Thanh Hóa,,,Các Sơn,,,nav_command,nav_command_casual_short_002,current+none+prefix+casual,current,none,casual,manual,12|admin_unit|nav_command|casual_short
2604b8b6927820a0,xin cho tôi đường đi đến xã Yên Phú,admin_unit,ward,xã Yên Phú,osm_ward_19521039,Thanh Hóa,,,Yên Phú,,,nav_command,nav_command_formal_medium_004,current+none+prefix+formal,current,none,formal,manual,12|admin_unit|nav_command|formal_medium
d1ebeb88f5bb0520,tìm giúp đường đến Đồng Lương ở tỉnh Thanh Hóa,admin_unit,ward,Đồng Lương ở tỉnh Thanh Hóa,osm_ward_19521166,Thanh Hóa,,,Đồng Lương,,,nav_command,nav_command_neutral_medium_003,current+none+no_prefix+neutral,current,none,neutral,manual,12|admin_unit|nav_command|neutral_medium
def9b6c428b6f762,mở đường đến Trung Thành,admin_unit,ward,Trung Thành,osm_ward_19521059,Thanh Hóa,,,Trung Thành,,,nav_command,nav_command_neutral_short_007,current+none+no_prefix+neutral,current,none,neutral,manual,12|admin_unit|nav_command|neutral_short
6250f7c32709dc92,đi sao tới xã Tam Thanh cái nhé,admin_unit,ward,xã Tam Thanh,osm_ward_19521097,Thanh Hóa,,,Tam Thanh,,,route_question,route_question_casual_short_010,current+none+prefix+casual,current,none,casual,manual,12|admin_unit|route_question|casual_short
07e8140ba252ab25,cho mình hỏi đi xã Kiên Thọ đường nào nhanh nhất giúp tôi,admin_unit,ward,xã Kiên Thọ,osm_ward_19521144,Thanh Hóa,,,Kiên Thọ,,,route_question,route_question_neutral_medium_005,current+none+prefix+neutral,current,none,neutral,manual,12|admin_unit|route_question|neutral_medium
4a5bb5e970626e5e,đường nào tới xã Nông Cống,admin_unit,ward,xã Nông Cống,osm_ward_19521117,Thanh Hóa,,,Nông Cống,,,route_question,route_question_neutral_short_010,current+none+prefix+neutral,current,none,neutral,manual,12|admin_unit|route_question|neutral_short
d352c4fa864512fa,"ơ thế tìm giúp mình Thượng Ninh cái, tìm chỗ nào gần gần thôi giúp mình",admin_unit,ward,Thượng Ninh,osm_ward_19521069,Thanh Hóa,,,Thượng Ninh,,,search,search_casual_long_001,current+none+no_prefix+casual,current,none,casual,manual,12|admin_unit|search|casual_long
c1aaad1e86c23f77,kiếm thử phường Hạc Thành với,admin_unit,ward,phường Hạc Thành,osm_ward_19428631,Thanh Hóa,,,Hạc Thành,,,search,search_casual_short_005,current+none+prefix+casual,current,none,casual,manual,12|admin_unit|search|casual_short
c356db6560c225bb,xin phép hỏi xin tìm giúp xã Thiệu Trung ở tỉnh Thanh Hóa,admin_unit,ward,xã Thiệu Trung ở tỉnh Thanh Hóa,osm_ward_19521076,Thanh Hóa,,,Thiệu Trung,,,search,search_formal_medium_001,current+none+prefix+formal,current,none,formal,manual,12|admin_unit|search|formal_medium
ad3475df1a01d71d,kiếm hộ tôi xã Thọ Bình ở tỉnh Thanh Hóa được không,admin_unit,ward,xã Thọ Bình ở tỉnh Thanh Hóa,osm_ward_19521075,Thanh Hóa,,,Thọ Bình,,,search,search_neutral_medium_005,current+none+prefix+neutral,current,none,neutral,manual,12|admin_unit|search|neutral_medium
b4164231ff35685c,tra giúp Giao An ở tỉnh Thanh Hóa,admin_unit,ward,Giao An ở tỉnh Thanh Hóa,osm_ward_19521163,Thanh Hóa,,,Giao An,,,search,search_neutral_short_004,current+none+no_prefix+neutral,current,none,neutral,manual,12|admin_unit|search|neutral_short
456fd48cdffe6902,vòng qua Lương Sơn ở tỉnh Thanh Hóa giúp mình,admin_unit,ward,Lương Sơn ở tỉnh Thanh Hóa,osm_ward_19521138,Thanh Hóa,,,Lương Sơn,,,short_command,short_command_casual_short_005,current+none+no_prefix+casual,current,none,casual,manual,12|admin_unit|short_command|casual_short
8a06d74408529a52,cho tôi xuống ở Các Sơn,admin_unit,ward,Các Sơn,osm_ward_19428625,Thanh Hóa,,,Các Sơn,,,short_command,short_command_neutral_medium_006,current+none+no_prefix+neutral,current,none,neutral,manual,12|admin_unit|short_command|neutral_medium
5a30c03b21b697b6,ghé Hà Trung nhé,admin_unit,ward,Hà Trung,osm_ward_19521161,Thanh Hóa,,,Hà Trung,,,short_command,short_command_neutral_short_006,current+none+no_prefix+neutral,current,none,neutral,manual,12|admin_unit|short_command|neutral_short
8fc3858abcd7021f,"ơ gần Lẩu gà Hải Tuyết có chùa nào không, mình đang cần gấp với",commercial,restaurant,Lẩu gà Hải Tuyết,osm_poi_node_5107273923,Thanh Hóa,,,,,,contextual,contextual_casual_long_006,current+none+no_prefix+casual,current,none,casual,osm,12|commercial|contextual|casual_long
6012eb4c5834b9ae,gần Hoa Hong Hotel ở tỉnh Thanh Hóa không ta,commercial,hotel,Hoa Hong Hotel ở tỉnh Thanh Hóa,osm_poi_node_3525191241,Thanh Hóa,,,,,,contextual,contextual_casual_short_006,current+none+no_prefix+casual,current,none,casual,osm,12|commercial|contextual|casual_short
7e94399b67a2249f,xin hỏi nơi này có gần Fuel Station không ạ,commercial,gas_station,Fuel Station,osm_poi_way_1341168612,Thanh Hóa,,,,,,contextual,contextual_formal_medium_009,current+none+no_prefix+formal,current,none,formal,osm,12|commercial|contextual|formal_medium
5127219c6d003616,chỗ này có gần Khách sạn Thuỳ Dương ba ở tỉnh Thanh Hóa không,commercial,hotel,Khách sạn Thuỳ Dương ba ở tỉnh Thanh Hóa,osm_poi_node_3525272164,Thanh Hóa,,,,,,contextual,contextual_neutral_medium_001,current+digit_by_digit+no_prefix+neutral,current,digit_by_digit,neutral,osm,12|commercial|contextual|neutral_medium
12309dbaff172a44,gần Petrolimex không,commercial,gas_station,Petrolimex,osm_poi_way_954924165,Thanh Hóa,,,,,,contextual,contextual_neutral_short_001,current+none+no_prefix+neutral,current,none,neutral,osm,12|commercial|contextual|neutral_short
7806fe6ab82d7acb,"này mình đang định qua Kha Hang Binh Tan, ai biết đường chỉ mình với",commercial,restaurant,Kha Hang Binh Tan,osm_poi_node_4807773122,Thanh Hóa,,,,,,conversational,conversational_casual_long_010,current+none+no_prefix+casual,current,none,casual,osm,12|commercial|conversational|casual_long
f90472596ce58dbf,biết lối Thực Đỏn không,commercial,restaurant,Thực Đỏn,osm_poi_node_4750817745,Thanh Hóa,,,,,,conversational,conversational_casual_short_010,current+none+no_prefix+casual,current,none,casual,osm,12|commercial|conversational|casual_short
bd67404b974d9875,tôi xin hỏi đường đi tới PV Oil được không ạ,commercial,gas_station,PV Oil,osm_poi_node_12369653687,Thanh Hóa,,,,,,conversational,conversational_formal_medium_002,current+none+no_prefix+formal,current,none,formal,osm,12|commercial|conversational|formal_medium
45522b28d2dbbb3b,cho tôi hỏi ờ cho mình hỏi lối đến Hotel Mai Trang ở tỉnh Thanh Hóa với,commercial,hotel,Hotel Mai Trang ở tỉnh Thanh Hóa,osm_poi_node_3525279803,Thanh Hóa,,,,,,conversational,conversational_neutral_medium_006,current+none+no_prefix+neutral,current,none,neutral,osm,12|commercial|conversational|neutral_medium
6cf622afe4425373,cho hỏi lối đến Bà Hoa Shop ở tỉnh Thanh Hóa nhé,commercial,supermarket,Bà Hoa Shop ở tỉnh Thanh Hóa,osm_poi_node_8276712095,Thanh Hóa,,,,,,conversational,conversational_neutral_short_003,current+none+no_prefix+neutral,current,none,neutral,osm,12|commercial|conversational|neutral_short
eae8402b97aaf6f5,"à dẫn mình đường tới Thăng Long Hotel ở tỉnh Thanh Hóa với, đi từ từ thôi cũng được với",commercial,hotel,Thăng Long Hotel ở tỉnh Thanh Hóa,osm_poi_node_4808874721,Thanh Hóa,,,,,,nav_command,nav_command_casual_long_010,current+none+no_prefix+casual,current,none,casual,osm,12|commercial|nav_command|casual_long
9d6e312c5f3db4bd,dẫn tới Puluong Retreat ở tỉnh Thanh Hóa đi mà,commercial,hotel,Puluong Retreat ở tỉnh Thanh Hóa,osm_poi_node_4248664712,Thanh Hóa,,,,,,nav_command,nav_command_casual_short_005,current+none+no_prefix+casual,current,none,casual,osm,12|commercial|nav_command|casual_short
21a7fb8153b1261c,xin phép hỏi nhờ chỉ giúp đường đến Gas Station xin cảm ơn,commercial,gas_station,Gas Station,osm_poi_node_5324019526,Thanh Hóa,,,,,,nav_command,nav_command_formal_medium_003,current+none+no_prefix+formal,current,none,formal,osm,12|commercial|nav_command|formal_medium
645e93699151b091,tìm hộ đường đến Thành phố Oil Fuel Station ở tỉnh Thanh Hóa được không,commercial,gas_station,Thành phố Oil Fuel Station ở tỉnh Thanh Hóa,osm_poi_way_1346301801,Thanh Hóa,,,,,,nav_command,nav_command_neutral_medium_009,current+none+no_prefix+neutral,current,none,neutral,osm,12|commercial|nav_command|neutral_medium
b001de7ecffb6d88,chỉ đường đến Com Binh Dan ở tỉnh Thanh Hóa,commercial,restaurant,Com Binh Dan ở tỉnh Thanh Hóa,osm_poi_node_10697076969,Thanh Hóa,,,,,,nav_command,nav_command_neutral_short_001,current+none+no_prefix+neutral,current,none,neutral,osm,12|commercial|nav_command|neutral_short
0c540b7ce7955faf,ơ đi Siêu thị Điện máy HC kiểu gì cho lẹ vậy ta,commercial,supermarket,Siêu thị Điện máy HC,osm_poi_way_729875154,Thanh Hóa,,,,,,route_question,route_question_casual_long_004,current+none+no_prefix+casual,current,none,casual,osm,12|commercial|route_question|casual_long
1c963d9cff7efbd3,đi Agribank ở tỉnh Thanh Hóa sao,commercial,bank,Agribank ở tỉnh Thanh Hóa,osm_poi_way_1189942004,Thanh Hóa,,,,,,route_question,route_question_casual_short_004,current+none+no_prefix+casual,current,none,casual,osm,12|commercial|route_question|casual_short
eaa4cced27347bf0,xin hỏi làm sao đến Phu Dong Hotel ở tỉnh Thanh Hóa nhanh nhất,commercial,hotel,Phu Dong Hotel ở tỉnh Thanh Hóa,osm_poi_node_3525219312,Thanh Hóa,,,,,,route_question,route_question_formal_medium_008,current+none+no_prefix+formal,current,none,formal,osm,12|commercial|route_question|formal_medium
ecf2d69d7262fd3f,muốn tới Tuân Vu ở tỉnh Thanh Hóa thì đi đường nào vậy,commercial,restaurant,Tuân Vu ở tỉnh Thanh Hóa,osm_poi_node_6499083486,Thanh Hóa,,,,,,route_question,route_question_neutral_medium_003,current+none+no_prefix+neutral,current,none,neutral,osm,12|commercial|route_question|neutral_medium
449d2032c84a513a,tới Kha Hang Binh Tan ở tỉnh Thanh Hóa đường nào vậy,commercial,restaurant,Kha Hang Binh Tan ở tỉnh Thanh Hóa,osm_poi_node_4807773122,Thanh Hóa,,,,,,route_question,route_question_neutral_short_007,current+none+no_prefix+neutral,current,none,neutral,osm,12|commercial|route_question|neutral_short
afaa6d3921390b3a,"kiếm hộ mình PV Oil ở tỉnh Thanh Hóa cái, tiện đường thì ghé qua với",commercial,gas_station,PV Oil ở tỉnh Thanh Hóa,osm_poi_node_5323902267,Thanh Hóa,,,,,,search,search_casual_long_009,current+none+no_prefix+casual,current,none,casual,osm,12|commercial|search|casual_long
711e115a5ead0403,tìm thử Puluong Bocbondi Retreat ở tỉnh Thanh Hóa,commercial,hotel,Puluong Bocbondi Retreat ở tỉnh Thanh Hóa,osm_poi_node_12747556104,Thanh Hóa,,,,,,search,search_casual_short_006,current+none+no_prefix+casual,current,none,casual,osm,12|commercial|search|casual_short
8c8d55456988ec48,xin tra giúp thông tin Cửa hàng xăng dầu cẩm lương ở tỉnh Thanh Hóa giúp tôi với ạ,commercial,gas_station,Cửa hàng xăng dầu cẩm lương ở tỉnh Thanh Hóa,osm_poi_node_13136375338,Thanh Hóa,,,,,,search,search_formal_medium_003,current+none+no_prefix+formal,current,none,formal,osm,12|commercial|search|formal_medium
fa5a9074c29c9e97,ờ kiếm giúp tôi thông tin Gas Station với,commercial,gas_station,Gas Station,osm_poi_node_5324020521,Thanh Hóa,,,,,,search,search_neutral_medium_002,current+none+no_prefix+neutral,current,none,neutral,osm,12|commercial|search|neutral_medium
6cf44d693c1a521c,tìm vị trí Vincom Thanh Hóa ở tỉnh Thanh Hóa,commercial,shopping_mall,Vincom Thanh Hóa ở tỉnh Thanh Hóa,osm_poi_node_5806378455,Thanh Hóa,,,,,,search,search_neutral_short_007,current+none+no_prefix+neutral,current,none,neutral,osm,12|commercial|search|neutral_short
946be5436478a7a4,"ơ à chỗ Puluong Bocbondi Retreat lúc nãy nói ấy, quẹo vô đó đi",commercial,hotel,Puluong Bocbondi Retreat,osm_poi_node_12747556104,Thanh Hóa,,,,,,short_command,short_command_casual_long_006,current+none+no_prefix+casual,current,none,casual,osm,12|commercial|short_command|casual_long
b17194ba58518896,táp vào Hai An hotel ở tỉnh Thanh Hóa,commercial,hotel,Hai An hotel ở tỉnh Thanh Hóa,osm_poi_node_10696752170,Thanh Hóa,,,,,,short_command,short_command_casual_short_010,current+none+no_prefix+casual,current,none,casual,osm,12|commercial|short_command|casual_short
8a4daab0001f39b8,xin rẽ vào Van Long Restaurant ở tỉnh Thanh Hóa,commercial,restaurant,Van Long Restaurant ở tỉnh Thanh Hóa,osm_poi_node_6358092970,Thanh Hóa,,,,,,short_command,short_command_formal_medium_006,current+none+no_prefix+formal,current,none,formal,osm,12|commercial|short_command|formal_medium
e9af877773d0dc83,cho tôi hỏi dừng lại ở Gas Station ở tỉnh Thanh Hóa,commercial,gas_station,Gas Station ở tỉnh Thanh Hóa,osm_poi_node_5324015823,Thanh Hóa,,,,,,short_command,short_command_neutral_medium_005,current+none+no_prefix+neutral,current,none,neutral,osm,12|commercial|short_command|neutral_medium
d72ec059ccbae26f,về HK Oil Fuel Station ở tỉnh Thanh Hóa,commercial,gas_station,HK Oil Fuel Station ở tỉnh Thanh Hóa,osm_poi_way_1344669089,Thanh Hóa,,,,,,short_command,short_command_neutral_short_007,current+none+no_prefix+neutral,current,none,neutral,osm,12|commercial|short_command|neutral_short
3ed43a0b033faeb1,ghé Hồ Cửa Trát cái nhé,landmark,lake,Hồ Cửa Trát,osm_poi_way_1057691339,Thanh Hóa,,,,,,nav_command,nav_command_casual_short_007,current+none+no_prefix+casual,current,none,casual,osm,12|landmark|nav_command|casual_short
e1e98b9af581f816,chỉ giúp lối đi đến Hồ Cửa Trát ở tỉnh Thanh Hóa nhé,landmark,lake,Hồ Cửa Trát ở tỉnh Thanh Hóa,osm_poi_way_1057691339,Thanh Hóa,,,,,,nav_command,nav_command_neutral_medium_010,current+none+no_prefix+neutral,current,none,neutral,osm,12|landmark|nav_command|neutral_medium
b7351a53f712f78e,đưa đường đến Chợ Thạch Yến nhé,landmark,market,Chợ Thạch Yến,osm_poi_node_11052276896,Thanh Hóa,,,,,,nav_command,nav_command_neutral_short_008,current+none+no_prefix+neutral,current,none,neutral,osm,12|landmark|nav_command|neutral_short
8ff9d48015c21653,tra cứu giúp tôi Hồ Khe Môn,landmark,lake,Hồ Khe Môn,osm_poi_way_1190963528,Thanh Hóa,,,,,,search,search_neutral_medium_008,current+none+no_prefix+neutral,current,none,neutral,osm,12|landmark|search|neutral_medium
b9e740f6b2e0cf8e,kiếm chỗ Chợ Yên Dạ giúp tôi,landmark,market,Chợ Yên Dạ,osm_poi_node_11051539239,Thanh Hóa,,,,,,search,search_neutral_short_006,current+none+no_prefix+neutral,current,none,neutral,osm,12|landmark|search|neutral_short
2ccf1bb25841b4c2,mình đang tìm đường đến Đên thờ Đào Duy Từ,poi_other,worship_place,Đên thờ Đào Duy Từ,osm_poi_way_1255165409,Thanh Hóa,,,,,,conversational,conversational_neutral_medium_007,current+none+no_prefix+neutral,current,none,neutral,osm,12|poi_other|conversational|neutral_medium
434835862941d2d6,cho hỏi ngả tới Bich Dong ở tỉnh Thanh Hóa nhé,poi_other,worship_place,Bich Dong ở tỉnh Thanh Hóa,osm_poi_node_1540779110,Thanh Hóa,,,,,,conversational,conversational_neutral_short_009,current+none+no_prefix+neutral,current,none,neutral,osm,12|poi_other|conversational|neutral_short
bf9859b51fda0aa7,dẫn tới Đền Vực Vông với,poi_other,worship_place,Đền Vực Vông,osm_poi_node_4273127089,Thanh Hóa,,,,,,nav_command,nav_command_casual_short_005,current+none+no_prefix+casual,current,none,casual,osm,12|poi_other|nav_command|casual_short
1bde298668347870,cho tôi hỏi chỉ giúp lối đi đến Toà Giám mục Thanh Hóa ở tỉnh Thanh Hóa,poi_other,worship_place,Toà Giám mục Thanh Hóa ở tỉnh Thanh Hóa,osm_poi_way_1021330352,Thanh Hóa,,,,,,nav_command,nav_command_neutral_medium_010,current+none+no_prefix+neutral,current,none,neutral,osm,12|poi_other|nav_command|neutral_medium
2c307b6c1bff67c8,chỉ đường tới Đền rồng được không,poi_other,worship_place,Đền rồng,osm_poi_node_4347784689,Thanh Hóa,,,,,,nav_command,nav_command_neutral_short_002,current+none+no_prefix+neutral,current,none,neutral,osm,12|poi_other|nav_command|neutral_short
470ec0f28dc12185,từ chỗ này đến Chùa Bái Đính đi hướng nào,poi_other,worship_place,Chùa Bái Đính,osm_poi_way_449263549,Thanh Hóa,,,,,,route_question,route_question_neutral_medium_009,current+none+no_prefix+neutral,current,none,neutral,osm,12|poi_other|route_question|neutral_medium
a6321deb1cf3ed9e,Nhà thờ Hữu Lễ đi hướng nào,poi_other,worship_place,Nhà thờ Hữu Lễ,osm_poi_node_4686124590,Thanh Hóa,,,,,,route_question,route_question_neutral_short_006,current+none+no_prefix+neutral,current,none,neutral,osm,12|poi_other|route_question|neutral_short
9bc7d1b15bb4acf0,mò tìm nhà ông Mai Văn Thuyết cái nhé,poi_other,park,nhà ông Mai Văn Thuyết,osm_poi_node_11054434696,Thanh Hóa,,,,,,search,search_casual_short_010,current+none+no_prefix+casual,current,none,casual,osm,12|poi_other|search|casual_short
3d65d6cdda67b11e,này tìm giúp tôi thông tin về Trường tiểu học Nga Thủy ở tỉnh Thanh Hóa được không,poi_other,worship_place,Trường tiểu học Nga Thủy ở tỉnh Thanh Hóa,osm_poi_node_4148782540,Thanh Hóa,,,,,,search,search_neutral_medium_009,current+none+no_prefix+neutral,current,none,neutral,osm,12|poi_other|search|neutral_medium
8f715b56cf4e71fe,tìm vị trí Cảng cá Hòa Lộc ở tỉnh Thanh Hóa,poi_other,industrial_zone,Cảng cá Hòa Lộc ở tỉnh Thanh Hóa,osm_poi_way_1453814557,Thanh Hóa,,,,,,search,search_neutral_short_007,current+none+no_prefix+neutral,current,none,neutral,osm,12|poi_other|search|neutral_short
12b82e2837ed1bef,quanh đây có gần Trường tiểu học Thạch Cẩm hai không,public_facility,school,Trường tiểu học Thạch Cẩm hai,osm_poi_node_11051539245,Thanh Hóa,,,,,,contextual,contextual_neutral_medium_002,current+cardinal+no_prefix+neutral,current,cardinal,neutral,osm,12|public_facility|contextual|neutral_medium
8dbc74319b7dadfd,gần đây có Bệnh viện Đa khoa Thường Xuân ở tỉnh Thanh Hóa không,public_facility,hospital,Bệnh viện Đa khoa Thường Xuân ở tỉnh Thanh Hóa,osm_poi_way_1226053006,Thanh Hóa,,,,,,contextual,contextual_neutral_short_002,current+none+no_prefix+neutral,current,none,neutral,osm,12|public_facility|contextual|neutral_short
1e42f519e07a77a8,biết đường Trường Trung học cơ sở và Trung học phổ thông Bá Thước ở tỉnh Thanh Hóa không,public_facility,school,Trường Trung học cơ sở và Trung học phổ thông Bá Thước ở tỉnh Thanh Hóa,osm_poi_way_1190389622,Thanh Hóa,,,,,,conversational,conversational_casual_short_002,current+none+no_prefix+casual,current,none,casual,osm,12|public_facility|conversational|casual_short
f0d5ead9e012f8ca,cho tôi hỏi đường đến Bệnh viện Đa khoa Quan Sơn ở tỉnh Thanh Hóa,public_facility,hospital,Bệnh viện Đa khoa Quan Sơn ở tỉnh Thanh Hóa,osm_poi_way_1225928660,Thanh Hóa,,,,,,conversational,conversational_neutral_medium_001,current+none+no_prefix+neutral,current,none,neutral,osm,12|public_facility|conversational|neutral_medium
6ea8852e6acf3f77,cho hỏi đường đến Trường Trung học phổ thông Thạch Thành hai giúp tôi,public_facility,school,Trường Trung học phổ thông Thạch Thành hai,osm_poi_node_11051575816,Thanh Hóa,,,,,,conversational,conversational_neutral_short_001,current+cardinal+no_prefix+neutral,current,cardinal,neutral,osm,12|public_facility|conversational|neutral_short
ba380b9743521d13,"chỉ mình đường đi Trung tâm Giáo dục thường xuyên tỉnh Thanh Hóa đi, mình mới chuyển tới đây giúp mình",public_facility,school,Trung tâm Giáo dục thường xuyên tỉnh Thanh Hóa,osm_poi_way_1021330351,Thanh Hóa,,,,,,nav_command,nav_command_casual_long_003,current+none+no_prefix+casual,current,none,casual,osm,12|public_facility|nav_command|casual_long
85010636b912d288,"vọt qua Trường Tiểu học, Trung học cơ sở & Trung học phổ thông Hồng Đức ở tỉnh Thanh Hóa cái nhé",public_facility,school,"Trường Tiểu học, Trung học cơ sở & Trung học phổ thông Hồng Đức ở tỉnh Thanh Hóa",osm_poi_node_11050835913,Thanh Hóa,,,,,,nav_command,nav_command_casual_short_010,current+none+no_prefix+casual,current,none,casual,osm,12|public_facility|nav_command|casual_short
b71bf0dd16d20386,xin cho hỏi mong chỉ giúp tuyến đường đến Bệnh viện Phụ sản Thanh Hóa xin cảm ơn,public_facility,hospital,Bệnh viện Phụ sản Thanh Hóa,osm_poi_way_978896442,Thanh Hóa,,,,,,nav_command,nav_command_formal_medium_009,current+none+no_prefix+formal,current,none,formal,osm,12|public_facility|nav_command|formal_medium
4ff864ba93221b7f,tìm hộ đường đến Trường Tiểu học Điền Trung nhé,public_facility,school,Trường Tiểu học Điền Trung,osm_poi_way_1160116035,Thanh Hóa,,,,,,nav_command,nav_command_neutral_medium_009,current+none+no_prefix+neutral,current,none,neutral,osm,12|public_facility|nav_command|neutral_medium
b0e8a22126c5e8bb,chỉ hướng đến Viện kiểm sát ND Khu vực chín - Thanh Hóa ở tỉnh Thanh Hóa,public_facility,government_office,Viện kiểm sát ND Khu vực chín - Thanh Hóa ở tỉnh Thanh Hóa,osm_poi_way_1189942001,Thanh Hóa,,,,,,nav_command,nav_command_neutral_short_009,current+digit_by_digit+no_prefix+neutral,current,digit_by_digit,neutral,osm,12|public_facility|nav_command|neutral_short
24b4ff08976cfc73,lối nào tới Trường Trung học phổ thông Lý Thường Kiệt,public_facility,school,Trường Trung học phổ thông Lý Thường Kiệt,osm_poi_way_1190527760,Thanh Hóa,,,,,,route_question,route_question_casual_short_006,current+none+no_prefix+casual,current,none,casual,osm,12|public_facility|route_question|casual_short
5521e73a1a6ff21d,từ đây đến Trường Trung học phổ thông Đông Sơn một ở tỉnh Thanh Hóa đi thế nào,public_facility,school,Trường Trung học phổ thông Đông Sơn một ở tỉnh Thanh Hóa,osm_poi_way_1190403747,Thanh Hóa,,,,,,route_question,route_question_neutral_medium_001,current+digit_by_digit+no_prefix+neutral,current,digit_by_digit,neutral,osm,12|public_facility|route_question|neutral_medium
5f0124faf8b61aef,Trường Trung học phổ thông Quảng Xương bốn đi kiểu gì nhỉ,public_facility,school,Trường Trung học phổ thông Quảng Xương bốn,osm_poi_way_1190527747,Thanh Hóa,,,,,,route_question,route_question_neutral_short_009,current+digit_by_digit+no_prefix+neutral,current,digit_by_digit,neutral,osm,12|public_facility|route_question|neutral_short
896fed8432224c57,"này dò giúp mình Trung tâm Giáo dục Quốc phòng và An ninh - Trường Đại học Hồng Đức cái, mình chưa biết chỗ nào cả nha",public_facility,university,Trung tâm Giáo dục Quốc phòng và An ninh - Trường Đại học Hồng Đức,osm_poi_way_1213969737,Thanh Hóa,,,,,,search,search_casual_long_006,current+none+no_prefix+casual,current,none,casual,osm,12|public_facility|search|casual_long
36c8010c7ff5da78,kiếm Bệnh viện Phổi Thanh Hóa cái nhé,public_facility,hospital,Bệnh viện Phổi Thanh Hóa,osm_poi_way_1021328535,Thanh Hóa,,,,,,search,search_casual_short_002,current+none+no_prefix+casual,current,none,casual,osm,12|public_facility|search|casual_short
6a4f90ff790073c5,xin cho hỏi xin tìm giúp thông tin về Bảo hiểm xã hội thị xã Nghi Sơn,public_facility,government_office,Bảo hiểm xã hội thị xã Nghi Sơn,osm_poi_way_1189942000,Thanh Hóa,,,,,,search,search_formal_medium_009,current+none+no_prefix+formal,current,none,formal,osm,12|public_facility|search|formal_medium
edeb9ab16096cf76,kiếm giúp tôi chỗ Trường Trung học phổ thông Quảng Xương hai ở tỉnh Thanh Hóa được không,public_facility,school,Trường Trung học phổ thông Quảng Xương hai ở tỉnh Thanh Hóa,osm_poi_way_1190527740,Thanh Hóa,,,,,,search,search_neutral_medium_010,current+cardinal+no_prefix+neutral,current,cardinal,neutral,osm,12|public_facility|search|neutral_medium
8bd653b37cdf194b,kiếm thử Trường Tiểu học - Trung học cơ sở Lương Chí với,public_facility,school,Trường Tiểu học - Trung học cơ sở Lương Chí,osm_poi_way_983582010,Thanh Hóa,,,,,,search,search_neutral_short_009,current+none+no_prefix+neutral,current,none,neutral,osm,12|public_facility|search|neutral_short
4bc5db07594eab7b,chạy tới Trường Trung học phổ thông Tĩnh Gia hai,public_facility,school,Trường Trung học phổ thông Tĩnh Gia hai,osm_poi_way_1188389916,Thanh Hóa,,,,,,short_command,short_command_neutral_medium_007,current+cardinal+no_prefix+neutral,current,cardinal,neutral,osm,12|public_facility|short_command|neutral_medium
83bd5643de22d2d9,dừng Trường Trung học cơ sở Thạch Lâm nhé,public_facility,school,Trường Trung học cơ sở Thạch Lâm,osm_poi_node_11058014299,Thanh Hóa,,,,,,short_command,short_command_neutral_short_010,current+none+no_prefix+neutral,current,none,neutral,osm,12|public_facility|short_command|neutral_short
88fd331f61e7bb7c,"thế quanh đây có chợ nào gần Lê Thị Hoa không, chỉ mình với",street,street,Lê Thị Hoa,osm_street_way_806602791,Thanh Hóa,,,,Phố Lê Thị Hoa,,contextual,contextual_casual_long_002,current+none+no_prefix+casual,current,none,casual,osm,12|street|contextual|casual_long
9f0e4f82c756e07b,gần Mai An Tiêm không ta,street,street,Mai An Tiêm,osm_street_way_156190658,Thanh Hóa,,,,Đường Mai An Tiêm,,contextual,contextual_casual_short_006,current+none+no_prefix+casual,current,none,casual,osm,12|street|contextual|casual_short
9a1ae683e23b9512,làm ơn cho hỏi xin hỏi vị trí này có gần phố Hải Triều không ạ,street,street,phố Hải Triều,osm_street_way_834115258,Thanh Hóa,,,,Phố Hải Triều,,contextual,contextual_formal_medium_008,current+none+prefix+formal,current,none,formal,osm,12|street|contextual|formal_medium
d8218fecd0a51d9b,khu này gần đường Lý Thái Tông không,street,highway,đường Lý Thái Tông,osm_street_way_647674645,Thanh Hóa,,,,Đường Lý Thái Tông,,contextual,contextual_neutral_medium_006,current+none+prefix+neutral,current,none,neutral,osm,12|street|contextual|neutral_medium
acdfeb5c54f89ab2,quanh đây gần đường Số ba Thôn Ba Đình ở tỉnh Thanh Hóa không,street,street,đường Số ba Thôn Ba Đình ở tỉnh Thanh Hóa,osm_street_way_856515203,Thanh Hóa,,,,Đường Số 03 Thôn Ba Đình,,contextual,contextual_neutral_short_006,current+cardinal+prefix+neutral,current,cardinal,neutral,osm,12|street|contextual|neutral_short
4ce7a319ba8d6e0b,"tự dưng mình mới tới đây lần đầu, chỉ mình đường tới Lê Hồng Phong với",street,street,Lê Hồng Phong,osm_street_way_586046875,Thanh Hóa,,,,Lê Hồng Phong,,conversational,conversational_casual_long_004,current+none+no_prefix+casual,current,none,casual,osm,12|street|conversational|casual_long
85e4e8eb37cf7457,hỏi lối Cầu cái nhé,street,street,Cầu,osm_street_way_856888072,Thanh Hóa,,,,Cầu,,conversational,conversational_casual_short_004,current+none+no_prefix+casual,current,none,casual,osm,12|street|conversational|casual_short
93d828a4fbe30b02,làm ơn cho hỏi tôi đang cần chỉ đường tới đường Số năm Thôn Dạt Tài một giúp tôi với ạ,street,street,đường Số năm Thôn Dạt Tài một,osm_street_way_855581877,Thanh Hóa,,,,Đường Số 05 Thôn Dạt Tài 1,,conversational,conversational_formal_medium_010,current+cardinal+prefix+formal,current,cardinal,formal,osm,12|street|conversational|formal_medium
10cff8cc6bfa2360,cho hỏi giúp tôi tìm đường đến Nguyễn Vĩnh Lộc ở tỉnh Thanh Hóa nhé,street,street,Nguyễn Vĩnh Lộc ở tỉnh Thanh Hóa,osm_street_way_484186562,Thanh Hóa,,,,Đường Nguyễn Vĩnh Lộc,,conversational,conversational_neutral_medium_009,current+none+no_prefix+neutral,current,none,neutral,osm,12|street|conversational|neutral_medium
a6b3cb6171864a35,cho hỏi đường Cầu Định Hóa,street,highway,Cầu Định Hóa,osm_street_way_161484319,Thanh Hóa,,,,Cầu Định Hóa,,conversational,conversational_neutral_short_007,current+none+no_prefix+neutral,current,none,neutral,osm,12|street|conversational|neutral_short
53ac844e2bdc853e,"à tìm giúp mình đường tới Trịnh Tùng cái, đang vội lắm với",street,street,Trịnh Tùng,osm_street_way_586051835,Thanh Hóa,,,,Phố Trịnh Tùng,,nav_command,nav_command_casual_long_004,current+none+no_prefix+casual,current,none,casual,osm,12|street|nav_command|casual_long
d247879b2db04607,vọt qua ngõ mười một đường Cù Chính Lan ở tỉnh Thanh Hóa giúp mình,street,street,ngõ mười một đường Cù Chính Lan ở tỉnh Thanh Hóa,osm_street_way_641548837,Thanh Hóa,,,,Ngõ 11 Đường Cù Chính Lan,,nav_command,nav_command_casual_short_010,current+cardinal+prefix+casual,current,cardinal,casual,osm,12|street|nav_command|casual_short
c0773d92694fbeff,cho tôi hỏi một chút xin được chỉ đường đi tới ngõ mười ba Lương Đắc Bằng,street,street,ngõ mười ba Lương Đắc Bằng,osm_street_way_933768068,Thanh Hóa,,,,Ngõ 13 Lương Đắc Bằng,,nav_command,nav_command_formal_medium_010,current+mixed+prefix+formal,current,mixed,formal,osm,12|street|nav_command|formal_medium
f43ca97b6d90000f,cho hỏi chỉ giúp lối đi đến phố Tuệ Tĩnh ở tỉnh Thanh Hóa,street,street,phố Tuệ Tĩnh ở tỉnh Thanh Hóa,osm_street_way_641548824,Thanh Hóa,,,,Phố Tuệ Tĩnh,,nav_command,nav_command_neutral_medium_010,current+none+prefix+neutral,current,none,neutral,osm,12|street|nav_command|neutral_medium
ed2ab37892e3f302,mở đường đến đường Trần Đăng Ninh,street,street,đường Trần Đăng Ninh,osm_street_way_890174588,Thanh Hóa,,,,Đường Trần Đăng Ninh,,nav_command,nav_command_neutral_short_007,current+none+prefix+neutral,current,none,neutral,osm,12|street|nav_command|neutral_short
5b2ee64de71b6bfc,"ơ đường nào tới ngách một ngõ một trăm mười sáu Quốc Lộ bốn mươi lăm nhanh nhất vậy, mình đang vội",street,street,ngách một ngõ một trăm mười sáu Quốc Lộ bốn mươi lăm,osm_street_way_844087572,Thanh Hóa,,,,Ngách 1 Ngõ 116 Quốc Lộ 45,,route_question,route_question_casual_long_003,current+cardinal+prefix+casual,current,cardinal,casual,osm,12|street|route_question|casual_long
8af1a688b9cd3317,bảy Thôn Dình Sen đường nào nhỉ,street,street,bảy Thôn Dình Sen,osm_street_way_851079728,Thanh Hóa,,,,Đường 07 Thôn Dình Sen,,route_question,route_question_casual_short_008,current+cardinal+no_prefix+casual,current,cardinal,casual,osm,12|street|route_question|casual_short
fb716f35ed9013c3,xin phép hỏi xin hỏi tuyến nào gần nhất tới ngõ chín đường ba Thôn Tự Nhiên được không ạ,street,street,ngõ chín đường ba Thôn Tự Nhiên,osm_street_way_853374448,Thanh Hóa,,,,Ngõ 09 Đường 03 Thôn Tự Nhiên,,route_question,route_question_formal_medium_010,current+cardinal+prefix+formal,current,cardinal,formal,osm,12|street|route_question|formal_medium
23ba399922d8192f,đến đường Cao Xuân Thăng ở tỉnh Thanh Hóa đi lối nào,street,street,đường Cao Xuân Thăng ở tỉnh Thanh Hóa,osm_street_way_628800865,Thanh Hóa,,,,Đường Cao Xuân Thăng,,route_question,route_question_neutral_medium_006,current+none+prefix+neutral,current,none,neutral,osm,12|street|route_question|neutral_medium
6975a8d602242879,đi Hoàng Nghiêu lối nào nhỉ,street,highway,Hoàng Nghiêu,osm_street_way_1010965583,Thanh Hóa,,,,Đường Hoàng Nghiêu,,route_question,route_question_neutral_short_005,current+none+no_prefix+neutral,current,none,neutral,osm,12|street|route_question|neutral_short
9feb3299387bb7b9,"tìm giúp mình Lê Huy Toán ở tỉnh Thanh Hóa cái, tìm chỗ nào gần gần thôi cái nhé",street,street,Lê Huy Toán ở tỉnh Thanh Hóa,osm_street_way_628553096,Thanh Hóa,,,,Đường Lê Huy Toán,,search,search_casual_long_001,current+none+no_prefix+casual,current,none,casual,osm,12|street|search|casual_long
1f0a8fec90db5aaa,tìm thử Trần Phú với,street,highway,Trần Phú,osm_street_way_52595667,Thanh Hóa,,,,Đường Trần Phú,,search,search_casual_short_006,current+none+no_prefix+casual,current,none,casual,osm,12|street|search|casual_short
8e52bcba966507aa,nhờ tìm giúp vị trí Trường Chinh xin cảm ơn,street,street,Trường Chinh,osm_street_way_852435486,Thanh Hóa,,,,Đường Trường Chinh,,search,search_formal_medium_002,current+none+no_prefix+formal,current,none,formal,osm,12|street|search|formal_medium
d74ef4df1b4fc142,cho tôi hỏi kiếm giúp tôi chỗ Phạm Xuân Bích được không,street,street,Phạm Xuân Bích,osm_street_way_321814172,Thanh Hóa,,,,Phố Phạm Xuân Bích,,search,search_neutral_medium_010,current+none+no_prefix+neutral,current,none,neutral,osm,12|street|search|neutral_medium
16737741fce4ce41,kiếm giúp đường tỉnh bốn bảy bảy giúp tôi,street,highway,đường tỉnh bốn bảy bảy,osm_street_way_175162315,Thanh Hóa,,,,Đường tỉnh 477,,search,search_neutral_short_003,current+digit_by_digit+prefix+neutral,current,digit_by_digit,neutral,osm,12|street|search|neutral_short
64b33a872ac5806b,"ê Lê Thanh Nghị đó mà, tấp vô đi cho rồi",street,street,Lê Thanh Nghị,osm_street_way_889252485,Thanh Hóa,,,,Phố Lê Thanh Nghị,,short_command,short_command_casual_long_008,current+none+no_prefix+casual,current,none,casual,osm,12|street|short_command|casual_long
82d15e788c0c51cc,vòng qua Phan Bội Châu với,street,street,Phan Bội Châu,osm_street_way_156190677,Thanh Hóa,,,,Phan Bội Châu,,short_command,short_command_casual_short_005,current+none+no_prefix+casual,current,none,casual,osm,12|street|short_command|casual_short
5d6e74ec6d94d38e,làm ơn cho hỏi xin đưa xe đến ngõ hai trăm ba mươi mốt đường Đội Cung ạ,street,street,ngõ hai trăm ba mươi mốt đường Đội Cung,osm_street_way_834115267,Thanh Hóa,,,,Ngõ 231 Đường Đội Cung,,short_command,short_command_formal_medium_010,current+cardinal+prefix+formal,current,cardinal,formal,osm,12|street|short_command|formal_medium
6b095c368ed5e0d7,này đi thẳng tới đường Lê Hy,street,street,đường Lê Hy,osm_street_way_1112265844,Thanh Hóa,,,,Đường Lê Hy,,short_command,short_command_neutral_medium_009,current+none+prefix+neutral,current,none,neutral,osm,12|street|short_command|neutral_medium
b833d307ed215583,rẽ Cầu Xuân Quang giúp tôi,street,highway,Cầu Xuân Quang,osm_street_way_1274096510,Thanh Hóa,,,,Cầu Xuân Quang,,short_command,short_command_neutral_short_009,current+none+no_prefix+neutral,current,none,neutral,osm,12|street|short_command|neutral_short
b6e13a8a1c129625,cho tôi xin đường đi số một năm không đường dê bốn ở tỉnh Nghệ An nhé,address,house_address,số một năm không đường dê bốn ở tỉnh Nghệ An,osm_street_way_631370054,Nghệ An,,,,Đường D4,150 Đường D4,conversational,conversational_neutral_medium_008,current+digit_by_digit+prefix+neutral,current,digit_by_digit,neutral,osm,13|address|conversational|neutral_medium
8721a1a2fa3b550a,hỏi đường tới số một trăm lẻ bốn xuyệt bốn mươi mốt đường Cầu Treo Đò Mượu ở tỉnh Nghệ An với,address,house_address,số một trăm lẻ bốn xuyệt bốn mươi mốt đường Cầu Treo Đò Mượu ở tỉnh Nghệ An,osm_street_way_843356500,Nghệ An,,,,Cầu Treo Đò Mượu,104/41 Cầu Treo Đò Mượu,conversational,conversational_neutral_short_002,current+cardinal+prefix+neutral,current,cardinal,neutral,osm,13|address|conversational|neutral_short
03f6bb18c6be165b,dẫn tới một tám sáu Lê Doãn Nhã ở tỉnh Nghệ An cái nhé,address,house_address,một tám sáu Lê Doãn Nhã ở tỉnh Nghệ An,osm_street_way_629111043,Nghệ An,,,,Lê Doãn Nhã,186 Lê Doãn Nhã,nav_command,nav_command_casual_short_005,current+digit_by_digit+no_prefix+casual,current,digit_by_digit,casual,osm,13|address|nav_command|casual_short
66850aa7e74a0066,cho hỏi chỉ giúp tôi đường đến số hai trăm sáu mươi bảy xuyệt tám mươi hai đường Chu Huy Mân ở tỉnh Nghệ An,address,house_address,số hai trăm sáu mươi bảy xuyệt tám mươi hai đường Chu Huy Mân ở tỉnh Nghệ An,osm_street_way_629111029,Nghệ An,,,,Chu Huy Mân,267/82 Chu Huy Mân,nav_command,nav_command_neutral_medium_001,current+cardinal+prefix+neutral,current,cardinal,neutral,osm,13|address|nav_command|neutral_medium
31d6663e6756b67d,mở đường đến một ba tám xê đường Đinh Tiên Hoàng ở tỉnh Nghệ An,address,house_address,một ba tám xê đường Đinh Tiên Hoàng ở tỉnh Nghệ An,osm_street_way_1069856549,Nghệ An,,,,Đường Đinh Tiên Hoàng,138C Đường Đinh Tiên Hoàng,nav_command,nav_command_neutral_short_007,current+mixed+prefix+neutral,current,mixed,neutral,osm,13|address|nav_command|neutral_short
12a03ae1cd040565,đường nào gần nhất đến số hai trăm năm mươi chín xuyệt năm mươi lăm hát Căm Lứ ở tỉnh Nghệ An,address,house_address,số hai trăm năm mươi chín xuyệt năm mươi lăm hát Căm Lứ ở tỉnh Nghệ An,osm_street_way_423696176,Nghệ An,,,,Đường Căm Lứ,259/55H Đường Căm Lứ,route_question,route_question_neutral_medium_004,current+cardinal+no_prefix+neutral,current,cardinal,neutral,osm,13|address|route_question|neutral_medium
e46d90c81b091f25,tới một trăm lẻ ba Nguyễn Tiến Tài ở tỉnh Nghệ An đi lối nào vậy,address,house_address,một trăm lẻ ba Nguyễn Tiến Tài ở tỉnh Nghệ An,osm_street_way_742695139,Nghệ An,,,,Đường Nguyễn Tiến Tài,103 Đường Nguyễn Tiến Tài,route_question,route_question_neutral_short_002,current+cardinal+no_prefix+neutral,current,cardinal,neutral,osm,13|address|route_question|neutral_short
f01dc148bf49cf0a,dò một tám bốn Quỳnh Xuân ở tỉnh Nghệ An được không,address,house_address,một tám bốn Quỳnh Xuân ở tỉnh Nghệ An,osm_street_way_843005081,Nghệ An,,,,Quỳnh Xuân,184 Quỳnh Xuân,search,search_casual_short_004,current+digit_by_digit+no_prefix+casual,current,digit_by_digit,casual,osm,13|address|search|casual_short
6248acf94b3a7db5,kiếm giúp tôi chỗ số một bốn tám Nguyễn Thị Minh Khai ở tỉnh Nghệ An,address,house_address,số một bốn tám Nguyễn Thị Minh Khai ở tỉnh Nghệ An,osm_street_way_52674267,Nghệ An,,,,Đường Nguyễn Thị Minh Khai,148 Đường Nguyễn Thị Minh Khai,search,search_neutral_medium_010,current+mixed+no_prefix+neutral,current,mixed,neutral,osm,13|address|search|neutral_medium
dbff7001ef63aa04,tìm số hai trăm tám mươi Phùng Chí Kiên,address,house_address,số hai trăm tám mươi Phùng Chí Kiên,osm_street_way_914880560,Nghệ An,,,,Phùng Chí Kiên,280 Phùng Chí Kiên,search,search_neutral_short_002,current+cardinal+no_prefix+neutral,current,cardinal,neutral,osm,13|address|search|neutral_short
69b62e70c2064a52,đi thẳng tới hai ba bảy đường Nguyễn Tất Thành,address,house_address,hai ba bảy đường Nguyễn Tất Thành,osm_street_way_52597481,Nghệ An,,,,Đường Nguyễn Tất Thành,237 Đường Nguyễn Tất Thành,short_command,short_command_neutral_medium_009,current+mixed+prefix+neutral,current,mixed,neutral,osm,13|address|short_command|neutral_medium
8b03d886889e12e0,qua một trăm lẻ năm Quốc lộ bốn mươi sáu,address,house_address,một trăm lẻ năm Quốc lộ bốn mươi sáu,osm_street_way_242611416,Nghệ An,,,,Quốc lộ 46,105 Quốc lộ 46,short_command,short_command_neutral_short_005,current+cardinal+no_prefix+neutral,current,cardinal,neutral,osm,13|address|short_command|neutral_short
5d220f70ad5eb224,ở đây có gần xã Na Ngoi ở tỉnh Nghệ An không,admin_unit,ward,xã Na Ngoi ở tỉnh Nghệ An,osm_ward_19468629,Nghệ An,,,Na Ngoi,,,contextual,contextual_neutral_medium_009,current+none+prefix+neutral,current,none,neutral,manual,13|admin_unit|contextual|neutral_medium
170579b3e491d1a2,chỗ này gần Mậu Thạch không,admin_unit,ward,Mậu Thạch,osm_ward_19468641,Nghệ An,,,Mậu Thạch,,,contextual,contextual_neutral_short_004,current+none+no_prefix+neutral,current,none,neutral,manual,13|admin_unit|contextual|neutral_short
dc19e25ef3d1c4cf,hỏi tí đường Châu Tiến đi mà,admin_unit,ward,Châu Tiến,osm_ward_19468674,Nghệ An,,,Châu Tiến,,,conversational,conversational_casual_short_008,current+none+no_prefix+casual,current,none,casual,manual,13|admin_unit|conversational|casual_short
a33af46cca890c44,cho mình hỏi tôi đang cần tìm đường đến xã Châu Khê giúp tôi,admin_unit,ward,xã Châu Khê,osm_ward_19468676,Nghệ An,,,Châu Khê,,,conversational,conversational_neutral_medium_002,current+none+prefix+neutral,current,none,neutral,manual,13|admin_unit|conversational|neutral_medium
dd20491335e42b67,cho hỏi hướng An Châu với,admin_unit,ward,An Châu,osm_ward_19468689,Nghệ An,,,An Châu,,,conversational,conversational_neutral_short_005,current+none+no_prefix+neutral,current,none,neutral,manual,13|admin_unit|conversational|neutral_short
e328d15ac4988042,"chỉ đường đến Đông Lộc giùm mình, mình chưa đi bao giờ với",admin_unit,ward,Đông Lộc,osm_ward_19468665,Nghệ An,,,Đông Lộc,,,nav_command,nav_command_casual_long_009,current+none+no_prefix+casual,current,none,casual,manual,13|admin_unit|nav_command|casual_long
bf3cb83e53bb6552,lái đến Tam Đồng được không,admin_unit,ward,Tam Đồng,osm_ward_19468597,Nghệ An,,,Tam Đồng,,,nav_command,nav_command_casual_short_006,current+none+no_prefix+casual,current,none,casual,manual,13|admin_unit|nav_command|casual_short
a5779c1b87837dd6,xin phép hỏi nhờ dẫn đường giúp tôi tới xã Tiền Phong giúp tôi với ạ,admin_unit,ward,xã Tiền Phong,osm_ward_19468579,Nghệ An,,,Tiền Phong,,,nav_command,nav_command_formal_medium_007,current+none+prefix+formal,current,none,formal,manual,13|admin_unit|nav_command|formal_medium
fd44ad82a7d7cf9f,tìm giúp đường đến xã Sơn Lâm,admin_unit,ward,xã Sơn Lâm,osm_ward_19468598,Nghệ An,,,Sơn Lâm,,,nav_command,nav_command_neutral_medium_003,current+none+prefix+neutral,current,none,neutral,manual,13|admin_unit|nav_command|neutral_medium
9bee006b0fbb419e,chỉ lối đến xã Đông Lộc,admin_unit,ward,xã Đông Lộc,osm_ward_19468665,Nghệ An,,,Đông Lộc,,,nav_command,nav_command_neutral_short_006,current+none+prefix+neutral,current,none,neutral,manual,13|admin_unit|nav_command|neutral_short
f39a6dc3497d80e0,đi Quỳ Hợp sao,admin_unit,ward,Quỳ Hợp,osm_ward_19468607,Nghệ An,,,Quỳ Hợp,,,route_question,route_question_casual_short_004,current+none+no_prefix+casual,current,none,casual,manual,13|admin_unit|route_question|casual_short
df5758bfc4d38002,cho hỏi muốn tới xã Xuân Lâm thì đi đường nào,admin_unit,ward,xã Xuân Lâm,osm_ward_19468565,Nghệ An,,,Xuân Lâm,,,route_question,route_question_neutral_medium_003,current+none+prefix+neutral,current,none,neutral,manual,13|admin_unit|route_question|neutral_medium
454bfe6eef17cc68,đến Kim Liên lối nào,admin_unit,ward,Kim Liên,osm_ward_19468645,Nghệ An,,,Kim Liên,,,route_question,route_question_neutral_short_008,current+none+no_prefix+neutral,current,none,neutral,manual,13|admin_unit|route_question|neutral_short
85582fc8c4b647a6,"kiếm giúp mình xã Nghĩa Đồng đi, mình đang đói meo rồi",admin_unit,ward,xã Nghĩa Đồng,osm_ward_19468623,Nghệ An,,,Nghĩa Đồng,,,search,search_casual_long_002,current+none+prefix+casual,current,none,casual,manual,13|admin_unit|search|casual_long
ae7cfd124d080905,tìm giùm Mậu Thạch được không,admin_unit,ward,Mậu Thạch,osm_ward_19468641,Nghệ An,,,Mậu Thạch,,,search,search_casual_short_008,current+none+no_prefix+casual,current,none,casual,manual,13|admin_unit|search|casual_short
0fdf5d7243a1174b,nhờ tìm giúp vị trí Châu Hồng,admin_unit,ward,Châu Hồng,osm_ward_19468677,Nghệ An,,,Châu Hồng,,,search,search_formal_medium_002,current+none+no_prefix+formal,current,none,formal,manual,13|admin_unit|search|formal_medium
494e99488a59f91c,cho hỏi kiếm hộ tôi Tân Châu ở tỉnh Nghệ An được không,admin_unit,ward,Tân Châu ở tỉnh Nghệ An,osm_ward_19468592,Nghệ An,,,Tân Châu,,,search,search_neutral_medium_005,current+none+no_prefix+neutral,current,none,neutral,manual,13|admin_unit|search|neutral_medium
065696db5d22723b,tra giúp Châu Lộc ở tỉnh Nghệ An,admin_unit,ward,Châu Lộc ở tỉnh Nghệ An,osm_ward_19468675,Nghệ An,,,Châu Lộc,,,search,search_neutral_short_004,current+none+no_prefix+neutral,current,none,neutral,manual,13|admin_unit|search|neutral_short
1010a9ab54e31da4,tới Xuân Lâm đi,admin_unit,ward,Xuân Lâm,osm_ward_19468565,Nghệ An,,,Xuân Lâm,,,short_command,short_command_casual_short_004,current+none+no_prefix+casual,current,none,casual,manual,13|admin_unit|short_command|casual_short
955fce9d805a236b,cho hỏi chạy tới xã Mường Ham,admin_unit,ward,xã Mường Ham,osm_ward_19468636,Nghệ An,,,Mường Ham,,,short_command,short_command_neutral_medium_007,current+none+prefix+neutral,current,none,neutral,manual,13|admin_unit|short_command|neutral_medium
d75d561fb60381e9,qua Nam Đàn giúp tôi,admin_unit,ward,Nam Đàn,osm_ward_19468627,Nghệ An,,,Nam Đàn,,,short_command,short_command_neutral_short_005,current+none+no_prefix+neutral,current,none,neutral,manual,13|admin_unit|short_command|neutral_short
975e2a9ce13147ac,"ê mình đang đứng ở đây, gần Noodle soup không ta",commercial,restaurant,Noodle soup,osm_poi_node_4659625295,Nghệ An,,,,,,contextual,contextual_casual_long_008,current+none+no_prefix+casual,current,none,casual,osm,13|commercial|contextual|casual_long
41ed363bb89b133b,PV Oil ở tỉnh Nghệ An kế bên không,commercial,gas_station,PV Oil ở tỉnh Nghệ An,osm_poi_way_1338274180,Nghệ An,,,,,,contextual,contextual_casual_short_008,current+none+no_prefix+casual,current,none,casual,osm,13|commercial|contextual|casual_short
9bba0e4a047c0d79,xin hỏi vị trí này có gần Pho Bo Bia Hoi không ạ,commercial,restaurant,Pho Bo Bia Hoi,osm_poi_node_5901260285,Nghệ An,,,,,,contextual,contextual_formal_medium_008,current+none+no_prefix+formal,current,none,formal,osm,13|commercial|contextual|formal_medium
e9f36664de699f12,gần đây có Nha Hang Pho Bien không,commercial,restaurant,Nha Hang Pho Bien,osm_poi_node_7003803586,Nghệ An,,,,,,contextual,contextual_neutral_medium_003,current+none+no_prefix+neutral,current,none,neutral,osm,13|commercial|contextual|neutral_medium
8b26a4477af0cbd8,quanh đây gần Khách sạn VEAM Cửa Lò không,commercial,hotel,Khách sạn VEAM Cửa Lò,osm_poi_way_1222669644,Nghệ An,,,,,,contextual,contextual_neutral_short_006,current+none+no_prefix+neutral,current,none,neutral,osm,13|commercial|contextual|neutral_short
586d5b120d6a5353,"mình mới tới đây lần đầu, chỉ mình đường tới Khách sạn An Bình ở tỉnh Nghệ An với",commercial,hotel,Khách sạn An Bình ở tỉnh Nghệ An,osm_poi_way_1307012810,Nghệ An,,,,,,conversational,conversational_casual_long_004,current+none+no_prefix+casual,current,none,casual,osm,13|commercial|conversational|casual_long
506fce952ccf58fc,đường tới PV Oil sao,commercial,gas_station,PV Oil,osm_poi_way_1346290441,Nghệ An,,,,,,conversational,conversational_casual_short_009,current+none+no_prefix+casual,current,none,casual,osm,13|commercial|conversational|casual_short
6a588791005eca42,làm ơn cho hỏi tôi đang cần chỉ đường tới Khách sạn Xanh ở tỉnh Nghệ An,commercial,hotel,Khách sạn Xanh ở tỉnh Nghệ An,osm_poi_way_1222669647,Nghệ An,,,,,,conversational,conversational_formal_medium_010,current+none+no_prefix+formal,current,none,formal,osm,13|commercial|conversational|formal_medium
1c2cb7d91d210fb8,cho tôi xin đường đi Petrolimex ở tỉnh Nghệ An,commercial,gas_station,Petrolimex ở tỉnh Nghệ An,osm_poi_node_12888739001,Nghệ An,,,,,,conversational,conversational_neutral_medium_008,current+none+no_prefix+neutral,current,none,neutral,osm,13|commercial|conversational|neutral_medium
1219fd8a0d3551cb,cho hỏi ngả tới Sen Vang Resort giúp tôi,commercial,hotel,Sen Vang Resort,osm_poi_node_12336780888,Nghệ An,,,,,,conversational,conversational_neutral_short_009,current+none+no_prefix+neutral,current,none,neutral,osm,13|commercial|conversational|neutral_short
b726fdb8c427c3a4,"à ờ chỉ đường đến trung hai giúp mình cái, đường nào cũng được miễn tới nơi",commercial,hotel,trung hai,osm_poi_node_5692281322,Nghệ An,,,,,,nav_command,nav_command_casual_long_001,current+none+no_prefix+casual,current,none,casual,osm,13|commercial|nav_command|casual_long
55c05d065de0e14a,qua Cửa hàng máy tính OneShop,commercial,supermarket,Cửa hàng máy tính OneShop,osm_poi_node_4437480895,Nghệ An,,,,,,nav_command,nav_command_casual_short_003,current+none+no_prefix+casual,current,none,casual,osm,13|commercial|nav_command|casual_short
c9e91de45794265f,xin hướng dẫn đường đến Khách Sạn Ngân Hàng ở tỉnh Nghệ An xin cảm ơn,commercial,hotel,Khách Sạn Ngân Hàng ở tỉnh Nghệ An,osm_poi_way_1202271595,Nghệ An,,,,,,nav_command,nav_command_formal_medium_006,current+none+no_prefix+formal,current,none,formal,osm,13|commercial|nav_command|formal_medium
a49dd3a89e1996d6,cho tôi hỏi chỉ tuyến đường đến Petrolimex ở tỉnh Nghệ An,commercial,gas_station,Petrolimex ở tỉnh Nghệ An,osm_poi_node_6417140385,Nghệ An,,,,,,nav_command,nav_command_neutral_medium_007,current+none+no_prefix+neutral,current,none,neutral,osm,13|commercial|nav_command|neutral_medium
bc7ea1aafd6f9c46,chỉ lối đến Khách Sạn Thanh Bình với,commercial,hotel,Khách Sạn Thanh Bình,osm_poi_node_4741525429,Nghệ An,,,,,,nav_command,nav_command_neutral_short_006,current+none+no_prefix+neutral,current,none,neutral,osm,13|commercial|nav_command|neutral_short
64b25c438d01355a,ê đi Khách sạn Xanh kiểu gì cho lẹ vậy ta,commercial,hotel,Khách sạn Xanh,osm_poi_way_1222669647,Nghệ An,,,,,,route_question,route_question_casual_long_004,current+none+no_prefix+casual,current,none,casual,osm,13|commercial|route_question|casual_long
95b8796cfce1490c,Khách Sạn Thanh Bình đi đâu nhỉ,commercial,hotel,Khách Sạn Thanh Bình,osm_poi_node_4741525429,Nghệ An,,,,,,route_question,route_question_casual_short_005,current+none+no_prefix+casual,current,none,casual,osm,13|commercial|route_question|casual_short
680dd17056f3472a,làm ơn cho hỏi xin hỏi làm sao đến Vonga Tang Hotel ở tỉnh Nghệ An nhanh nhất,commercial,hotel,Vonga Tang Hotel ở tỉnh Nghệ An,osm_poi_node_4678386493,Nghệ An,,,,,,route_question,route_question_formal_medium_008,current+none+no_prefix+formal,current,none,formal,osm,13|commercial|route_question|formal_medium
8f30686a3fde20bb,làm sao đến Nhà máy Ngũ cốc LoliFood ở tỉnh Nghệ An nhanh nhất,commercial,supermarket,Nhà máy Ngũ cốc LoliFood ở tỉnh Nghệ An,osm_poi_node_12141564278,Nghệ An,,,,,,route_question,route_question_neutral_medium_007,current+none+no_prefix+neutral,current,none,neutral,osm,13|commercial|route_question|neutral_medium
0005591f3f866150,tới Khách sạn Xanh ở tỉnh Nghệ An đi lối nào,commercial,hotel,Khách sạn Xanh ở tỉnh Nghệ An,osm_poi_way_1222669647,Nghệ An,,,,,,route_question,route_question_neutral_short_002,current+none+no_prefix+neutral,current,none,neutral,osm,13|commercial|route_question|neutral_short
ed79831c6e096bca,"thế tìm giùm mình Mẹ Và Bé Dũng Nga với, mình đang cần gấp giúp mình",commercial,supermarket,Mẹ Và Bé Dũng Nga,osm_poi_node_9166722722,Nghệ An,,,,,,search,search_casual_long_008,current+none+no_prefix+casual,current,none,casual,osm,13|commercial|search|casual_long
70dc4c243b8cf122,tìm giùm Petrolimex với,commercial,gas_station,Petrolimex,osm_poi_node_12167183501,Nghệ An,,,,,,search,search_casual_short_008,current+none+no_prefix+casual,current,none,casual,osm,13|commercial|search|casual_short
42d5f9e6eaf5f1c5,mong được tìm giúp Petrolimex,commercial,gas_station,Petrolimex,osm_poi_way_1343460754,Nghệ An,,,,,,search,search_formal_medium_008,current+none+no_prefix+formal,current,none,formal,osm,13|commercial|search|formal_medium
32d7e964ed7afb70,tìm hộ tôi vị trí Gas Station ở tỉnh Nghệ An,commercial,gas_station,Gas Station ở tỉnh Nghệ An,osm_poi_node_5324019532,Nghệ An,,,,,,search,search_neutral_medium_006,current+none+no_prefix+neutral,current,none,neutral,osm,13|commercial|search|neutral_medium
c72945d9e7ad4cfa,tìm Un Ni Quân ở tỉnh Nghệ An với,commercial,restaurant,Un Ni Quân ở tỉnh Nghệ An,osm_poi_node_5198186130,Nghệ An,,,,,,search,search_neutral_short_002,current+none+no_prefix+neutral,current,none,neutral,osm,13|commercial|search|neutral_short
6aca2dd67ba10dce,"ờ Pho Bo Bia Hoi ở tỉnh Nghệ An đó, chạy thẳng tới luôn nha",commercial,restaurant,Pho Bo Bia Hoi ở tỉnh Nghệ An,osm_poi_node_5901260285,Nghệ An,,,,,,short_command,short_command_casual_long_007,current+none+no_prefix+casual,current,none,casual,osm,13|commercial|short_command|casual_long
b4ffe836d455a7fd,ghé Petrolimex tí được không,commercial,gas_station,Petrolimex,osm_poi_node_12888739001,Nghệ An,,,,,,short_command,short_command_casual_short_003,current+none+no_prefix+casual,current,none,casual,osm,13|commercial|short_command|casual_short
0694a9ca70519460,xin đưa tôi đến Nhà Nghỉ Thiên Trúc,commercial,hotel,Nhà Nghỉ Thiên Trúc,osm_poi_node_7202332609,Nghệ An,,,,,,short_command,short_command_formal_medium_001,current+none+no_prefix+formal,current,none,formal,osm,13|commercial|short_command|formal_medium
5377afecbceacb5f,đi thẳng tới Petrolimex ở tỉnh Nghệ An giúp tôi,commercial,gas_station,Petrolimex ở tỉnh Nghệ An,osm_poi_node_12430513858,Nghệ An,,,,,,short_command,short_command_neutral_medium_009,current+none+no_prefix+neutral,current,none,neutral,osm,13|commercial|short_command|neutral_medium
194c2485d8a4eb45,Bao La Hotel,commercial,hotel,Bao La Hotel,osm_poi_node_6267041086,Nghệ An,,,,,,short_command,short_command_neutral_short_001,current+none+no_prefix+neutral,current,none,neutral,osm,13|commercial|short_command|neutral_short
b9ba47703b2054f3,phóng tới Thác Khe Kèm được không,landmark,tourist_attraction,Thác Khe Kèm,manual_13_thac_khe_kem,Nghệ An,,,,,,nav_command,nav_command_casual_short_008,current+none+no_prefix+casual,current,none,casual,manual,13|landmark|nav_command|casual_short
5aa91cd346158afc,thế chỉ đường đi tới Quảng trường Hồ Chí Minh ở tỉnh Nghệ An với,landmark,monument,Quảng trường Hồ Chí Minh ở tỉnh Nghệ An,manual_13_quang_truong_ho_chi_minh,Nghệ An,,,,,,nav_command,nav_command_neutral_medium_004,current+none+no_prefix+neutral,current,none,neutral,manual,13|landmark|nav_command|neutral_medium
5d9848eff63f9221,chỉ đường tới Bàu Sen ở tỉnh Nghệ An,landmark,lake,Bàu Sen ở tỉnh Nghệ An,osm_poi_way_1517159616,Nghệ An,,,,,,nav_command,nav_command_neutral_short_002,current+none+no_prefix+neutral,current,none,neutral,osm,13|landmark|nav_command|neutral_short
49d60d6e70c3d88e,cho hỏi tìm giúp tôi chỗ Biển Cửa Lò,landmark,beach,Biển Cửa Lò,manual_13_bien_cua_lo,Nghệ An,,,,,,search,search_neutral_medium_004,current+none+no_prefix+neutral,current,none,neutral,manual,13|landmark|search|neutral_medium
d7d9d97d974dcaad,tìm giúp tôi Chợ Cầu Khuôn ở tỉnh Nghệ An được không,landmark,market,Chợ Cầu Khuôn ở tỉnh Nghệ An,osm_poi_way_447033316,Nghệ An,,,,,,search,search_neutral_short_001,current+none+no_prefix+neutral,current,none,neutral,osm,13|landmark|search|neutral_short
e8d2237a86513fe2,cho tôi xin đường đi Sân vận động Quang Tiến ở tỉnh Nghệ An,poi_other,stadium,Sân vận động Quang Tiến ở tỉnh Nghệ An,osm_poi_way_1517373433,Nghệ An,,,,,,conversational,conversational_neutral_medium_008,current+none+no_prefix+neutral,current,none,neutral,osm,13|poi_other|conversational|neutral_medium
59fa1ef484319aa3,cho hỏi đường Khu công nghiệp Nam Cẩm nhé,poi_other,industrial_zone,Khu công nghiệp Nam Cẩm,osm_poi_way_695581807,Nghệ An,,,,,,conversational,conversational_neutral_short_007,current+none+no_prefix+neutral,current,none,neutral,osm,13|poi_other|conversational|neutral_short
ac8de78151da299f,chỉ đường giao xu quan lang ở tỉnh Nghệ An đi mà,poi_other,worship_place,giao xu quan lang ở tỉnh Nghệ An,osm_poi_node_5235965924,Nghệ An,,,,,,nav_command,nav_command_casual_short_004,current+none+no_prefix+casual,current,none,casual,osm,13|poi_other|nav_command|casual_short
1e6ab0cb72a7bfbc,tìm giúp đường đến Khu công nghiệp Nam Cẩm,poi_other,industrial_zone,Khu công nghiệp Nam Cẩm,osm_poi_way_631370043,Nghệ An,,,,,,nav_command,nav_command_neutral_medium_003,current+none+no_prefix+neutral,current,none,neutral,osm,13|poi_other|nav_command|neutral_medium
86e9e2d5cfe19f53,mở đường đến Khu công nghiệp Nam Cẩm nhé,poi_other,industrial_zone,Khu công nghiệp Nam Cẩm,osm_poi_way_631370043,Nghệ An,,,,,,nav_command,nav_command_neutral_short_007,current+none+no_prefix+neutral,current,none,neutral,osm,13|poi_other|nav_command|neutral_short
9d6beae663fec9dc,đến Cảng Nghi Sơn đi lối nào nhỉ,poi_other,industrial_zone,Cảng Nghi Sơn,osm_poi_way_793513951,Nghệ An,,,,,,route_question,route_question_neutral_medium_006,current+none+no_prefix+neutral,current,none,neutral,osm,13|poi_other|route_question|neutral_medium
b349d8f3b428d676,tới Giáo họ Tân Lộc ở tỉnh Nghệ An đường nào vậy,poi_other,worship_place,Giáo họ Tân Lộc ở tỉnh Nghệ An,osm_poi_node_8196433986,Nghệ An,,,,,,route_question,route_question_neutral_short_007,current+none+no_prefix+neutral,current,none,neutral,osm,13|poi_other|route_question|neutral_short
29a2b1e989b17986,kiếm thử Sân vận động Quang Tiến với,poi_other,stadium,Sân vận động Quang Tiến,osm_poi_way_1517373433,Nghệ An,,,,,,search,search_casual_short_005,current+none+no_prefix+casual,current,none,casual,osm,13|poi_other|search|casual_short
0d66446a1b9c967e,kiếm giúp tôi chỗ Kho Nhựa đường Cửa Lò,poi_other,industrial_zone,Kho Nhựa đường Cửa Lò,osm_poi_way_1069944932,Nghệ An,,,,,,search,search_neutral_medium_010,current+none+no_prefix+neutral,current,none,neutral,osm,13|poi_other|search|neutral_medium
5f646a50826e8fdf,dò giúp Khu công nghiệp Nam Cẩm,poi_other,industrial_zone,Khu công nghiệp Nam Cẩm,osm_poi_way_695581807,Nghệ An,,,,,,search,search_neutral_short_010,current+none+no_prefix+neutral,current,none,neutral,osm,13|poi_other|search|neutral_short
54d0134a44c7871d,cho tôi hỏi đoạn này có gần Viện Kiểm sát nhân dân thị xã Cửa Lò không,public_facility,government_office,Viện Kiểm sát nhân dân thị xã Cửa Lò,osm_poi_way_1222670234,Nghệ An,,,,,,contextual,contextual_neutral_medium_007,current+none+no_prefix+neutral,current,none,neutral,osm,13|public_facility|contextual|neutral_medium
a8175340be3e5986,gần Trường Tiểu học Hải Thượng ở tỉnh Nghệ An chưa,public_facility,school,Trường Tiểu học Hải Thượng ở tỉnh Nghệ An,osm_poi_way_1188388527,Nghệ An,,,,,,contextual,contextual_neutral_short_008,current+none+no_prefix+neutral,current,none,neutral,osm,13|public_facility|contextual|neutral_short
9175ab92147b79b7,hỏi đường Bệnh viện Đa khoa khu vực Tây Nam Nghệ An đi,public_facility,hospital,Bệnh viện Đa khoa khu vực Tây Nam Nghệ An,osm_poi_way_1167859933,Nghệ An,,,,,,conversational,conversational_casual_short_001,current+none+no_prefix+casual,current,none,casual,osm,13|public_facility|conversational|casual_short
41299a7721eea894,tôi muốn hỏi đường tới Trường Tiểu học Hải Thượng giúp tôi,public_facility,school,Trường Tiểu học Hải Thượng,osm_poi_way_1188388527,Nghệ An,,,,,,conversational,conversational_neutral_medium_003,current+none+no_prefix+neutral,current,none,neutral,osm,13|public_facility|conversational|neutral_medium
54bce574cc17dafa,cho hỏi đường THCS Quang Tiến giúp tôi,public_facility,school,THCS Quang Tiến,osm_poi_node_13851704485,Nghệ An,,,,,,conversational,conversational_neutral_short_007,current+none+no_prefix+neutral,current,none,neutral,osm,13|public_facility|conversational|neutral_short
9b1c2dc71a87180c,"ờ chỉ đường đến Kho bạc Nhà nước thị xã Cửa Lò ở tỉnh Nghệ An giúp mình cái, đường nào cũng được miễn tới nơi cái nhé",public_facility,government_office,Kho bạc Nhà nước thị xã Cửa Lò ở tỉnh Nghệ An,osm_poi_way_1222669625,Nghệ An,,,,,,nav_command,nav_command_casual_long_001,current+none+no_prefix+casual,current,none,casual,osm,13|public_facility|nav_command|casual_long
7e2bb41411cea9d1,lái đến Bệnh viện Đa khoa thành phố Vinh (cơ sở ba,public_facility,hospital,Bệnh viện Đa khoa thành phố Vinh (cơ sở ba,osm_poi_way_1174536771,Nghệ An,,,,,,nav_command,nav_command_casual_short_006,current+cardinal+no_prefix+casual,current,cardinal,casual,osm,13|public_facility|nav_command|casual_short
87a0addb92998f92,xin chỉ lối đi đến Trường Tiểu học Nghi Hương ở tỉnh Nghệ An,public_facility,school,Trường Tiểu học Nghi Hương ở tỉnh Nghệ An,osm_poi_way_1083085918,Nghệ An,,,,,,nav_command,nav_command_formal_medium_008,current+none+no_prefix+formal,current,none,formal,osm,13|public_facility|nav_command|formal_medium
53569bfaa8a298c9,cho mình hỏi chỉ giúp tôi đường đến Bệnh viện Phục hồi chức năng Nghệ An ở tỉnh Nghệ An nhé,public_facility,hospital,Bệnh viện Phục hồi chức năng Nghệ An ở tỉnh Nghệ An,osm_poi_way_1167859925,Nghệ An,,,,,,nav_command,nav_command_neutral_medium_001,current+none+no_prefix+neutral,current,none,neutral,osm,13|public_facility|nav_command|neutral_medium
1acc7217352d6195,chỉ đường tới Trạm khí tượng Quỳ Châu ở tỉnh Nghệ An giúp tôi,public_facility,government_office,Trạm khí tượng Quỳ Châu ở tỉnh Nghệ An,osm_poi_way_1222393265,Nghệ An,,,,,,nav_command,nav_command_neutral_short_002,current+none+no_prefix+neutral,current,none,neutral,osm,13|public_facility|nav_command|neutral_short
240eab513ce53ce7,đi Trường Trung học phổ thông Cửa Lò sao,public_facility,school,Trường Trung học phổ thông Cửa Lò,osm_poi_way_1083085914,Nghệ An,,,,,,route_question,route_question_casual_short_004,current+none+no_prefix+casual,current,none,casual,osm,13|public_facility|route_question|casual_short
96e0f7ca5c843d86,cho hỏi từ đây đến Trường Cao đẳng Du lịch - Thương mại Nghệ An (cơ sở hai ở tỉnh Nghệ An đi thế nào vậy,public_facility,university,Trường Cao đẳng Du lịch - Thương mại Nghệ An (cơ sở hai ở tỉnh Nghệ An,osm_poi_way_1083085920,Nghệ An,,,,,,route_question,route_question_neutral_medium_001,current+cardinal+no_prefix+neutral,current,cardinal,neutral,osm,13|public_facility|route_question|neutral_medium
56ed4ba55ecff9db,tới Trung tâm Giáo dục nghề nghiệp - Giáo dục thường xuyên Nghi Lộc ở tỉnh Nghệ An đi lối nào nhỉ,public_facility,school,Trung tâm Giáo dục nghề nghiệp - Giáo dục thường xuyên Nghi Lộc ở tỉnh Nghệ An,osm_poi_way_1543993312,Nghệ An,,,,,,route_question,route_question_neutral_short_002,current+none+no_prefix+neutral,current,none,neutral,osm,13|public_facility|route_question|neutral_short
aea77d325fa581a2,"ơ tìm thử giúp mình Nhà Thuốc Tiến Thuỷ xem, gần đây có không",public_facility,hospital,Nhà Thuốc Tiến Thuỷ,osm_poi_way_1196831651,Nghệ An,,,,,,search,search_casual_long_005,current+none+no_prefix+casual,current,none,casual,osm,13|public_facility|search|casual_long
80ee678337dc81e3,kiếm thử Trường Tiểu học Hải Thượng giúp mình,public_facility,school,Trường Tiểu học Hải Thượng,osm_poi_way_1188388527,Nghệ An,,,,,,search,search_casual_short_005,current+none+no_prefix+casual,current,none,casual,osm,13|public_facility|search|casual_short
d72b0b7774aee09a,xin tra giúp thông tin Trường Trung học cơ sở Nghi Tân xin cảm ơn,public_facility,school,Trường Trung học cơ sở Nghi Tân,osm_poi_way_1069914282,Nghệ An,,,,,,search,search_formal_medium_003,current+none+no_prefix+formal,current,none,formal,osm,13|public_facility|search|formal_medium
40e0345380f8258f,tìm hộ tôi vị trí Bệnh viện Phục hồi chức năng Nghệ An ở tỉnh Nghệ An,public_facility,hospital,Bệnh viện Phục hồi chức năng Nghệ An ở tỉnh Nghệ An,osm_poi_way_1167859925,Nghệ An,,,,,,search,search_neutral_medium_006,current+none+no_prefix+neutral,current,none,neutral,osm,13|public_facility|search|neutral_medium
366843bd9f61f0ac,kiếm chỗ UBND xã Hạnh Dịch ở tỉnh Nghệ An,public_facility,government_office,UBND xã Hạnh Dịch ở tỉnh Nghệ An,osm_poi_node_5490169127,Nghệ An,,,,,,search,search_neutral_short_006,current+none+no_prefix+neutral,current,none,neutral,osm,13|public_facility|search|neutral_short
1445ddffbc174ec4,đưa tôi tới UBND phường Nghi Tân ở tỉnh Nghệ An,public_facility,government_office,UBND phường Nghi Tân ở tỉnh Nghệ An,osm_poi_way_1069914257,Nghệ An,,,,,,short_command,short_command_neutral_medium_002,current+none+no_prefix+neutral,current,none,neutral,osm,13|public_facility|short_command|neutral_medium
8159cd557d2ea953,đến Đồn Biên phòng xã Hạnh Dịch,public_facility,government_office,Đồn Biên phòng xã Hạnh Dịch,osm_poi_node_5490169126,Nghệ An,,,,,,short_command,short_command_neutral_short_004,current+none+no_prefix+neutral,current,none,neutral,osm,13|public_facility|short_command|neutral_short
ebd6c0e3e4ae76ec,xung quanh Nguyễn Đức Công có cơ quan nhà nước nào không vậy,street,street,Nguyễn Đức Công,osm_street_way_639656438,Nghệ An,,,,Đường Nguyễn Đức Công,,contextual,contextual_casual_long_010,current+none+no_prefix+casual,current,none,casual,osm,13|street|contextual|casual_long
b64576484785c7af,gần đường Nguyễn Duy Trinh vậy hông,street,highway,đường Nguyễn Duy Trinh,osm_street_way_1306986783,Nghệ An,,,,Đường Nguyễn Duy Trinh,,contextual,contextual_casual_short_007,current+none+prefix+casual,current,none,casual,osm,13|street|contextual|casual_short
6a9ab17b79444814,làm ơn cho hỏi xin hỏi quanh đây có gần Phạm Nguyễn Du ở tỉnh Nghệ An không ạ,street,highway,Phạm Nguyễn Du ở tỉnh Nghệ An,osm_street_way_1306992223,Nghệ An,,,,Đường Phạm Nguyễn Du,,contextual,contextual_formal_medium_004,current+none+no_prefix+formal,current,none,formal,osm,13|street|contextual|formal_medium
a493bffc5a7c5e7e,cho hỏi quanh đây có gần tỉnh năm trăm ba mươi ba bê không,street,highway,tỉnh năm trăm ba mươi ba bê,osm_street_way_742695134,Nghệ An,,,,Đường tỉnh 533B,,contextual,contextual_neutral_medium_002,current+cardinal+no_prefix+neutral,current,cardinal,neutral,osm,13|street|contextual|neutral_medium
5274c831789cbd29,gần Đinh Hồng Phiên ở tỉnh Nghệ An chưa,street,street,Đinh Hồng Phiên ở tỉnh Nghệ An,osm_street_way_934177284,Nghệ An,,,,Đinh Hồng Phiên,,contextual,contextual_neutral_short_008,current+none+no_prefix+neutral,current,none,neutral,osm,13|street|contextual|neutral_short
4b36c28982f7e38b,"ê mình đang cần gấp, ai biết đường đến Nguyễn Văn Giảng chỉ mình với",street,street,Nguyễn Văn Giảng,osm_street_way_1145619754,Nghệ An,,,,Đường Nguyễn Văn Giảng,,conversational,conversational_casual_long_006,current+none+no_prefix+casual,current,none,casual,osm,13|street|conversational|casual_long
3f5cd1441f5f3f04,đường Mường Miếng sao,street,street,Mường Miếng,osm_street_way_423696178,Nghệ An,,,,Đường Mường Miếng,,conversational,conversational_casual_short_005,current+none+no_prefix+casual,current,none,casual,osm,13|street|conversational|casual_short
9a284035cb786392,tôi muốn nhờ chỉ đường đến đường Quốc Phòng ở tỉnh Nghệ An,street,street,đường Quốc Phòng ở tỉnh Nghệ An,osm_street_way_242610656,Nghệ An,,,,Quốc Phòng,,conversational,conversational_formal_medium_004,current+none+prefix+formal,current,none,formal,osm,13|street|conversational|formal_medium
2bcfaaa9bc880c20,cho hỏi tôi đang hỏi đường tới tỉnh năm trăm ba mươi ba,street,highway,tỉnh năm trăm ba mươi ba,osm_street_way_497119806,Nghệ An,,,,Đường tỉnh 533,,conversational,conversational_neutral_medium_010,current+cardinal+no_prefix+neutral,current,cardinal,neutral,osm,13|street|conversational|neutral_medium
94dafd203a4b321a,cho hỏi ngả tới Đô Thị ba nghìn hai trăm lẻ tám được không,street,street,Đô Thị ba nghìn hai trăm lẻ tám,osm_street_way_477535243,Nghệ An,,,,Đường Đô Thị 3208,,conversational,conversational_neutral_short_009,current+cardinal+no_prefix+neutral,current,cardinal,neutral,osm,13|street|conversational|neutral_short
a17e615aa197151e,"ờ dẫn đường tới tỉnh năm trăm ba mươi mốt bê giúp mình, đi đường tắt cũng được",street,highway,tỉnh năm trăm ba mươi mốt bê,osm_street_way_843348385,Nghệ An,,,,Đường tỉnh 531B,,nav_command,nav_command_casual_long_006,current+cardinal+no_prefix+casual,current,cardinal,casual,osm,13|street|nav_command|casual_long
10dd7e42901770f8,tới đường tỉnh năm trăm bốn mươi hai e cái nhé,street,highway,đường tỉnh năm trăm bốn mươi hai e,osm_street_way_639656407,Nghệ An,,,,Đường tỉnh 542E,,nav_command,nav_command_casual_short_002,current+cardinal+prefix+casual,current,cardinal,casual,osm,13|street|nav_command|casual_short
52c5fd336065e9f9,xin chỉ đường đến đường Lý Thánh Tông ở tỉnh Nghệ An được không ạ,street,street,đường Lý Thánh Tông ở tỉnh Nghệ An,osm_street_way_639548982,Nghệ An,,,,Đường Lý Thánh Tông,,nav_command,nav_command_formal_medium_001,current+none+prefix+formal,current,none,formal,osm,13|street|nav_command|formal_medium
393dc797b526802f,cho mình hỏi chỉ đường đi tới đường Trục đường chính Liên Xóm ở tỉnh Nghệ An,street,street,đường Trục đường chính Liên Xóm ở tỉnh Nghệ An,osm_street_way_834077667,Nghệ An,,,,Trục Đường chính Liên Xóm,,nav_command,nav_command_neutral_medium_004,current+none+prefix+neutral,current,none,neutral,osm,13|street|nav_command|neutral_medium
fa97e8d4086d97bd,chỉ hướng đến phố Đinh Hồng Phiên,street,street,phố Đinh Hồng Phiên,osm_street_way_934177284,Nghệ An,,,,Đinh Hồng Phiên,,nav_command,nav_command_neutral_short_009,current+none+prefix+neutral,current,none,neutral,osm,13|street|nav_command|neutral_short
2ce42c9bf9c89e9e,đi phố Chu Huy Mân ở tỉnh Nghệ An đường nào tránh được kẹt xe không ta,street,alley,phố Chu Huy Mân ở tỉnh Nghệ An,osm_street_way_629111029,Nghệ An,,,,Chu Huy Mân,,route_question,route_question_casual_long_008,current+none+prefix+casual,current,none,casual,osm,13|street|route_question|casual_long
343b8a524a5f3f76,đường nào tới Hoàng Văn Thụ giúp mình,street,street,Hoàng Văn Thụ,osm_street_way_477500821,Nghệ An,,,,Đường Hoàng Văn Thụ,,route_question,route_question_casual_short_002,current+none+no_prefix+casual,current,none,casual,osm,13|street|route_question|casual_short
33a10edb4051c4ca,làm ơn cho hỏi xin hỏi từ đây đến đường ngõ Xóm ở tỉnh Nghệ An đi kiểu gì ạ,street,street,đường ngõ Xóm ở tỉnh Nghệ An,osm_street_way_834077673,Nghệ An,,,,Đường Ngõ Xóm,,route_question,route_question_formal_medium_009,current+none+prefix+formal,current,none,formal,osm,13|street|route_question|formal_medium
222c3dcef5cae465,từ đây đến phố Đinh Hồng Phiên đi thế nào vậy,street,street,phố Đinh Hồng Phiên,osm_street_way_934177284,Nghệ An,,,,Đinh Hồng Phiên,,route_question,route_question_neutral_medium_001,current+none+prefix+neutral,current,none,neutral,osm,13|street|route_question|neutral_medium
359435fbea5cd986,tới đường Hoài Thanh đường nào,street,street,đường Hoài Thanh,osm_street_way_699133315,Nghệ An,,,,Hoài Thanh,,route_question,route_question_neutral_short_007,current+none+prefix+neutral,current,none,neutral,osm,13|street|route_question|neutral_short
a22f64115181d19d,"à kiếm giúp mình Cầu Đô Lương ở tỉnh Nghệ An đi, mình đang đói meo rồi với",street,highway,Cầu Đô Lương ở tỉnh Nghệ An,osm_street_way_52674261,Nghệ An,,,,Cầu Đô Lương,,search,search_casual_long_002,current+none+no_prefix+casual,current,none,casual,osm,13|street|search|casual_long
5f4ede93557f2a50,dò xóm mười ở tỉnh Nghệ An nha,street,street,xóm mười ở tỉnh Nghệ An,osm_street_way_834077685,Nghệ An,,,,Đường xóm 10,,search,search_casual_short_004,current+cardinal+no_prefix+casual,current,cardinal,casual,osm,13|street|search|casual_short
0ba65bf273684a6d,xin tìm giúp thông tin về ngõ một trăm năm mươi hai đường Phan Bội Châu,street,street,ngõ một trăm năm mươi hai đường Phan Bội Châu,osm_street_way_649145545,Nghệ An,,,,Ngõ 152 Đường Phan Bội Châu,,search,search_formal_medium_009,current+cardinal+prefix+formal,current,cardinal,formal,osm,13|street|search|formal_medium
b99e5dbd30c7e598,tìm hộ tôi vị trí đường Thẳm Ồm giúp tôi,street,highway,đường Thẳm Ồm,osm_street_way_477500704,Nghệ An,,,,Đường Thẳm Ồm,,search,search_neutral_medium_006,current+none+prefix+neutral,current,none,neutral,osm,13|street|search|neutral_medium
0ca43ba4ecf770f3,tra giúp đường Trịnh Huy Quang nhé,street,highway,đường Trịnh Huy Quang,osm_street_way_793464544,Nghệ An,,,,Đường Trịnh Huy Quang,,search,search_neutral_short_004,current+none+prefix+neutral,current,none,neutral,osm,13|street|search|neutral_short
16ec92da8fb7e88b,"thôi cứ Cầu Đô Lương ở tỉnh Nghệ An đi, ghé đại vô đó với",street,highway,Cầu Đô Lương ở tỉnh Nghệ An,osm_street_way_52674261,Nghệ An,,,,Cầu Đô Lương,,short_command,short_command_casual_long_010,current+none+no_prefix+casual,current,none,casual,osm,13|street|short_command|casual_long
74f837d3b73961d2,vòng qua Nguyễn Văn Trỗi nha,street,street,Nguyễn Văn Trỗi,osm_street_way_844147003,Nghệ An,,,,Đường Nguyễn Văn Trỗi,,short_command,short_command_casual_short_005,current+none+no_prefix+casual,current,none,casual,osm,13|street|short_command|casual_short
b5217d7767f0d9d8,làm ơn cho hỏi xin đi thẳng đến đường tỉnh năm trăm lẻ năm,street,highway,đường tỉnh năm trăm lẻ năm,osm_street_way_48847125,Nghệ An,,,,Đường tỉnh 505,,short_command,short_command_formal_medium_008,current+cardinal+prefix+formal,current,cardinal,formal,osm,13|street|short_command|formal_medium
db5abe93ed27e125,cho hỏi đưa tôi tới đường Trần Nhật Duật ở tỉnh Nghệ An giúp tôi,street,street,đường Trần Nhật Duật ở tỉnh Nghệ An,osm_street_way_497094414,Nghệ An,,,,Đường Trần Nhật Duật,,short_command,short_command_neutral_medium_002,current+none+prefix+neutral,current,none,neutral,osm,13|street|short_command|neutral_medium
d357ca10fc9c96cd,về đường Mai Thúc Loan,street,street,đường Mai Thúc Loan,osm_street_way_37725971,Nghệ An,,,,Đường Mai Thúc Loan,,short_command,short_command_neutral_short_007,current+none+prefix+neutral,current,none,neutral,osm,13|street|short_command|neutral_short
d876e1be31a23009,tìm giúp đường đến Đông Kinh giúp tôi,admin_unit,ward,Đông Kinh,osm_ward_19446832,Hà Tĩnh,,,Đông Kinh,,,nav_command,nav_command_neutral_medium_003,current+none+no_prefix+neutral,current,none,neutral,manual,14|admin_unit|nav_command|neutral_medium
a1420b6347222634,chỉ đường đến xã Kỳ Anh được không,admin_unit,ward,xã Kỳ Anh,osm_ward_19446814,Hà Tĩnh,,,Kỳ Anh,,,nav_command,nav_command_neutral_short_001,current+none+prefix+neutral,current,none,neutral,manual,14|admin_unit|nav_command|neutral_short
0799d4743dab6a3a,tra cứu giúp tôi xã Hương Xuân nhé,admin_unit,ward,xã Hương Xuân,osm_ward_19446816,Hà Tĩnh,,,Hương Xuân,,,search,search_neutral_medium_008,current+none+prefix+neutral,current,none,neutral,manual,14|admin_unit|search|neutral_medium
bc941a2eaa31ddc9,tìm giúp tôi xã Đông Kinh giúp tôi,admin_unit,ward,xã Đông Kinh,osm_ward_19446832,Hà Tĩnh,,,Đông Kinh,,,search,search_neutral_short_001,current+none+prefix+neutral,current,none,neutral,manual,14|admin_unit|search|neutral_short
2b3020b6e15e63bb,cho hỏi tôi đang cần tìm đường đến Bún cá ở tỉnh Hà Tĩnh,commercial,restaurant,Bún cá ở tỉnh Hà Tĩnh,osm_poi_node_5905560585,Hà Tĩnh,,,,,,conversational,conversational_neutral_medium_002,current+none+no_prefix+neutral,current,none,neutral,osm,14|commercial|conversational|neutral_medium
9cc51a148d6535e9,hỏi hướng đến Xăng được không,commercial,gas_station,Xăng,osm_poi_node_4505602990,Hà Tĩnh,,,,,,conversational,conversational_neutral_short_010,current+none+no_prefix+neutral,current,none,neutral,osm,14|commercial|conversational|neutral_short
bc1f920f7674f6e3,qua PV Oil đi mà,commercial,gas_station,PV Oil,osm_poi_node_13406755102,Hà Tĩnh,,,,,,nav_command,nav_command_casual_short_003,current+none+no_prefix+casual,current,none,casual,osm,14|commercial|nav_command|casual_short
63db965ec3324dd7,tìm giúp đường đến PV Oil ở tỉnh Hà Tĩnh được không,commercial,gas_station,PV Oil ở tỉnh Hà Tĩnh,osm_poi_node_13406755102,Hà Tĩnh,,,,,,nav_command,nav_command_neutral_medium_003,current+none+no_prefix+neutral,current,none,neutral,osm,14|commercial|nav_command|neutral_medium
8c86cef86658bbc7,cho đường đến bánh Cuốn Bắc ở tỉnh Hà Tĩnh,commercial,restaurant,bánh Cuốn Bắc ở tỉnh Hà Tĩnh,osm_poi_node_5374086789,Hà Tĩnh,,,,,,nav_command,nav_command_neutral_short_005,current+none+no_prefix+neutral,current,none,neutral,osm,14|commercial|nav_command|neutral_short
e4a181ac8fa06a8c,từ chỗ này đến tiệm bánh pizza Hoa ORI ở tỉnh Hà Tĩnh đi hướng nào,commercial,restaurant,tiệm bánh pizza Hoa ORI ở tỉnh Hà Tĩnh,osm_poi_way_593643108,Hà Tĩnh,,,,,,route_question,route_question_neutral_medium_009,current+none+no_prefix+neutral,current,none,neutral,osm,14|commercial|route_question|neutral_medium
1d39e7e6ab91653b,tới Tanh Vinh Hotel đường nào nhỉ,commercial,hotel,Tanh Vinh Hotel,osm_poi_node_5346296326,Hà Tĩnh,,,,,,route_question,route_question_neutral_short_007,current+none+no_prefix+neutral,current,none,neutral,osm,14|commercial|route_question|neutral_short
2364b02c850f57a1,mò tìm PVcomBank giúp mình,commercial,bank,PVcomBank,osm_poi_node_5344383223,Hà Tĩnh,,,,,,search,search_casual_short_010,current+none+no_prefix+casual,current,none,casual,osm,14|commercial|search|casual_short
0740d86501986c23,này tìm giúp tôi thông tin về Cho Ga Market ở tỉnh Hà Tĩnh được không,commercial,supermarket,Cho Ga Market ở tỉnh Hà Tĩnh,osm_poi_node_5346120821,Hà Tĩnh,,,,,,search,search_neutral_medium_009,current+none+no_prefix+neutral,current,none,neutral,osm,14|commercial|search|neutral_medium
211dd4df5bf07bc8,tìm vị trí Mường Thanh Luxury Song Lam Hotel ở tỉnh Hà Tĩnh nhé,commercial,hotel,Mường Thanh Luxury Song Lam Hotel ở tỉnh Hà Tĩnh,osm_poi_node_10300054010,Hà Tĩnh,,,,,,search,search_neutral_short_007,current+none+no_prefix+neutral,current,none,neutral,osm,14|commercial|search|neutral_short
3b3a2eea36497819,đi thẳng tới Petrolimex ở tỉnh Hà Tĩnh,commercial,gas_station,Petrolimex ở tỉnh Hà Tĩnh,osm_poi_node_4867790627,Hà Tĩnh,,,,,,short_command,short_command_neutral_medium_009,current+none+no_prefix+neutral,current,none,neutral,osm,14|commercial|short_command|neutral_medium
40a81cd932ff7b15,tới phở cười hai ở tỉnh Hà Tĩnh nhé,commercial,restaurant,phở cười hai ở tỉnh Hà Tĩnh,osm_poi_node_4537496191,Hà Tĩnh,,,,,,short_command,short_command_neutral_short_003,current+cardinal+no_prefix+neutral,current,cardinal,neutral,osm,14|commercial|short_command|neutral_short
0b7519507af81a81,biết đường Phú Văn ở tỉnh Hà Tĩnh không,street,street,Phú Văn ở tỉnh Hà Tĩnh,osm_street_way_845226355,Hà Tĩnh,,,,Đường Phú Văn,,conversational,conversational_casual_short_002,current+none+no_prefix+casual,current,none,casual,osm,14|street|conversational|casual_short
b66fdb39252c539c,cho tôi hỏi giúp tôi tìm đường đến Hồ Phi Huyền nhé,street,street,Hồ Phi Huyền,osm_street_way_842603143,Hà Tĩnh,,,,Đường Hồ Phi Huyền,,conversational,conversational_neutral_medium_009,current+none+no_prefix+neutral,current,none,neutral,osm,14|street|conversational|neutral_medium
7393d54371241f89,hỏi lối tới Nguyễn Mậu Tài với,street,street,Nguyễn Mậu Tài,osm_street_way_841086969,Hà Tĩnh,,,,Đường Nguyễn Mậu Tài,,conversational,conversational_neutral_short_006,current+none+no_prefix+neutral,current,none,neutral,osm,14|street|conversational|neutral_short
8743fd6ab9f3c81a,"chỉ mình lối đến Trương Văn Lĩnh đi, mình đang bị lạc nè",street,street,Trương Văn Lĩnh,osm_street_way_446809547,Hà Tĩnh,,,,Trương Văn Lĩnh,,nav_command,nav_command_casual_long_007,current+none+no_prefix+casual,current,none,casual,osm,14|street|nav_command|casual_long
0d944f777e405fb3,phóng tới hẻm hai ngách ba ngõ mười Đặng Văn Thụy được không,street,street,hẻm hai ngách ba ngõ mười Đặng Văn Thụy,osm_street_way_1420086618,Hà Tĩnh,,,,Hẻm 2 Ngách 3 Ngõ 10 Đặng Văn Thụy,,nav_command,nav_command_casual_short_008,current+cardinal+prefix+casual,current,cardinal,casual,osm,14|street|nav_command|casual_short
0f7a5d4da26c6d4e,vui lòng chỉ đường tới đường Hồ Hảo,street,street,đường Hồ Hảo,osm_street_way_525918339,Hà Tĩnh,,,,Đường Hồ Hảo,,nav_command,nav_command_formal_medium_002,current+none+prefix+formal,current,none,formal,osm,14|street|nav_command|formal_medium
6d93636d90d5393e,mở giúp đường đi đến đường Võ Thúc Đồng ở tỉnh Hà Tĩnh,street,street,đường Võ Thúc Đồng ở tỉnh Hà Tĩnh,osm_street_way_844977551,Hà Tĩnh,,,,Đường Võ Thúc Đồng,,nav_command,nav_command_neutral_medium_008,current+none+prefix+neutral,current,none,neutral,osm,14|street|nav_command|neutral_medium
8bc75793974f79f2,dẫn đường đến đường Kim Đông,street,street,đường Kim Đông,osm_street_way_841648905,Hà Tĩnh,,,,Đường Kim Đông,,nav_command,nav_command_neutral_short_003,current+none+prefix+neutral,current,none,neutral,osm,14|street|nav_command|neutral_short
ca99db6cba2bd658,tới đường Phan Vĩnh Tiến ở tỉnh Hà Tĩnh lối nào,street,street,đường Phan Vĩnh Tiến ở tỉnh Hà Tĩnh,osm_street_way_693927543,Hà Tĩnh,,,,Đường Phan Vĩnh Tiến,,route_question,route_question_casual_short_009,current+none+prefix+casual,current,none,casual,osm,14|street|route_question|casual_short
15fcc08e2cd7048c,cho mình hỏi à đến Tân Thới mười một đi lối nào,street,street,Tân Thới mười một,osm_street_way_427394798,Hà Tĩnh,,,,Đường Tân Thới 11,,route_question,route_question_neutral_medium_006,current+cardinal+no_prefix+neutral,current,cardinal,neutral,osm,14|street|route_question|neutral_medium
f0af990e946e4446,tới đường ngõ Xóm - nờ ích hai mươi chín Thôn ba đi lối nào,street,street,đường ngõ Xóm - nờ ích hai mươi chín Thôn ba,osm_street_way_842553009,Hà Tĩnh,,,,Đường Ngõ Xóm - NX29 Thôn 3,,route_question,route_question_neutral_short_002,current+cardinal+prefix+neutral,current,cardinal,neutral,osm,14|street|route_question|neutral_short
df071aff00980b51,tìm Cầu Cửa Sót ở tỉnh Hà Tĩnh cái nhé,street,highway,Cầu Cửa Sót ở tỉnh Hà Tĩnh,osm_street_way_482221072,Hà Tĩnh,,,,Cầu Cửa Sót,,search,search_casual_short_001,current+none+no_prefix+casual,current,none,casual,osm,14|street|search|casual_short
3b39e58c979ed70b,kiếm hộ tôi Mai Đức Bá ở tỉnh Hà Tĩnh,street,street,Mai Đức Bá ở tỉnh Hà Tĩnh,osm_street_way_507654515,Hà Tĩnh,,,,Đường Mai Đức Bá,,search,search_neutral_medium_005,current+none+no_prefix+neutral,current,none,neutral,osm,14|street|search|neutral_medium
dd9b4433e5b4ef39,dò giúp Ngã Tư Ba Viên ở tỉnh Hà Tĩnh,street,highway,Ngã Tư Ba Viên ở tỉnh Hà Tĩnh,osm_street_way_427040176,Hà Tĩnh,,,,Ngã Tư Ba Viên,,search,search_neutral_short_010,current+none+no_prefix+neutral,current,none,neutral,osm,14|street|search|neutral_short
2fd0d6bb9c28a5bb,dừng lại ở đường Tân Thới mười một ở tỉnh Hà Tĩnh nhé,street,street,đường Tân Thới mười một ở tỉnh Hà Tĩnh,osm_street_way_427394798,Hà Tĩnh,,,,Đường Tân Thới 11,,short_command,short_command_neutral_medium_005,current+cardinal+prefix+neutral,current,cardinal,neutral,osm,14|street|short_command|neutral_medium
d5e77e738892be8d,vào Trần Đức Đông ở tỉnh Hà Tĩnh,street,street,Trần Đức Đông ở tỉnh Hà Tĩnh,osm_street_way_843370195,Hà Tĩnh,,,,Đường Trần Đức Đông,,short_command,short_command_neutral_short_008,current+none+no_prefix+neutral,current,none,neutral,osm,14|street|short_command|neutral_short
dac5c2d1e8388e76,chỉ tuyến đường đến Cần Yên nhé,admin_unit,ward,Cần Yên,osm_ward_19416468,Cao Bằng,,,Cần Yên,,,nav_command,nav_command_neutral_medium_007,current+none+no_prefix+neutral,current,none,neutral,manual,15|admin_unit|nav_command|neutral_medium
20f4beb956db8e42,mở đường đến xã Thông Nông,admin_unit,ward,xã Thông Nông,osm_ward_19416466,Cao Bằng,,,Thông Nông,,,nav_command,nav_command_neutral_short_007,current+none+prefix+neutral,current,none,neutral,manual,15|admin_unit|nav_command|neutral_short
a8a91618031b1a0b,này tìm giúp tôi vị trí xã Cốc Pàng ở tỉnh Cao Bằng,admin_unit,ward,xã Cốc Pàng ở tỉnh Cao Bằng,osm_ward_19344391,Cao Bằng,,,Cốc Pàng,,,search,search_neutral_medium_001,current+none+prefix+neutral,current,none,neutral,manual,15|admin_unit|search|neutral_medium
02352c18a9622bf5,kiếm chỗ xã Lũng Nặm,admin_unit,ward,xã Lũng Nặm,osm_ward_19416470,Cao Bằng,,,Lũng Nặm,,,search,search_neutral_short_006,current+none+prefix+neutral,current,none,neutral,manual,15|admin_unit|search|neutral_short
bf89ed23d754d6fa,tôi đang cần tìm đường đến Agribank,commercial,bank,Agribank,osm_poi_way_1368278515,Cao Bằng,,,,,,conversational,conversational_neutral_medium_002,current+none+no_prefix+neutral,current,none,neutral,osm,15|commercial|conversational|neutral_medium
e3cd91ca838fc5a2,cho hỏi đường Kim Động hotel ở tỉnh Cao Bằng,commercial,hotel,Kim Động hotel ở tỉnh Cao Bằng,osm_poi_node_4528239370,Cao Bằng,,,,,,conversational,conversational_neutral_short_007,current+none+no_prefix+neutral,current,none,neutral,osm,15|commercial|conversational|neutral_short
02b73b7537f1b65e,chỉ đường LPBank đi mà,commercial,bank,LPBank,osm_poi_way_1487234665,Cao Bằng,,,,,,nav_command,nav_command_casual_short_004,current+none+no_prefix+casual,current,none,casual,osm,15|commercial|nav_command|casual_short
552831c966fd37da,cho tôi đường đi đến Kieu Thanh Nguyet,commercial,hotel,Kieu Thanh Nguyet,osm_poi_node_4830320521,Cao Bằng,,,,,,nav_command,nav_command_neutral_medium_002,current+none+no_prefix+neutral,current,none,neutral,osm,15|commercial|nav_command|neutral_medium
963ba0f50dc77a6e,tìm đường đến Motel,commercial,hotel,Motel,osm_poi_node_12690317960,Cao Bằng,,,,,,nav_command,nav_command_neutral_short_004,current+none+no_prefix+neutral,current,none,neutral,osm,15|commercial|nav_command|neutral_short
f00338eae34f5325,từ đây đến KHUOI KY homestay bao xa,commercial,hotel,KHUOI KY homestay,osm_poi_node_5628104521,Cao Bằng,,,,,,route_question,route_question_neutral_medium_010,current+none+no_prefix+neutral,current,none,neutral,osm,15|commercial|route_question|neutral_medium
3b9e2e7ee3dd66e8,đường nào tới Viet Hoang Guesthouse,commercial,hotel,Viet Hoang Guesthouse,osm_poi_node_4513925293,Cao Bằng,,,,,,route_question,route_question_neutral_short_010,current+none+no_prefix+neutral,current,none,neutral,osm,15|commercial|route_question|neutral_short
aeb5ae072129a979,tìm Cơm Thanh Huyền,commercial,restaurant,Cơm Thanh Huyền,osm_poi_node_13140420101,Cao Bằng,,,,,,search,search_casual_short_001,current+none+no_prefix+casual,current,none,casual,osm,15|commercial|search|casual_short
497cfbf7a019bd46,này kiếm giúp tôi thông tin Hải Au Hotel giúp tôi,commercial,hotel,Hải Au Hotel,osm_poi_node_4528239360,Cao Bằng,,,,,,search,search_neutral_medium_002,current+none+no_prefix+neutral,current,none,neutral,osm,15|commercial|search|neutral_medium
c5f29395cb228b9f,kiếm chỗ Hoà An Hotel được không,commercial,hotel,Hoà An Hotel,osm_poi_node_4970144621,Cao Bằng,,,,,,search,search_neutral_short_006,current+none+no_prefix+neutral,current,none,neutral,osm,15|commercial|search|neutral_short
fe3e870e730ca394,cho tôi hỏi ghé ngang Vi Hoang ở tỉnh Cao Bằng,commercial,hotel,Vi Hoang ở tỉnh Cao Bằng,osm_poi_node_6405583621,Cao Bằng,,,,,,short_command,short_command_neutral_medium_008,current+none+no_prefix+neutral,current,none,neutral,osm,15|commercial|short_command|neutral_medium
4476ce245bf64d09,tới The Gioi Lau nhé,commercial,restaurant,The Gioi Lau,osm_poi_node_5380071721,Cao Bằng,,,,,,short_command,short_command_neutral_short_003,current+none+no_prefix+neutral,current,none,neutral,osm,15|commercial|short_command|neutral_short
0a83992252c64330,biết lối Quốc lộ hai trăm bảy mươi chín TT Chợ Rã không,street,highway,Quốc lộ hai trăm bảy mươi chín TT Chợ Rã,osm_street_way_634662461,Cao Bằng,,,,"Quốc lộ 279, TT Chợ Rã",,conversational,conversational_casual_short_010,current+cardinal+no_prefix+casual,current,cardinal,casual,osm,15|street|conversational|casual_short
62199ac8113449d9,thế có ai biết đường đến phố Nước Giáp không,street,highway,phố Nước Giáp,osm_street_way_741147210,Cao Bằng,,,,Phố Nước Giáp,,conversational,conversational_neutral_medium_004,current+none+prefix+neutral,current,none,neutral,osm,15|street|conversational|neutral_medium
1ca46aafab68ed60,cho hỏi ngả tới Lý Tự Trọng ở tỉnh Cao Bằng,street,highway,Lý Tự Trọng ở tỉnh Cao Bằng,osm_street_way_715410262,Cao Bằng,,,,Phố Lý Tự Trọng,,conversational,conversational_neutral_short_009,current+none+no_prefix+neutral,current,none,neutral,osm,15|street|conversational|neutral_short
bfc036234e8c00af,"ê chỉ đường đến Quốc lộ ba xê giúp mình cái, đường nào cũng được miễn tới nơi đi mà",street,highway,Quốc lộ ba xê,osm_street_way_482792810,Cao Bằng,,,,Quốc lộ 3C,,nav_command,nav_command_casual_long_001,current+cardinal+no_prefix+casual,current,cardinal,casual,osm,15|street|nav_command|casual_long
914c748eaf440571,qua Tân An ở tỉnh Cao Bằng cái nhé,street,street,Tân An ở tỉnh Cao Bằng,osm_street_way_456576069,Cao Bằng,,,,Đường Tân An,,nav_command,nav_command_casual_short_003,current+none+no_prefix+casual,current,none,casual,osm,15|street|nav_command|casual_short
23e2724cb6fe5979,mong chỉ giúp tuyến đường đến phố Quốc lộ bốn xê ở tỉnh Cao Bằng giúp tôi với ạ,street,highway,phố Quốc lộ bốn xê ở tỉnh Cao Bằng,osm_street_way_48117237,Cao Bằng,,,,Quốc lộ 4C,,nav_command,nav_command_formal_medium_009,current+digit_by_digit+prefix+formal,current,digit_by_digit,formal,osm,15|street|nav_command|formal_medium
d68610f3df42aeeb,thế chỉ giúp lối đi đến đường vào Hăng Cốc Bó ở tỉnh Cao Bằng được không,street,highway,đường vào Hăng Cốc Bó ở tỉnh Cao Bằng,osm_street_way_907198867,Cao Bằng,,,,Đường vào Hăng Cốc Bó,,nav_command,nav_command_neutral_medium_010,current+none+prefix+neutral,current,none,neutral,osm,15|street|nav_command|neutral_medium
dc7d78531384859a,mở đường đến phố Quốc lộ bốn a quy u xê Lộ ba bốn bê ở tỉnh Cao Bằng,street,highway,phố Quốc lộ bốn a quy u xê Lộ ba bốn bê ở tỉnh Cao Bằng,osm_street_way_1420381584,Cao Bằng,,,,Quốc lộ 4A;Quốc Lộ 34B,,nav_command,nav_command_neutral_short_007,current+digit_by_digit+prefix+neutral,current,digit_by_digit,neutral,osm,15|street|nav_command|neutral_short
3c1a4028d800830b,đến Cầu Cô Muông ở tỉnh Cao Bằng sao,street,street,Cầu Cô Muông ở tỉnh Cao Bằng,osm_street_way_230426320,Cao Bằng,,,,Cầu Cô Muông,,route_question,route_question_casual_short_007,current+none+no_prefix+casual,current,none,casual,osm,15|street|route_question|casual_short
418a8d44e1bf64cd,đường nào gần nhất đến Cầu Gia Cung ở tỉnh Cao Bằng được không,street,highway,Cầu Gia Cung ở tỉnh Cao Bằng,osm_street_way_741147211,Cao Bằng,,,,Cầu Gia Cung,,route_question,route_question_neutral_medium_004,current+none+no_prefix+neutral,current,none,neutral,osm,15|street|route_question|neutral_medium
90de006d6b908b7a,tới phố Cầu Bằng Giang đi lối nào,street,highway,phố Cầu Bằng Giang,osm_street_way_178353324,Cao Bằng,,,,Cầu Bằng Giang,,route_question,route_question_neutral_short_002,current+none+prefix+neutral,current,none,neutral,osm,15|street|route_question|neutral_short
8697ac2648ae4a42,mò tìm phố Bế Văn Đàn với,street,highway,phố Bế Văn Đàn,osm_street_way_1028933291,Cao Bằng,,,,Phố Bế Văn Đàn,,search,search_casual_short_010,current+none+prefix+casual,current,none,casual,osm,15|street|search|casual_short
aec6785f62a6da6d,thế tra cứu giúp tôi đường Đèo Nà Tềnh,street,highway,đường Đèo Nà Tềnh,osm_street_way_1509682460,Cao Bằng,,,,Đèo Nà Tềnh,,search,search_neutral_medium_008,current+none+prefix+neutral,current,none,neutral,osm,15|street|search|neutral_medium
629bab10ea540eca,kiếm chỗ Cầu Tà Lùng nhé,street,highway,Cầu Tà Lùng,osm_street_way_1493843671,Cao Bằng,,,,Cầu Tà Lùng,,search,search_neutral_short_006,current+none+no_prefix+neutral,current,none,neutral,osm,15|street|search|neutral_short
3918947deb1e09ee,cho mình hỏi cho tôi xuống ở phố Hiến Giang ở tỉnh Cao Bằng giúp tôi,street,highway,phố Hiến Giang ở tỉnh Cao Bằng,osm_street_way_741260738,Cao Bằng,,,,Phố Hiến Giang,,short_command,short_command_neutral_medium_006,current+none+prefix+neutral,current,none,neutral,osm,15|street|short_command|neutral_medium
b1447a17617e0740,tới vào Hang Cốc Bó ở tỉnh Cao Bằng nhé,street,highway,vào Hang Cốc Bó ở tỉnh Cao Bằng,osm_street_way_135762925,Cao Bằng,,,,Đường vào Hang Cốc Bó,,short_command,short_command_neutral_short_003,current+none+no_prefix+neutral,current,none,neutral,osm,15|street|short_command|neutral_short
24f53c988707d426,mở giúp đường đi đến xã Hòa An,admin_unit,ward,xã Hòa An,osm_ward_19318718,Tuyên Quang,,,Hòa An,,,nav_command,nav_command_neutral_medium_008,current+none+prefix+neutral,current,none,neutral,manual,16|admin_unit|nav_command|neutral_medium
d3f3c350fd2886d2,cho đường đến xã Hùng An ở tỉnh Tuyên Quang được không,admin_unit,ward,xã Hùng An ở tỉnh Tuyên Quang,osm_ward_19321892,Tuyên Quang,,,Hùng An,,,nav_command,nav_command_neutral_short_005,current+none+prefix+neutral,current,none,neutral,manual,16|admin_unit|nav_command|neutral_short
f9878454ebc48f02,dò giúp tôi vị trí xã Thái Sơn,admin_unit,ward,xã Thái Sơn,osm_ward_19312348,Tuyên Quang,,,Thái Sơn,,,search,search_neutral_medium_007,current+none+prefix+neutral,current,none,neutral,manual,16|admin_unit|search|neutral_medium
820882b73fc8e93b,dò giúp xã Yên Sơn nhé,admin_unit,ward,xã Yên Sơn,osm_ward_19345803,Tuyên Quang,,,Yên Sơn,,,search,search_neutral_short_010,current+none+prefix+neutral,current,none,neutral,manual,16|admin_unit|search|neutral_short
6a6e4342163de0d7,tôi đang cần tìm đường đến PV Oil giúp tôi,commercial,gas_station,PV Oil,osm_poi_way_1343613673,Tuyên Quang,,,,,,conversational,conversational_neutral_medium_002,current+none+no_prefix+neutral,current,none,neutral,osm,16|commercial|conversational|neutral_medium
3d115f778be9748c,hỏi lối tới Hotel Van Anh ở tỉnh Tuyên Quang,commercial,hotel,Hotel Van Anh ở tỉnh Tuyên Quang,osm_poi_node_11618413569,Tuyên Quang,,,,,,conversational,conversational_neutral_short_006,current+none+no_prefix+neutral,current,none,neutral,osm,16|commercial|conversational|neutral_short
b9ed636640c02eed,chỉ đường Petrolimex,commercial,gas_station,Petrolimex,osm_poi_node_4513619084,Tuyên Quang,,,,,,nav_command,nav_command_casual_short_004,current+none+no_prefix+casual,current,none,casual,osm,16|commercial|nav_command|casual_short
11bcea7a53ef31f0,cho mình hỏi chỉ giúp tôi đường đến Phúc Lộc Quán với,commercial,restaurant,Phúc Lộc Quán,osm_poi_node_13519720340,Tuyên Quang,,,,,,nav_command,nav_command_neutral_medium_001,current+none+no_prefix+neutral,current,none,neutral,osm,16|commercial|nav_command|neutral_medium
f60d52f528d0cc3a,bật đường đến PV oil nhé,commercial,gas_station,PV oil,osm_poi_node_4307028589,Tuyên Quang,,,,,,nav_command,nav_command_neutral_short_010,current+none+no_prefix+neutral,current,none,neutral,osm,16|commercial|nav_command|neutral_short
6b5acfc44167713f,thế đường nào gần nhất đến Cóm ở tỉnh Tuyên Quang,commercial,restaurant,Cóm ở tỉnh Tuyên Quang,osm_poi_node_4753905221,Tuyên Quang,,,,,,route_question,route_question_neutral_medium_004,current+none+no_prefix+neutral,current,none,neutral,osm,16|commercial|route_question|neutral_medium
79a2b2cfbac9b43e,Mon Ngon Hue đi hướng nào,commercial,restaurant,Mon Ngon Hue,osm_poi_node_7021325586,Tuyên Quang,,,,,,route_question,route_question_neutral_short_006,current+none+no_prefix+neutral,current,none,neutral,osm,16|commercial|route_question|neutral_short
792075204ddb283d,tìm Petrolimex đi mà,commercial,gas_station,Petrolimex,osm_poi_way_854540030,Tuyên Quang,,,,,,search,search_casual_short_001,current+none+no_prefix+casual,current,none,casual,osm,16|commercial|search|casual_short
64d14950f86f24c8,này kiếm giúp tôi thông tin L'an anh,commercial,restaurant,L'an anh,osm_poi_node_6423184988,Tuyên Quang,,,,,,search,search_neutral_medium_002,current+none+no_prefix+neutral,current,none,neutral,osm,16|commercial|search|neutral_medium
e6ff9754d95437c4,kiếm giúp VBSP - Phòng Giao dịch huyện Mèo Vạc,commercial,bank,VBSP - Phòng Giao dịch huyện Mèo Vạc,osm_poi_way_1327816706,Tuyên Quang,,,,,,search,search_neutral_short_003,current+none+no_prefix+neutral,current,none,neutral,osm,16|commercial|search|neutral_short
8a89d751dd8387cc,cho tôi xuống ở Bia Hoi & Nuóc Mía ở tỉnh Tuyên Quang với,commercial,restaurant,Bia Hoi & Nuóc Mía ở tỉnh Tuyên Quang,osm_poi_node_4750811021,Tuyên Quang,,,,,,short_command,short_command_neutral_medium_006,current+none+no_prefix+neutral,current,none,neutral,osm,16|commercial|short_command|neutral_medium
3ec84c8e167570d1,dừng Nhà Khách Yên Húng ở tỉnh Hà Giang cũ,commercial,hotel,Nhà Khách Yên Húng ở tỉnh Hà Giang cũ,osm_poi_node_4853578422,Tuyên Quang,Hà Giang,,,,,short_command,short_command_neutral_short_010,legacy+none+no_prefix+neutral,legacy,none,neutral,osm,16|commercial|short_command|neutral_short
79b4dbaba6791fe1,chỉ mình ngõ hai mươi sáu Sơn Hà ở tỉnh Tuyên Quang,street,street,ngõ hai mươi sáu Sơn Hà ở tỉnh Tuyên Quang,osm_street_way_853226397,Tuyên Quang,,,,Ngõ 26 Sơn Hà,,conversational,conversational_casual_short_007,current+cardinal+prefix+casual,current,cardinal,casual,osm,16|street|conversational|casual_short
1c363d2bf2032531,cho tôi hỏi đường đến Bế Văn Đàn ở tỉnh Tuyên Quang được không,street,street,Bế Văn Đàn ở tỉnh Tuyên Quang,osm_street_way_419623211,Tuyên Quang,,,,Đường Bế Văn Đàn,,conversational,conversational_neutral_medium_001,current+none+no_prefix+neutral,current,none,neutral,osm,16|street|conversational|neutral_medium
e7869b8b01bca69f,cho hỏi ngả tới đường Lý Thường kiệt ở tỉnh Tuyên Quang,street,highway,đường Lý Thường kiệt ở tỉnh Tuyên Quang,osm_street_way_510554335,Tuyên Quang,,,,Đường Lý Thường Kiệt,,conversational,conversational_neutral_short_009,current+none+prefix+neutral,current,none,neutral,osm,16|street|conversational|neutral_short
e0f0498e7b38fdeb,"chỉ mình đường đi Ngô mười chín đi, mình mới chuyển tới đây đi",street,street,Ngô mười chín,osm_street_way_455513233,Tuyên Quang,,,,Ngô 19,,nav_command,nav_command_casual_long_003,current+cardinal+no_prefix+casual,current,cardinal,casual,osm,16|street|nav_command|casual_long
a60056e63e1bb116,tới Hai Bà Trưng ở tỉnh Tuyên Quang được không,street,street,Hai Bà Trưng ở tỉnh Tuyên Quang,osm_street_way_906400272,Tuyên Quang,,,,Đường Hai Bà Trưng,,nav_command,nav_command_casual_short_002,current+none+no_prefix+casual,current,none,casual,osm,16|street|nav_command|casual_short
8735a2933a5e5965,xin cho tôi đường đi đến đường dê hát một ở tỉnh Tuyên Quang,street,street,đường dê hát một ở tỉnh Tuyên Quang,osm_street_way_769783773,Tuyên Quang,,,,DH01,,nav_command,nav_command_formal_medium_004,current+digit_by_digit+prefix+formal,current,digit_by_digit,formal,osm,16|street|nav_command|formal_medium
6deb89aeb93523af,ờ chỉ giúp lối đi đến quốc lộ hai trăm bảy mươi chín Minh Quang ở tỉnh Tuyên Quang được không,street,highway,quốc lộ hai trăm bảy mươi chín Minh Quang ở tỉnh Tuyên Quang,osm_street_way_635583969,Tuyên Quang,,,,"QL 279, Minh Quang",,nav_command,nav_command_neutral_medium_010,current+cardinal+no_prefix+neutral,current,cardinal,neutral,osm,16|street|nav_command|neutral_medium
2704001c6fa1046e,chỉ lối đến đường mười bảy xuyệt tám nhé,street,street,đường mười bảy xuyệt tám,osm_street_way_309132135,Tuyên Quang,,,,Đường 17/8,,nav_command,nav_command_neutral_short_006,current+cardinal+prefix+neutral,current,cardinal,neutral,osm,16|street|nav_command|neutral_short
a210191899163a53,phố Lê Trần Mãn ở tỉnh Tuyên Quang đi đâu nhỉ,street,street,phố Lê Trần Mãn ở tỉnh Tuyên Quang,osm_street_way_853328132,Tuyên Quang,,,,Phố Lê Trần Mãn,,route_question,route_question_casual_short_005,current+none+prefix+casual,current,none,casual,osm,16|street|route_question|casual_short
17407565667c13b2,đi đến Ngô Gia Tự bằng đường nào,street,street,Ngô Gia Tự,osm_street_way_921712201,Tuyên Quang,,,,Phố Ngô Gia Tự,,route_question,route_question_neutral_medium_008,current+none+no_prefix+neutral,current,none,neutral,osm,16|street|route_question|neutral_medium
938082c14176ff31,phố Ngô Gia Khảm đi đường nào,street,street,phố Ngô Gia Khảm,osm_street_way_741065226,Tuyên Quang,,,,Phố Ngô Gia Khảm,,route_question,route_question_neutral_short_003,current+none+prefix+neutral,current,none,neutral,osm,16|street|route_question|neutral_short
496a9f8c85adbb02,tìm Đông Lý ở tỉnh Tuyên Quang,street,street,Đông Lý ở tỉnh Tuyên Quang,osm_street_way_918068995,Tuyên Quang,,,,Đường Đông Lý,,search,search_casual_short_001,current+none+no_prefix+casual,current,none,casual,osm,16|street|search|casual_short
35850c82990b0475,dò giúp tôi vị trí đường Bế Văn Đàn ở tỉnh Hà Giang được không,street,street,đường Bế Văn Đàn ở tỉnh Hà Giang,osm_street_way_419623211,Tuyên Quang,Hà Giang,,,Đường Bế Văn Đàn,,search,search_neutral_medium_007,legacy+none+prefix+neutral,legacy,none,neutral,osm,16|street|search|neutral_medium
f5cf9c18ddf4ede7,tìm Trần Khát Chân ở tỉnh Tuyên Quang,street,street,Trần Khát Chân ở tỉnh Tuyên Quang,osm_street_way_853096848,Tuyên Quang,,,,Phố Trần Khát Chân,,search,search_neutral_short_002,current+none+no_prefix+neutral,current,none,neutral,osm,16|street|search|neutral_short
5f1329247c703298,chạy thẳng đến phố Hồng Thái ở tỉnh Tuyên Quang nhé,street,street,phố Hồng Thái ở tỉnh Tuyên Quang,osm_street_way_309132170,Tuyên Quang,,,,Phố Hồng Thái,,short_command,short_command_neutral_medium_003,current+none+prefix+neutral,current,none,neutral,osm,16|street|short_command|neutral_medium
fcb9c787bea70366,dừng Trường Chinh với,street,street,Trường Chinh,osm_street_way_817316397,Tuyên Quang,,,,Phố Trường Chinh,,short_command,short_command_neutral_short_010,current+none+no_prefix+neutral,current,none,neutral,osm,16|street|short_command|neutral_short
bf2e8d6a71b9224e,cho tôi hỏi chỉ giúp lối đi đến Bảo Thắng,admin_unit,ward,Bảo Thắng,osm_ward_19571580,Lào Cai,,,Bảo Thắng,,,nav_command,nav_command_neutral_medium_010,current+none+no_prefix+neutral,current,none,neutral,manual,17|admin_unit|nav_command|neutral_medium
c3801ae98fac074e,chỉ lối đến Bảo Yên với,admin_unit,ward,Bảo Yên,osm_ward_19571579,Lào Cai,,,Bảo Yên,,,nav_command,nav_command_neutral_short_006,current+none+no_prefix+neutral,current,none,neutral,manual,17|admin_unit|nav_command|neutral_short
a3165bfd2d3cce60,này dò giúp tôi vị trí xã Phúc Khánh ở tỉnh Lào Cai giúp tôi,admin_unit,ward,xã Phúc Khánh ở tỉnh Lào Cai,osm_ward_19571531,Lào Cai,,,Phúc Khánh,,,search,search_neutral_medium_007,current+none+prefix+neutral,current,none,neutral,manual,17|admin_unit|search|neutral_medium
d034add5a5820fd3,dò giúp Bảo Thắng giúp tôi,admin_unit,ward,Bảo Thắng,osm_ward_19571580,Lào Cai,,,Bảo Thắng,,,search,search_neutral_short_010,current+none+no_prefix+neutral,current,none,neutral,manual,17|admin_unit|search|neutral_short
bade76b4fbc15877,cho mình hỏi lối đến Phở Bún Bò ở tỉnh Lào Cai,commercial,restaurant,Phở Bún Bò ở tỉnh Lào Cai,osm_poi_node_13359170473,Lào Cai,,,,,,conversational,conversational_neutral_medium_006,current+none+no_prefix+neutral,current,none,neutral,osm,17|commercial|conversational|neutral_medium
2f4c088b31cd1863,cho hỏi hướng Nhà nghỉ Hải Đăng,commercial,hotel,Nhà nghỉ Hải Đăng,osm_poi_way_1452618214,Lào Cai,,,,,,conversational,conversational_neutral_short_005,current+none+no_prefix+neutral,current,none,neutral,osm,17|commercial|conversational|neutral_short
7a92efeae9785c77,vọt qua Bánh Xèo Bà Anh hai ở tỉnh Lào Cai,commercial,restaurant,Bánh Xèo Bà Anh hai ở tỉnh Lào Cai,osm_poi_node_4605823390,Lào Cai,,,,,,nav_command,nav_command_casual_short_010,current+cardinal+no_prefix+casual,current,cardinal,casual,osm,17|commercial|nav_command|casual_short
da9c32f3d0defea3,tìm giúp đường đến Linh Trang được không,commercial,hotel,Linh Trang,osm_poi_node_989240075,Lào Cai,,,,,,nav_command,nav_command_neutral_medium_003,current+none+no_prefix+neutral,current,none,neutral,osm,17|commercial|nav_command|neutral_medium
abb47e96d59db9f2,tìm đường đến Sapa Warm Hotel ở tỉnh Yên Bái,commercial,hotel,Sapa Warm Hotel ở tỉnh Yên Bái,osm_poi_node_13282194526,Lào Cai,Yên Bái,,,,,nav_command,nav_command_neutral_short_004,legacy+none+no_prefix+neutral,legacy,none,neutral,osm,17|commercial|nav_command|neutral_short
4a36fc181991ce01,cho hỏi từ chỗ này đến Bánh Mỳ Phương Nhi đi hướng nào,commercial,restaurant,Bánh Mỳ Phương Nhi,osm_poi_node_13359172503,Lào Cai,,,,,,route_question,route_question_neutral_medium_009,current+none+no_prefix+neutral,current,none,neutral,osm,17|commercial|route_question|neutral_medium
2074afcbdbe96e50,Petrolimex ở tỉnh Lào Cai đi hướng nào nhỉ,commercial,gas_station,Petrolimex ở tỉnh Lào Cai,osm_poi_node_12767992202,Lào Cai,,,,,,route_question,route_question_neutral_short_006,current+none+no_prefix+neutral,current,none,neutral,osm,17|commercial|route_question|neutral_short
1dd236d846e0c0e3,kiếm thử Homestay bảy trăm mười lăm với,commercial,hotel,Homestay bảy trăm mười lăm,osm_poi_node_11383277335,Lào Cai,,,,,,search,search_casual_short_005,current+cardinal+no_prefix+casual,current,cardinal,casual,osm,17|commercial|search|casual_short
401f8c3865baa83f,cho tôi hỏi tìm giúp tôi chỗ Q Sapa Hotel nhé,commercial,hotel,Q Sapa Hotel,osm_poi_node_5474499721,Lào Cai,,,,,,search,search_neutral_medium_004,current+none+no_prefix+neutral,current,none,neutral,osm,17|commercial|search|neutral_medium
f750dbac588cd66d,kiếm thử Viêt Emotion ở tỉnh Lào Cai,commercial,hotel,Viêt Emotion ở tỉnh Lào Cai,osm_poi_node_989240263,Lào Cai,,,,,,search,search_neutral_short_009,current+none+no_prefix+neutral,current,none,neutral,osm,17|commercial|search|neutral_short
5ab43a96a61f8525,này đưa tôi tới Hoang Long Hotel,commercial,hotel,Hoang Long Hotel,osm_poi_node_7176450613,Lào Cai,,,,,,short_command,short_command_neutral_medium_002,current+none+no_prefix+neutral,current,none,neutral,osm,17|commercial|short_command|neutral_medium
832086d61bad7947,rẽ Tam ở tỉnh Lào Cai,commercial,restaurant,Tam ở tỉnh Lào Cai,osm_poi_node_7174614013,Lào Cai,,,,,,short_command,short_command_neutral_short_009,current+none+no_prefix+neutral,current,none,neutral,osm,17|commercial|short_command|neutral_short
c3305fa3f4ed3d23,biết lối Bình Minh không,street,highway,Bình Minh,osm_street_way_528137647,Lào Cai,,,,Đường Bình Minh,,conversational,conversational_casual_short_010,current+none+no_prefix+casual,current,none,casual,osm,17|street|conversational|casual_short
4ef9d9b5589f53d0,kiểu tôi đang hỏi đường tới phố Vạn Hoa ở tỉnh Lào Cai,street,street,phố Vạn Hoa ở tỉnh Lào Cai,osm_street_way_411390051,Lào Cai,,,,Vạn Hoa,,conversational,conversational_neutral_medium_010,current+none+prefix+neutral,current,none,neutral,osm,17|street|conversational|neutral_medium
3f5f027bb1877fc6,hỏi lối tới Đào Tấn ở tỉnh Lào Cai được không,street,street,Đào Tấn ở tỉnh Lào Cai,osm_street_way_549732321,Lào Cai,,,,Đào Tấn,,conversational,conversational_neutral_short_006,current+none+no_prefix+neutral,current,none,neutral,osm,17|street|conversational|neutral_short
7ac22406ab013c9d,"chỉ đường tới Phan Huy Chú với, mình chạy xe máy thôi nha",street,street,Phan Huy Chú,osm_street_way_250258165,Lào Cai,,,,Phố Phan Huy Chú,,nav_command,nav_command_casual_long_005,current+none+no_prefix+casual,current,none,casual,osm,17|street|nav_command|casual_long
fb8561c80b9a870a,qua đường Ngô Quyến đi,street,street,đường Ngô Quyến,osm_street_way_250258167,Lào Cai,,,,Đường Ngô Quyến,,nav_command,nav_command_casual_short_003,current+none+prefix+casual,current,none,casual,osm,17|street|nav_command|casual_short
091062b3d9ccf8eb,cho tôi hỏi một chút xin được chỉ đường đi tới đường Võ Nguyên Giáp ở tỉnh Lào Cai giúp tôi với ạ,street,highway,đường Võ Nguyên Giáp ở tỉnh Lào Cai,osm_street_way_413878132,Lào Cai,,,,Đường Võ Nguyên Giáp,,nav_command,nav_command_formal_medium_010,current+none+prefix+formal,current,none,formal,osm,17|street|nav_command|formal_medium
35da6d0a1c4e21d9,chỉ tuyến đường đến đường tỉnh một trăm năm mươi sáu bê được không,street,highway,đường tỉnh một trăm năm mươi sáu bê,osm_street_way_891740227,Lào Cai,,,,Đường tỉnh 156B,,nav_command,nav_command_neutral_medium_007,current+cardinal+prefix+neutral,current,cardinal,neutral,osm,17|street|nav_command|neutral_medium
2498e2a21e85214e,chỉ đường đến đường Đinh Tiên Hoàng ở tỉnh Lào Cai với,street,highway,đường Đinh Tiên Hoàng ở tỉnh Lào Cai,osm_street_way_549909259,Lào Cai,,,,Đường Đinh Tiên Hoàng,,nav_command,nav_command_neutral_short_001,current+none+prefix+neutral,current,none,neutral,osm,17|street|nav_command|neutral_short
d2c55ba1b282869e,đi sao tới Quốc lộ hai trăm bảy mươi chín,street,highway,Quốc lộ hai trăm bảy mươi chín,osm_street_way_321486945,Lào Cai,,,,Quốc lộ 279,,route_question,route_question_casual_short_010,current+cardinal+no_prefix+casual,current,cardinal,casual,osm,17|street|route_question|casual_short
dd967764ed102044,thế đi đường Yên Hòa đường nào nhanh nhất được không,street,street,đường Yên Hòa,osm_street_way_549732323,Lào Cai,,,,Yên Hòa,,route_question,route_question_neutral_medium_005,current+none+prefix+neutral,current,none,neutral,osm,17|street|route_question|neutral_medium
803a379c94aea307,đến phố Dã Tượng ở tỉnh Lào Cai lối nào,street,street,phố Dã Tượng ở tỉnh Lào Cai,osm_street_way_413878040,Lào Cai,,,,Dã Tượng,,route_question,route_question_neutral_short_008,current+none+prefix+neutral,current,none,neutral,osm,17|street|route_question|neutral_short
6b793e7b1f885339,kiếm tỉnh một trăm năm mươi hai bê ở tỉnh Lào Cai cái nhé,street,street,tỉnh một trăm năm mươi hai bê ở tỉnh Lào Cai,osm_street_way_892252261,Lào Cai,,,,Đường tỉnh 152B,,search,search_casual_short_002,current+cardinal+no_prefix+casual,current,cardinal,casual,osm,17|street|search|casual_short
58f1a9a9552cfe97,tìm giúp tôi thông tin về đường Ngọc Uyển ở tỉnh Lào Cai nhé,street,street,đường Ngọc Uyển ở tỉnh Lào Cai,osm_street_way_546085723,Lào Cai,,,,Ngọc Uyển,,search,search_neutral_medium_009,current+none+prefix+neutral,current,none,neutral,osm,17|street|search|neutral_medium
413fc0019f8221e7,"tìm chỗ đường Quốc lộ bốn dê TTSa Pa, Lào Cai",street,highway,"đường Quốc lộ bốn dê TTSa Pa, Lào Cai",osm_street_way_209730064,Lào Cai,,,,"Quốc lộ 4D, TTSa Pa, Lào Cai",,search,search_neutral_short_005,current+cardinal+prefix+neutral,current,cardinal,neutral,osm,17|street|search|neutral_short
756f7c7af2f79068,dừng lại ở phố Nguyễn Siêu với,street,street,phố Nguyễn Siêu,osm_street_way_304226092,Lào Cai,,,,Nguyễn Siêu,,short_command,short_command_neutral_medium_005,current+none+prefix+neutral,current,none,neutral,osm,17|street|short_command|neutral_medium
bf507c00de0bbcc9,vào tỉnh một sáu một,street,highway,tỉnh một sáu một,osm_street_way_52735686,Lào Cai,,,,Đường tỉnh 161,,short_command,short_command_neutral_short_008,current+digit_by_digit+no_prefix+neutral,current,digit_by_digit,neutral,osm,17|street|short_command|neutral_short
57847b46d7ecad62,cho tôi hỏi chỉ giúp lối đi đến Phượng Tiến ở tỉnh Bắc Kạn được không,admin_unit,ward,Phượng Tiến ở tỉnh Bắc Kạn,osm_ward_19529171,Thái Nguyên,Bắc Kạn,,Phượng Tiến,,,nav_command,nav_command_neutral_medium_010,legacy+none+no_prefix+neutral,legacy,none,neutral,manual,18|admin_unit|nav_command|neutral_medium
8c14d7b49449a4f1,chỉ lối đến Võ Nhai được không,admin_unit,ward,Võ Nhai,osm_ward_19556693,Thái Nguyên,,,Võ Nhai,,,nav_command,nav_command_neutral_short_006,current+none+no_prefix+neutral,current,none,neutral,manual,18|admin_unit|nav_command|neutral_short
862861962b1b4e03,cho mình hỏi kiếm giúp tôi chỗ Phổ Yên ở tỉnh Thái Nguyên,admin_unit,ward,Phổ Yên ở tỉnh Thái Nguyên,osm_ward_19526247,Thái Nguyên,,,Phổ Yên,,,search,search_neutral_medium_010,current+none+no_prefix+neutral,current,none,neutral,manual,18|admin_unit|search|neutral_medium
5fbb036ba952d31e,kiếm chỗ xã Đồng Hỷ giúp tôi,admin_unit,ward,xã Đồng Hỷ,osm_ward_19567367,Thái Nguyên,,,Đồng Hỷ,,,search,search_neutral_short_006,current+none+prefix+neutral,current,none,neutral,manual,18|admin_unit|search|neutral_short
95d1c1e0b61943f4,cho tôi hỏi mình đang tìm đường đến Petrolimex ở tỉnh Thái Nguyên được không,commercial,gas_station,Petrolimex ở tỉnh Thái Nguyên,osm_poi_node_5244519422,Thái Nguyên,,,,,,conversational,conversational_neutral_medium_007,current+none+no_prefix+neutral,current,none,neutral,osm,18|commercial|conversational|neutral_medium
9f1a6cf3c69dff9f,cho hỏi lối đến Restaurant Le Pirate ở tỉnh Thái Nguyên,commercial,restaurant,Restaurant Le Pirate ở tỉnh Thái Nguyên,osm_poi_node_4810905641,Thái Nguyên,,,,,,conversational,conversational_neutral_short_003,current+none+no_prefix+neutral,current,none,neutral,osm,18|commercial|conversational|neutral_short
e7a731a3b8988ca4,chỉ đường Ngân hàng Vietcombank,commercial,bank,Ngân hàng Vietcombank,osm_poi_node_7148005399,Thái Nguyên,,,,,,nav_command,nav_command_casual_short_004,current+none+no_prefix+casual,current,none,casual,osm,18|commercial|nav_command|casual_short
c73d7a247f1d5e9f,chỉ đường đi tới Luong Son Quab với,commercial,restaurant,Luong Son Quab,osm_poi_node_7242717485,Thái Nguyên,,,,,,nav_command,nav_command_neutral_medium_004,current+none+no_prefix+neutral,current,none,neutral,osm,18|commercial|nav_command|neutral_medium
602fea43a6b0a897,cho đường đến Nha nghi hop hong ở tỉnh Thái Nguyên,commercial,hotel,Nha nghi hop hong ở tỉnh Thái Nguyên,osm_poi_node_5716757621,Thái Nguyên,,,,,,nav_command,nav_command_neutral_short_005,current+none+no_prefix+neutral,current,none,neutral,osm,18|commercial|nav_command|neutral_short
69b9e4e897ea4123,này từ chỗ này đến King Chicken ở tỉnh Thái Nguyên đi hướng nào,commercial,restaurant,King Chicken ở tỉnh Thái Nguyên,osm_poi_node_5781010615,Thái Nguyên,,,,,,route_question,route_question_neutral_medium_009,current+none+no_prefix+neutral,current,none,neutral,osm,18|commercial|route_question|neutral_medium
3d4b7d5c536f3beb,đến Petrolimex ở tỉnh Thái Nguyên đi đường nào,commercial,gas_station,Petrolimex ở tỉnh Thái Nguyên,osm_poi_way_1339379101,Thái Nguyên,,,,,,route_question,route_question_neutral_short_001,current+none+no_prefix+neutral,current,none,neutral,osm,18|commercial|route_question|neutral_short
b0a63d84bca372d9,tìm thử Dai Tu Fuel Station đi mà,commercial,gas_station,Dai Tu Fuel Station,osm_poi_node_12452284804,Thái Nguyên,,,,,,search,search_casual_short_006,current+none+no_prefix+casual,current,none,casual,osm,18|commercial|search|casual_short
0581aeb6ae00d248,tra giúp tôi vị trí Thuy Tien ở tỉnh Thái Nguyên giúp tôi,commercial,hotel,Thuy Tien ở tỉnh Thái Nguyên,osm_poi_node_5294753323,Thái Nguyên,,,,,,search,search_neutral_medium_003,current+none+no_prefix+neutral,current,none,neutral,osm,18|commercial|search|neutral_medium
5339ac1e13e1d179,dò giúp Mai Cau II ở tỉnh Thái Nguyên,commercial,hotel,Mai Cau II ở tỉnh Thái Nguyên,osm_poi_node_4497988790,Thái Nguyên,,,,,,search,search_neutral_short_010,current+none+no_prefix+neutral,current,none,neutral,osm,18|commercial|search|neutral_short
1cbf88fddc27f9d6,cho mình hỏi ghé ngang Karaoke ở tỉnh Thái Nguyên nhé,commercial,hotel,Karaoke ở tỉnh Thái Nguyên,osm_poi_node_5951158686,Thái Nguyên,,,,,,short_command,short_command_neutral_medium_008,current+none+no_prefix+neutral,current,none,neutral,osm,18|commercial|short_command|neutral_medium
c6f2d323be4b2142,tới Agribank giúp tôi,commercial,bank,Agribank,osm_poi_way_888611656,Thái Nguyên,,,,,,short_command,short_command_neutral_short_003,current+none+no_prefix+neutral,current,none,neutral,osm,18|commercial|short_command|neutral_short
1010d2652128d574,đường tới Bàn Văn Hoan sao,street,street,Bàn Văn Hoan,osm_street_way_496649948,Thái Nguyên,,,,Bàn Văn Hoan,,conversational,conversational_casual_short_009,current+none+no_prefix+casual,current,none,casual,osm,18|street|conversational|casual_short
c47435a03f78cbe2,cho tôi hỏi đường đến Ngô Gia Tự ở tỉnh Thái Nguyên giúp tôi,street,street,Ngô Gia Tự ở tỉnh Thái Nguyên,osm_street_way_595824084,Thái Nguyên,,,,Đường Ngô Gia Tự,,conversational,conversational_neutral_medium_001,current+none+no_prefix+neutral,current,none,neutral,osm,18|street|conversational|neutral_medium
0af3c22f06414ce5,hỏi đường tới đường Ngô Gia Tự ở tỉnh Thái Nguyên,street,street,đường Ngô Gia Tự ở tỉnh Thái Nguyên,osm_street_way_595824084,Thái Nguyên,,,,Đường Ngô Gia Tự,,conversational,conversational_neutral_short_002,current+none+prefix+neutral,current,none,neutral,osm,18|street|conversational|neutral_short
a7a629c982c2a77d,"dẫn đường tới phố Đèo De giúp mình, đi đường tắt cũng được",street,highway,phố Đèo De,osm_street_way_892441986,Thái Nguyên,,,,Đèo De,,nav_command,nav_command_casual_long_006,current+none+prefix+casual,current,none,casual,osm,18|street|nav_command|casual_long
48ff19f091785b79,chạy đến Đồng Doãn Khuê ở tỉnh Thái Nguyên đi mà,street,highway,Đồng Doãn Khuê ở tỉnh Thái Nguyên,osm_street_way_252631905,Thái Nguyên,,,,Đường Đồng Doãn Khuê,,nav_command,nav_command_casual_short_009,current+none+no_prefix+casual,current,none,casual,osm,18|street|nav_command|casual_short
e1110ff88413a769,nhờ dẫn đường giúp tôi tới đường Quán Triều,street,street,đường Quán Triều,osm_street_way_765893808,Thái Nguyên,,,,Đường Quán Triều,,nav_command,nav_command_formal_medium_007,current+none+prefix+formal,current,none,formal,osm,18|street|nav_command|formal_medium
f826bd431b45c1d3,chỉ đường đi tới phố Nông Quốc Chấn,street,highway,phố Nông Quốc Chấn,osm_street_way_416906847,Thái Nguyên,,,,Nông Quốc Chấn,,nav_command,nav_command_neutral_medium_004,current+none+prefix+neutral,current,none,neutral,osm,18|street|nav_command|neutral_medium
65c1bf7d3917ce63,chỉ hướng đến Nguyễn Công Hoan ở tỉnh Thái Nguyên,street,street,Nguyễn Công Hoan ở tỉnh Thái Nguyên,osm_street_way_912625184,Thái Nguyên,,,,Phố Nguyễn Công Hoan,,nav_command,nav_command_neutral_short_009,current+none+no_prefix+neutral,current,none,neutral,osm,18|street|nav_command|neutral_short
2a3766213c0982f0,đường nào tới Đồng Doãn Khuê ở tỉnh Bắc Kạn,street,highway,Đồng Doãn Khuê ở tỉnh Bắc Kạn,osm_street_way_252631905,Thái Nguyên,Bắc Kạn,,,Đường Đồng Doãn Khuê,,route_question,route_question_casual_short_002,legacy+none+no_prefix+casual,legacy,none,casual,osm,18|street|route_question|casual_short
92149ddde32c68be,cho mình hỏi từ đây đến đường Lữ đoàn năm trăm bảy mươi lăm ở tỉnh Thái Nguyên đi thế nào,street,highway,đường Lữ đoàn năm trăm bảy mươi lăm ở tỉnh Thái Nguyên,osm_street_way_497339942,Thái Nguyên,,,,Đường Lữ đoàn 575,,route_question,route_question_neutral_medium_001,current+cardinal+prefix+neutral,current,cardinal,neutral,osm,18|street|route_question|neutral_medium
525a6e03dff39f48,tới phố Trần Hưng Đạo ở tỉnh Thái Nguyên đường nào nhỉ,street,street,phố Trần Hưng Đạo ở tỉnh Thái Nguyên,osm_street_way_368640991,Thái Nguyên,,,,Trần Hưng Đạo,,route_question,route_question_neutral_short_007,current+none+prefix+neutral,current,none,neutral,osm,18|street|route_question|neutral_short
d96a749662d17372,tìm thử phố Cầu Huy Ngạc với,street,highway,phố Cầu Huy Ngạc,osm_street_way_252632078,Thái Nguyên,,,,Cầu Huy Ngạc,,search,search_casual_short_006,current+none+prefix+casual,current,none,casual,osm,18|street|search|casual_short
5c30c77e527d8d2a,kiếm giúp tôi thông tin đường tỉnh hai trăm năm mươi ba bê ở tỉnh Thái Nguyên nhé,street,highway,đường tỉnh hai trăm năm mươi ba bê ở tỉnh Thái Nguyên,osm_street_way_496654231,Thái Nguyên,,,,Đường tỉnh 253B,,search,search_neutral_medium_002,current+cardinal+prefix+neutral,current,cardinal,neutral,osm,18|street|search|neutral_medium
767b801565258119,tìm Đặng Văn Ngữ ở tỉnh Thái Nguyên giúp tôi,street,street,Đặng Văn Ngữ ở tỉnh Thái Nguyên,osm_street_way_573735258,Thái Nguyên,,,,Phố Đặng Văn Ngữ,,search,search_neutral_short_002,current+none+no_prefix+neutral,current,none,neutral,osm,18|street|search|neutral_short
9aed2e79af1570ff,cho tôi hỏi cho tôi xuống ở đường Gang Thép ở tỉnh Thái Nguyên giúp tôi,street,highway,đường Gang Thép ở tỉnh Thái Nguyên,osm_street_way_344121786,Thái Nguyên,,,,Đường Gang Thép,,short_command,short_command_neutral_medium_006,current+none+prefix+neutral,current,none,neutral,osm,18|street|short_command|neutral_medium
94f20c00dce63953,đường ba mươi Tháng bốn nhé,street,highway,đường ba mươi Tháng bốn,osm_street_way_915711793,Thái Nguyên,,,,Đường 30 Tháng 4,,short_command,short_command_neutral_short_001,current+cardinal+prefix+neutral,current,cardinal,neutral,osm,18|street|short_command|neutral_short
006514e2ab903fae,mở giúp đường đi đến Tiền Phong được không,admin_unit,ward,Tiền Phong,osm_ward_19543002,Phú Thọ,,,Tiền Phong,,,nav_command,nav_command_neutral_medium_008,current+none+no_prefix+neutral,current,none,neutral,manual,19|admin_unit|nav_command|neutral_medium
33105d22f0a8ce64,đưa đường đến xã Thái Hòa ở tỉnh Hòa Bình cũ nhé,admin_unit,ward,xã Thái Hòa ở tỉnh Hòa Bình cũ,osm_ward_19543017,Phú Thọ,Hòa Bình,,Thái Hòa,,,nav_command,nav_command_neutral_short_008,legacy+none+prefix+neutral,legacy,none,neutral,manual,19|admin_unit|nav_command|neutral_short
2d8c4bb016d822f9,kiếm giúp tôi thông tin xã Đại Đồng ở tỉnh Vĩnh Phúc nhé,admin_unit,ward,xã Đại Đồng ở tỉnh Vĩnh Phúc,osm_ward_19543096,Phú Thọ,Vĩnh Phúc,,Đại Đồng,,,search,search_neutral_medium_002,legacy+none+prefix+neutral,legacy,none,neutral,manual,19|admin_unit|search|neutral_medium
633f1b7723aae496,dò giúp xã Hợp Kim ở tỉnh Phú Thọ,admin_unit,ward,xã Hợp Kim ở tỉnh Phú Thọ,osm_ward_19543078,Phú Thọ,,,Hợp Kim,,,search,search_neutral_short_010,current+none+prefix+neutral,current,none,neutral,manual,19|admin_unit|search|neutral_short
35181469022b34a3,cho hỏi có ai biết đường đến Nhà hàng Đông Thành không,commercial,restaurant,Nhà hàng Đông Thành,osm_poi_node_1711457407,Phú Thọ,,,,,,conversational,conversational_neutral_medium_004,current+none+no_prefix+neutral,current,none,neutral,osm,19|commercial|conversational|neutral_medium
4d4175c09b4edad2,cho hỏi lối đến Hải Dương ở tỉnh Hòa Bình,commercial,hotel,Hải Dương ở tỉnh Hòa Bình,osm_poi_node_4763199436,Phú Thọ,Hòa Bình,,,,,conversational,conversational_neutral_short_003,legacy+none+no_prefix+neutral,legacy,none,neutral,osm,19|commercial|conversational|neutral_short
7937aa6c2f65dcbd,đi Sua Ba Vi ở tỉnh Phú Thọ,commercial,restaurant,Sua Ba Vi ở tỉnh Phú Thọ,osm_poi_node_4115830290,Phú Thọ,,,,,,nav_command,nav_command_casual_short_001,current+none+no_prefix+casual,current,none,casual,osm,19|commercial|nav_command|casual_short
5599961f8054a46f,cho tôi đường đi đến PETROLIMEX - một trăm mười bảy,commercial,gas_station,PETROLIMEX - một trăm mười bảy,osm_poi_node_11058022622,Phú Thọ,,,,,,nav_command,nav_command_neutral_medium_002,current+cardinal+no_prefix+neutral,current,cardinal,neutral,osm,19|commercial|nav_command|neutral_medium
f1624d6bb9d7fdb3,chỉ hướng đến Petrolimex ở tỉnh Phú Thọ,commercial,gas_station,Petrolimex ở tỉnh Phú Thọ,osm_poi_way_1342578227,Phú Thọ,,,,,,nav_command,nav_command_neutral_short_009,current+none+no_prefix+neutral,current,none,neutral,osm,19|commercial|nav_command|neutral_short
ee9e021b819c0498,làm sao đến Petrolimex Gas Station nhanh nhất,commercial,gas_station,Petrolimex Gas Station,osm_poi_node_13398872629,Phú Thọ,,,,,,route_question,route_question_neutral_medium_007,current+none+no_prefix+neutral,current,none,neutral,osm,19|commercial|route_question|neutral_medium
df7f4eb9d98cb1bb,đi Khách Sạn Bách Đại Lộc lối nào nhỉ,commercial,hotel,Khách Sạn Bách Đại Lộc,osm_poi_node_4957929523,Phú Thọ,,,,,,route_question,route_question_neutral_short_005,current+none+no_prefix+neutral,current,none,neutral,osm,19|commercial|route_question|neutral_short
32912f0b42447fb5,lục tìm trạm xăng ở tỉnh Phú Thọ đi,commercial,gas_station,trạm xăng ở tỉnh Phú Thọ,osm_poi_node_446044256,Phú Thọ,,,,,,search,search_casual_short_009,current+none+no_prefix+casual,current,none,casual,osm,19|commercial|search|casual_short
7fffdebbfab4b1dc,tìm giúp tôi thông tin về PV Oil Station ở tỉnh Phú Thọ giúp tôi,commercial,gas_station,PV Oil Station ở tỉnh Phú Thọ,osm_poi_node_5311289032,Phú Thọ,,,,,,search,search_neutral_medium_009,current+none+no_prefix+neutral,current,none,neutral,osm,19|commercial|search|neutral_medium
fa822094d9cc9ae6,tìm Nhà hàng Hà Linh,commercial,restaurant,Nhà hàng Hà Linh,osm_poi_node_5648739523,Phú Thọ,,,,,,search,search_neutral_short_002,current+none+no_prefix+neutral,current,none,neutral,osm,19|commercial|search|neutral_short
afca04fb832b7fb9,cho tôi hỏi cho xe rẽ vào Nhà Hàng Khánh Phương ở tỉnh Phú Thọ,commercial,restaurant,Nhà Hàng Khánh Phương ở tỉnh Phú Thọ,osm_poi_node_7138184862,Phú Thọ,,,,,,short_command,short_command_neutral_medium_010,current+none+no_prefix+neutral,current,none,neutral,osm,19|commercial|short_command|neutral_medium
510c28b22fd91e24,dừng Siêu Thị Lan Chi giúp tôi,commercial,supermarket,Siêu Thị Lan Chi,osm_poi_node_7074068386,Phú Thọ,,,,,,short_command,short_command_neutral_short_010,current+none+no_prefix+neutral,current,none,neutral,osm,19|commercial|short_command|neutral_short
716f6235882fdc83,hỏi đường ngõ Bãi Bóng ở tỉnh Phú Thọ đi mà,street,street,ngõ Bãi Bóng ở tỉnh Phú Thọ,osm_street_way_954146704,Phú Thọ,,,,Ngõ Bãi Bóng,,conversational,conversational_casual_short_001,current+none+prefix+casual,current,none,casual,osm,19|street|conversational|casual_short
1d909c631e4417f4,cho tôi hỏi đường đến phố Vĩnh Hoà ở tỉnh Phú Thọ với,street,street,phố Vĩnh Hoà ở tỉnh Phú Thọ,osm_street_way_746286840,Phú Thọ,,,,Phố Vĩnh Hoà,,conversational,conversational_neutral_medium_001,current+none+prefix+neutral,current,none,neutral,osm,19|street|conversational|neutral_medium
a2b8cf4a70029386,hỏi đường về phố Quốc lộ hai Cũ ở tỉnh Phú Thọ giúp tôi,street,highway,phố Quốc lộ hai Cũ ở tỉnh Phú Thọ,osm_street_way_52709688,Phú Thọ,,,,Quốc lộ 2 Cũ,,conversational,conversational_neutral_short_008,current+mixed+prefix+neutral,current,mixed,neutral,osm,19|street|conversational|neutral_short
8359753261e74639,"à chỉ mình đường đi phố Phạm Đỉnh Hổ ở tỉnh Phú Thọ đi, mình mới chuyển tới đây",street,street,phố Phạm Đỉnh Hổ ở tỉnh Phú Thọ,osm_street_way_368144362,Phú Thọ,,,,Phố Phạm Đỉnh Hổ,,nav_command,nav_command_casual_long_003,current+none+prefix+casual,current,none,casual,osm,19|street|nav_command|casual_long
408f0b7775c1c1d2,dẫn tới ngõ hai đường Ao Làng được không,street,street,ngõ hai đường Ao Làng,osm_street_way_897653851,Phú Thọ,,,,Ngõ 2 Đường Ao Làng,,nav_command,nav_command_casual_short_005,current+mixed+prefix+casual,current,mixed,casual,osm,19|street|nav_command|casual_short
38a1854d306d5371,xin chỉ đường đến phố Xóm Đầu Làng ở tỉnh Phú Thọ ạ,street,street,phố Xóm Đầu Làng ở tỉnh Phú Thọ,osm_street_way_723029011,Phú Thọ,,,,Xóm Đầu Làng,,nav_command,nav_command_formal_medium_001,current+none+prefix+formal,current,none,formal,osm,19|street|nav_command|formal_medium
8b47f63b8b66e645,cho tôi hỏi à tìm hộ đường đến Làng Chuông ở tỉnh Phú Thọ,street,street,Làng Chuông ở tỉnh Phú Thọ,osm_street_way_497136308,Phú Thọ,,,,Đường Làng Chuông,,nav_command,nav_command_neutral_medium_009,current+none+no_prefix+neutral,current,none,neutral,osm,19|street|nav_command|neutral_medium
49070ca8d2f597ab,bật đường đến ngõ tám Nguyễn Hiền được không,street,street,ngõ tám Nguyễn Hiền,osm_street_way_897669447,Phú Thọ,,,,Ngõ 8. Nguyễn Hiền,,nav_command,nav_command_neutral_short_010,current+cardinal+prefix+neutral,current,cardinal,neutral,osm,19|street|nav_command|neutral_short
06b2a574fd981581,tới Nguyễn Khoan ở tỉnh Phú Thọ lối nào thế,street,highway,Nguyễn Khoan ở tỉnh Phú Thọ,osm_street_way_155852130,Phú Thọ,,,,Đường Nguyễn Khoan,,route_question,route_question_casual_short_009,current+none+no_prefix+casual,current,none,casual,osm,19|street|route_question|casual_short
408724106432ae0c,từ đây đến Trần Nguyên Hãn bao xa,street,street,Trần Nguyên Hãn,osm_street_way_499745450,Phú Thọ,,,,Đường Trần Nguyên Hãn,,route_question,route_question_neutral_medium_010,current+none+no_prefix+neutral,current,none,neutral,osm,19|street|route_question|neutral_medium
c9882772dc4f4f39,đường nào tới Xóm hai thôn Ốc Lú ở tỉnh Phú Thọ được không,street,street,Xóm hai thôn Ốc Lú ở tỉnh Phú Thọ,osm_street_way_600057681,Phú Thọ,,,,Xóm 2 thôn Ốc Lú,,route_question,route_question_neutral_short_010,current+cardinal+no_prefix+neutral,current,cardinal,neutral,osm,19|street|route_question|neutral_short
5d0104c7ed007c0d,dò tỉnh ba trăm lẻ chín bê cái nhé,street,highway,tỉnh ba trăm lẻ chín bê,osm_street_way_300892290,Phú Thọ,,,,Đường tỉnh 309B,,search,search_casual_short_004,current+cardinal+no_prefix+casual,current,cardinal,casual,osm,19|street|search|casual_short
bf79770a9b3d2c8c,tìm hộ tôi vị trí tỉnh ba trăm mười xê ở tỉnh Phú Thọ giúp tôi,street,highway,tỉnh ba trăm mười xê ở tỉnh Phú Thọ,osm_street_way_634471234,Phú Thọ,,,,Đường tỉnh 310C,,search,search_neutral_medium_006,current+cardinal+no_prefix+neutral,current,cardinal,neutral,osm,19|street|search|neutral_medium
9bf07317d921fd69,tìm vị trí ngõ một không hai đường tỉnh bốn một tám,street,street,ngõ một không hai đường tỉnh bốn một tám,osm_street_way_1528097534,Phú Thọ,,,,Ngõ 102 đường tỉnh 418,,search,search_neutral_short_007,current+digit_by_digit+prefix+neutral,current,digit_by_digit,neutral,osm,19|street|search|neutral_short
8d1726c7bdd59022,cho xe chạy đến ngõ một trăm bốn mươi hai Trần Nguyên Hãn được không,street,street,ngõ một trăm bốn mươi hai Trần Nguyên Hãn,osm_street_way_776607278,Phú Thọ,,,,Ngõ 142 Trần Nguyên Hãn,,short_command,short_command_neutral_medium_001,current+cardinal+prefix+neutral,current,cardinal,neutral,osm,19|street|short_command|neutral_medium
d643acfd8441a5fc,đến đường Lê Duẩn ở tỉnh Phú Thọ nhé,street,street,đường Lê Duẩn ở tỉnh Phú Thọ,osm_street_way_590319288,Phú Thọ,,,,Đường Lê Duẩn,,short_command,short_command_neutral_short_004,current+none+prefix+neutral,current,none,neutral,osm,19|street|short_command|neutral_short
2a67717640ea200c,tìm giúp đường đến phường Nhân Hòa ở tỉnh Bắc Ninh,admin_unit,ward,phường Nhân Hòa ở tỉnh Bắc Ninh,osm_ward_18305255,Bắc Ninh,,,Nhân Hòa,,,nav_command,nav_command_neutral_medium_003,current+none+prefix+neutral,current,none,neutral,manual,20|admin_unit|nav_command|neutral_medium
e492e86f8ce3175d,chỉ hướng đến xã Yên Trung được không,admin_unit,ward,xã Yên Trung,osm_ward_18509071,Bắc Ninh,,,Yên Trung,,,nav_command,nav_command_neutral_short_009,current+none+prefix+neutral,current,none,neutral,manual,20|admin_unit|nav_command|neutral_short
4586d529c43bc354,này tìm giúp tôi thông tin về Nam Sơn,admin_unit,ward,Nam Sơn,osm_ward_18305124,Bắc Ninh,,,Nam Sơn,,,search,search_neutral_medium_009,current+none+no_prefix+neutral,current,none,neutral,manual,20|admin_unit|search|neutral_medium
00e48f29dfb697fb,kiếm thử Trung Chính ở tỉnh Bắc Giang cũ,admin_unit,ward,Trung Chính ở tỉnh Bắc Giang cũ,osm_ward_18481212,Bắc Ninh,Bắc Giang,,Trung Chính,,,search,search_neutral_short_009,legacy+none+no_prefix+neutral,legacy,none,neutral,manual,20|admin_unit|search|neutral_short
3d165e63bde7a372,tôi muốn hỏi đường tới Nướng Vũ Gia Kinh Bắc - Lẩu Thái TomYum ở tỉnh Bắc Ninh,commercial,restaurant,Nướng Vũ Gia Kinh Bắc - Lẩu Thái TomYum ở tỉnh Bắc Ninh,osm_poi_node_12952184050,Bắc Ninh,,,,,,conversational,conversational_neutral_medium_003,current+none+no_prefix+neutral,current,none,neutral,osm,20|commercial|conversational|neutral_medium
be8148d4ea30641d,cho hỏi ngả tới Ngân hàng Nhà nước Viêt Nam với,commercial,bank,Ngân hàng Nhà nước Viêt Nam,osm_poi_way_1331423706,Bắc Ninh,,,,,,conversational,conversational_neutral_short_009,current+none+no_prefix+neutral,current,none,neutral,osm,20|commercial|conversational|neutral_short
a909c81bb3750cf1,ghé WinMart với,commercial,supermarket,WinMart,osm_poi_node_9584173117,Bắc Ninh,,,,,,nav_command,nav_command_casual_short_007,current+none+no_prefix+casual,current,none,casual,osm,20|commercial|nav_command|casual_short
78ebc121d5a98a98,này hướng dẫn đường đến Nhà nghỉ Giang Nam hai ở tỉnh Bắc Giang,commercial,hotel,Nhà nghỉ Giang Nam hai ở tỉnh Bắc Giang,osm_poi_node_12694082758,Bắc Ninh,Bắc Giang,,,,,nav_command,nav_command_neutral_medium_005,legacy+cardinal+no_prefix+neutral,legacy,cardinal,neutral,osm,20|commercial|nav_command|neutral_medium
6199b29c8cdb0451,tìm đường đến Nem nướng Nha Trang Hiệp Huy với,commercial,restaurant,Nem nướng Nha Trang Hiệp Huy,osm_poi_node_12539002442,Bắc Ninh,,,,,,nav_command,nav_command_neutral_short_004,current+none+no_prefix+neutral,current,none,neutral,osm,20|commercial|nav_command|neutral_short
fef829fff59fbbeb,đi Cham Gogi BBQ đường nào nhanh nhất,commercial,restaurant,Cham Gogi BBQ,osm_poi_node_14101235418,Bắc Ninh,,,,,,route_question,route_question_neutral_medium_005,current+none+no_prefix+neutral,current,none,neutral,osm,20|commercial|route_question|neutral_medium
52daf96e8a5020d9,tới Yoyo HD Hotel đường nào vậy,commercial,hotel,Yoyo HD Hotel,osm_poi_node_13674882988,Bắc Ninh,,,,,,route_question,route_question_neutral_short_007,current+none+no_prefix+neutral,current,none,neutral,osm,20|commercial|route_question|neutral_short
41acc993778a329e,kiếm Phở Thìn Lò Đúc ở tỉnh Bắc Ninh,commercial,restaurant,Phở Thìn Lò Đúc ở tỉnh Bắc Ninh,osm_poi_node_11681725269,Bắc Ninh,,,,,,search,search_casual_short_002,current+none+no_prefix+casual,current,none,casual,osm,20|commercial|search|casual_short
3f46c5d0cb9d397e,tra cứu giúp tôi Le Indochina Hotel Bắc Ninh ở tỉnh Bắc Ninh với,commercial,hotel,Le Indochina Hotel Bắc Ninh ở tỉnh Bắc Ninh,osm_poi_way_1334531669,Bắc Ninh,,,,,,search,search_neutral_medium_008,current+none+no_prefix+neutral,current,none,neutral,osm,20|commercial|search|neutral_medium
1f61f210d0ed62c9,tra giúp Petrolimex,commercial,gas_station,Petrolimex,osm_poi_way_1473774308,Bắc Ninh,,,,,,search,search_neutral_short_004,current+none+no_prefix+neutral,current,none,neutral,osm,20|commercial|search|neutral_short
90c5c759f06cbdd1,chạy thẳng đến Dao Niu Guo - Lẩu Bò Tươi Triều Châu ở tỉnh Bắc Ninh,commercial,restaurant,Dao Niu Guo - Lẩu Bò Tươi Triều Châu ở tỉnh Bắc Ninh,osm_poi_node_14071871990,Bắc Ninh,,,,,,short_command,short_command_neutral_medium_003,current+none+no_prefix+neutral,current,none,neutral,osm,20|commercial|short_command|neutral_medium
b8c8d1c04fc1ead2,GO! Bắc Giang ở tỉnh Bắc Ninh,commercial,shopping_mall,GO! Bắc Giang ở tỉnh Bắc Ninh,osm_poi_way_628673986,Bắc Ninh,,,,,,short_command,short_command_neutral_short_001,current+none+no_prefix+neutral,current,none,neutral,osm,20|commercial|short_command|neutral_short
3f6276123dda6661,biết đường Trần Quang Khải ở tỉnh Bắc Ninh không,street,highway,Trần Quang Khải ở tỉnh Bắc Ninh,osm_street_way_627800023,Bắc Ninh,,,,Đường Trần Quang Khải,,conversational,conversational_casual_short_002,current+none+no_prefix+casual,current,none,casual,osm,20|street|conversational|casual_short
f5dd70b6a6f07dad,tôi muốn hỏi đường tới đường Võ Cường sáu mươi sáu,street,street,đường Võ Cường sáu mươi sáu,osm_street_way_696966665,Bắc Ninh,,,,Đường Võ Cường 66,,conversational,conversational_neutral_medium_003,current+cardinal+prefix+neutral,current,cardinal,neutral,osm,20|street|conversational|neutral_medium
5db067fbf36017ec,cho hỏi đường nờ bốn một được không,street,highway,nờ bốn một,osm_street_way_1417700124,Bắc Ninh,,,,Đường N4-1,,conversational,conversational_neutral_short_007,current+cardinal+no_prefix+neutral,current,cardinal,neutral,osm,20|street|conversational|neutral_short
201cf81331ab0d1e,"ê chỉ mình đường đi Đại Phúc hai bốn đi, mình mới chuyển tới đây giúp mình",street,street,Đại Phúc hai bốn,osm_street_way_896405125,Bắc Ninh,,,,Đường Đại Phúc 24,,nav_command,nav_command_casual_long_003,current+digit_by_digit+no_prefix+casual,current,digit_by_digit,casual,osm,20|street|nav_command|casual_long
2906034e3fb6bb08,dẫn tới phố Phạm Văn Liêu được không,street,street,phố Phạm Văn Liêu,osm_street_way_922022630,Bắc Ninh,,,,Phố Phạm Văn Liêu,,nav_command,nav_command_casual_short_005,current+none+prefix+casual,current,none,casual,osm,20|street|nav_command|casual_short
2a5a4bb7ffc2d189,xin phép hỏi xin chỉ lối đi đến phố Mao Yên ba ạ,street,street,phố Mao Yên ba,osm_street_way_875944762,Bắc Ninh,,,,Phố Mao Yên 3,,nav_command,nav_command_formal_medium_008,current+cardinal+prefix+formal,current,cardinal,formal,osm,20|street|nav_command|formal_medium
a08d94561c7d1c8a,chỉ đường đi tới phố DT hai trăm tám mươi bảy Quang Tiến ở tỉnh Bắc Ninh giúp tôi,street,highway,phố DT hai trăm tám mươi bảy Quang Tiến ở tỉnh Bắc Ninh,osm_street_way_635143858,Bắc Ninh,,,,"DT 287, Quang Tiến",,nav_command,nav_command_neutral_medium_004,current+cardinal+prefix+neutral,current,cardinal,neutral,osm,20|street|nav_command|neutral_medium
9fc72c04704218e4,mở đường đến Diệp Minh Châu ở tỉnh Bắc Ninh,street,street,Diệp Minh Châu ở tỉnh Bắc Ninh,osm_street_way_397996599,Bắc Ninh,,,,Phố Diệp Minh Châu,,nav_command,nav_command_neutral_short_007,current+none+no_prefix+neutral,current,none,neutral,osm,20|street|nav_command|neutral_short
46a0edeeef6d03ce,ngõ một trăm ba mươi chín đường Sơn Đông ở tỉnh Bắc Giang đường nào nhỉ,street,street,ngõ một trăm ba mươi chín đường Sơn Đông ở tỉnh Bắc Giang,osm_street_way_892930987,Bắc Ninh,Bắc Giang,,,Ngõ 139 Đường Sơn Đông,,route_question,route_question_casual_short_008,legacy+cardinal+prefix+casual,legacy,cardinal,casual,osm,20|street|route_question|casual_short
5bcbd4077bd52f13,cho hỏi à từ đây tới ngõ chín mươi đường Khuất Duy Tiến ở tỉnh Bắc Ninh đi kiểu gì,street,street,ngõ chín mươi đường Khuất Duy Tiến ở tỉnh Bắc Ninh,osm_street_way_897138155,Bắc Ninh,,,,Ngõ 90 Đường Khuất Duy Tiến,,route_question,route_question_neutral_medium_002,current+cardinal+prefix+neutral,current,cardinal,neutral,osm,20|street|route_question|neutral_medium
f225e12d195bce28,phố Dương Quảng Hàm đi kiểu gì,street,street,phố Dương Quảng Hàm,osm_street_way_744415166,Bắc Ninh,,,,Phố Dương Quảng Hàm,,route_question,route_question_neutral_short_009,current+none+prefix+neutral,current,none,neutral,osm,20|street|route_question|neutral_short
595349d149606811,tìm thử phố Thống Nhất nha,street,street,phố Thống Nhất,osm_street_way_922022640,Bắc Ninh,,,,Phố Thống Nhất,,search,search_casual_short_006,current+none+prefix+casual,current,none,casual,osm,20|street|search|casual_short
c8fd9a9c1a632f4b,kiếm giúp tôi chỗ ngõ năm mươi tám đường Phúc Sơn giúp tôi,street,street,ngõ năm mươi tám đường Phúc Sơn,osm_street_way_1416439653,Bắc Ninh,,,,Ngõ 58 Đường Phúc Sơn,,search,search_neutral_medium_010,current+cardinal+prefix+neutral,current,cardinal,neutral,osm,20|street|search|neutral_medium
229905640d78fed8,tra giúp ngõ chín mươi hai đường Ngô Gia Tự ở tỉnh Bắc Ninh,street,street,ngõ chín mươi hai đường Ngô Gia Tự ở tỉnh Bắc Ninh,osm_street_way_1470273258,Bắc Ninh,,,,Ngõ 92 Đường Ngô Gia Tự,,search,search_neutral_short_004,current+cardinal+prefix+neutral,current,cardinal,neutral,osm,20|street|search|neutral_short
6f7ad7742b834b48,cho xe rẽ vào ngõ một trăm chín mươi tám đường Đại Phúc ba mươi mốt ở tỉnh Bắc Ninh,street,street,ngõ một trăm chín mươi tám đường Đại Phúc ba mươi mốt ở tỉnh Bắc Ninh,osm_street_way_892585995,Bắc Ninh,,,,Ngõ 198 Đường Đại Phúc 31,,short_command,short_command_neutral_medium_010,current+cardinal+prefix+neutral,current,cardinal,neutral,osm,20|street|short_command|neutral_medium
da34e5c852b86650,về ngõ một trăm bảy mươi đường Như Nguyệt ở tỉnh Bắc Ninh được không,street,street,ngõ một trăm bảy mươi đường Như Nguyệt ở tỉnh Bắc Ninh,osm_street_way_962692670,Bắc Ninh,,,,Ngõ 170 Đường Như Nguyệt,,short_command,short_command_neutral_short_007,current+cardinal+prefix+neutral,current,cardinal,neutral,osm,20|street|short_command|neutral_short
488dd17580efdfff,cho tôi hỏi dẫn giúp đường tới Tiên Tiến được không,admin_unit,ward,Tiên Tiến,osm_ward_19541843,Hưng Yên,,,Tiên Tiến,,,nav_command,nav_command_neutral_medium_006,current+none+no_prefix+neutral,current,none,neutral,manual,21|admin_unit|nav_command|neutral_medium
a1911fe336a9024e,chỉ đường đến phường Phố Hiến ở tỉnh Hưng Yên giúp tôi,admin_unit,ward,phường Phố Hiến ở tỉnh Hưng Yên,osm_ward_19463171,Hưng Yên,,,Phố Hiến,,,nav_command,nav_command_neutral_short_001,current+none+prefix+neutral,current,none,neutral,manual,21|admin_unit|nav_command|neutral_short
2c2089af720be92b,kiếm hộ tôi Ngọc Lâm nhé,admin_unit,ward,Ngọc Lâm,osm_ward_19541876,Hưng Yên,,,Ngọc Lâm,,,search,search_neutral_medium_005,current+none+no_prefix+neutral,current,none,neutral,manual,21|admin_unit|search|neutral_medium
c01d629ff1504489,tra giúp xã Khoái Châu ở tỉnh Hưng Yên,admin_unit,ward,xã Khoái Châu ở tỉnh Hưng Yên,osm_ward_19541894,Hưng Yên,,,Khoái Châu,,,search,search_neutral_short_004,current+none+prefix+neutral,current,none,neutral,manual,21|admin_unit|search|neutral_short
dab0d28471ed13ca,cho tôi hỏi cho mình hỏi lối đến Cửa hàng xăng dầu kho hậu cần tổng hợp,commercial,gas_station,Cửa hàng xăng dầu kho hậu cần tổng hợp,osm_poi_node_12903806901,Hưng Yên,,,,,,conversational,conversational_neutral_medium_006,current+none+no_prefix+neutral,current,none,neutral,osm,21|commercial|conversational|neutral_medium
13d62616cfa6d9b4,hỏi lối tới Tulip,commercial,hotel,Tulip,osm_poi_way_841697582,Hưng Yên,,,,,,conversational,conversational_neutral_short_006,current+none+no_prefix+neutral,current,none,neutral,osm,21|commercial|conversational|neutral_short
3e78d46538adf109,qua Phở Bò Trung Kiên - Beef Pho ở tỉnh Hưng Yên với,commercial,restaurant,Phở Bò Trung Kiên - Beef Pho ở tỉnh Hưng Yên,osm_poi_node_13279277101,Hưng Yên,,,,,,nav_command,nav_command_casual_short_003,current+none+no_prefix+casual,current,none,casual,osm,21|commercial|nav_command|casual_short
0d2810a4f3f244f8,hướng dẫn đường đến PV Oil ở tỉnh Hưng Yên,commercial,gas_station,PV Oil ở tỉnh Hưng Yên,osm_poi_node_6930066422,Hưng Yên,,,,,,nav_command,nav_command_neutral_medium_005,current+none+no_prefix+neutral,current,none,neutral,osm,21|commercial|nav_command|neutral_medium
cc069608facc460c,chỉ đường tới Kadhai với,commercial,restaurant,Kadhai,osm_poi_node_13392741301,Hưng Yên,,,,,,nav_command,nav_command_neutral_short_002,current+none+no_prefix+neutral,current,none,neutral,osm,21|commercial|nav_command|neutral_short
c71f5801eab9d8c7,cho hỏi đi trau vang đường nào nhanh nhất,commercial,restaurant,trau vang,osm_poi_node_4422993090,Hưng Yên,,,,,,route_question,route_question_neutral_medium_005,current+none+no_prefix+neutral,current,none,neutral,osm,21|commercial|route_question|neutral_medium
30c1ab8b59752a7e,tới Miến lương bà Phấn đường nào nhỉ,commercial,restaurant,Miến lương bà Phấn,osm_poi_node_5344416324,Hưng Yên,,,,,,route_question,route_question_neutral_short_007,current+none+no_prefix+neutral,current,none,neutral,osm,21|commercial|route_question|neutral_short
aa833d7fa357b6e5,tìm Trang an Riverside garden restaurant ở tỉnh Hưng Yên,commercial,restaurant,Trang an Riverside garden restaurant ở tỉnh Hưng Yên,osm_poi_node_10284222709,Hưng Yên,,,,,,search,search_casual_short_001,current+none+no_prefix+casual,current,none,casual,osm,21|commercial|search|casual_short
8fecfbfcad5d79b1,tra giúp tôi vị trí Khách Sạn Hoàng Gia với,commercial,hotel,Khách Sạn Hoàng Gia,osm_poi_way_241062558,Hưng Yên,,,,,,search,search_neutral_medium_003,current+none+no_prefix+neutral,current,none,neutral,osm,21|commercial|search|neutral_medium
38e8b9fe56d0cf5d,tìm thử VRB ở tỉnh Thái Bình cũ,commercial,bank,VRB ở tỉnh Thái Bình cũ,osm_poi_node_12009617194,Hưng Yên,Thái Bình,,,,,search,search_neutral_short_008,legacy+none+no_prefix+neutral,legacy,none,neutral,osm,21|commercial|search|neutral_short
a5386f9c7f8c494f,ghé ngang BIDV ở tỉnh Hưng Yên,commercial,bank,BIDV ở tỉnh Hưng Yên,osm_poi_way_241933378,Hưng Yên,,,,,,short_command,short_command_neutral_medium_008,current+none+no_prefix+neutral,current,none,neutral,osm,21|commercial|short_command|neutral_medium
3e570d7543a70427,Vua Gà Tươi Tuấn Hà,commercial,restaurant,Vua Gà Tươi Tuấn Hà,osm_poi_way_1189319813,Hưng Yên,,,,,,short_command,short_command_neutral_short_001,current+none+no_prefix+neutral,current,none,neutral,osm,21|commercial|short_command|neutral_short
3fc99fabe8365b00,chỉ đường phố Đồng Xá ở tỉnh Hưng Yên đi mà,street,street,phố Đồng Xá ở tỉnh Hưng Yên,osm_street_way_239908418,Hưng Yên,,,,Phố Đồng Xá,,conversational,conversational_casual_short_003,current+none+prefix+casual,current,none,casual,osm,21|street|conversational|casual_short
acf2502a5ad0b1ce,này chỉ mình đường tới ngõ sáu một Đình Đông,street,street,ngõ sáu một Đình Đông,osm_street_way_1548635538,Hưng Yên,,,,Ngõ 61 Đình Đông,,conversational,conversational_neutral_medium_005,current+digit_by_digit+prefix+neutral,current,digit_by_digit,neutral,osm,21|street|conversational|neutral_medium
8ddd14adf8fa5107,cho hỏi lối đến Phạm Nhữ Dực ở tỉnh Hưng Yên,street,street,Phạm Nhữ Dực ở tỉnh Hưng Yên,osm_street_way_699680164,Hưng Yên,,,,Phố Phạm Nhữ Dực,,conversational,conversational_neutral_short_003,current+none+no_prefix+neutral,current,none,neutral,osm,21|street|conversational|neutral_short
6e13b35381502d58,"dẫn mình tới đường Tràng An ở tỉnh Hưng Yên với, mình không rành đường lắm",street,highway,đường Tràng An ở tỉnh Hưng Yên,osm_street_way_236976413,Hưng Yên,,,,Đường Tràng An,,nav_command,nav_command_casual_long_002,current+none+prefix+casual,current,none,casual,osm,21|street|nav_command|casual_long
a4c7b74549255333,lái đến phố Trần Thánh Tông cái nhé,street,street,phố Trần Thánh Tông,osm_street_way_284940315,Hưng Yên,,,,Phố Trần Thánh Tông,,nav_command,nav_command_casual_short_006,current+none+prefix+casual,current,none,casual,osm,21|street|nav_command|casual_short
b854c41d8ed29b99,cho tôi hỏi một chút mong chỉ giúp tuyến đường đến phố Khúc Trì ở tỉnh Hưng Yên ạ,street,street,phố Khúc Trì ở tỉnh Hưng Yên,osm_street_way_628150214,Hưng Yên,,,,Phố Khúc Trì,,nav_command,nav_command_formal_medium_009,current+none+prefix+formal,current,none,formal,osm,21|street|nav_command|formal_medium
6dd1786e827690db,cho tôi đường đi đến Phạm Huy Thông với,street,street,Phạm Huy Thông,osm_street_way_240890019,Hưng Yên,,,,Phố Phạm Huy Thông,,nav_command,nav_command_neutral_medium_002,current+none+no_prefix+neutral,current,none,neutral,osm,21|street|nav_command|neutral_medium
8b688dc02293cb19,chỉ đường đến phố Lê Văn Thuyết,street,street,phố Lê Văn Thuyết,osm_street_way_239834359,Hưng Yên,,,,Phố Lê Văn Thuyết,,nav_command,nav_command_neutral_short_001,current+none+prefix+neutral,current,none,neutral,osm,21|street|nav_command|neutral_short
49dc75582a2214dd,đến số tám Trần Lãm sao,street,street,số tám Trần Lãm,osm_street_way_631623380,Hưng Yên,,,,Đường số 8 Trần Lãm,,route_question,route_question_casual_short_007,current+cardinal+no_prefix+casual,current,cardinal,casual,osm,21|street|route_question|casual_short
4828f4978030d032,cho mình hỏi từ chỗ này đến Đuờng Lê Văn Tám ở tỉnh Hưng Yên đi hướng nào,street,street,Đuờng Lê Văn Tám ở tỉnh Hưng Yên,osm_street_way_237370571,Hưng Yên,,,,Đuờng Lê Văn Tám,,route_question,route_question_neutral_medium_009,current+none+no_prefix+neutral,current,none,neutral,osm,21|street|route_question|neutral_medium
4e4a1efc0d9457ff,đến phố Lê Quýnh đi đường nào nhỉ,street,street,phố Lê Quýnh,osm_street_way_1102801222,Hưng Yên,,,,Phố Lê Quýnh,,route_question,route_question_neutral_short_001,current+none+prefix+neutral,current,none,neutral,osm,21|street|route_question|neutral_short
f758b22f70246916,tìm Giếng Trằm cái nhé,street,street,Giếng Trằm,osm_street_way_943958959,Hưng Yên,,,,Phố Giếng Trằm,,search,search_casual_short_001,current+none+no_prefix+casual,current,none,casual,osm,21|street|search|casual_short
425ac19084088477,dò giúp tôi vị trí số hai Trần Hưng Đạo,street,street,số hai Trần Hưng Đạo,osm_street_way_863902105,Hưng Yên,,,,Đường số 2 Trần Hưng Đạo,,search,search_neutral_medium_007,current+mixed+no_prefix+neutral,current,mixed,neutral,osm,21|street|search|neutral_medium
690e750adb3affc1,tìm vị trí ngõ một ba một Lê Đại Hành ở tỉnh Hưng Yên,street,street,ngõ một ba một Lê Đại Hành ở tỉnh Hưng Yên,osm_street_way_237012807,Hưng Yên,,,,Ngõ 131 Lê Đại Hành,,search,search_neutral_short_007,current+mixed+prefix+neutral,current,mixed,neutral,osm,21|street|search|neutral_short
9972aa1e1b35141f,cho tôi hỏi cho xe rẽ vào Bùi Quang Dũng ở tỉnh Hưng Yên được không,street,street,Bùi Quang Dũng ở tỉnh Hưng Yên,osm_street_way_631631461,Hưng Yên,,,,Bùi Quang Dũng,,short_command,short_command_neutral_medium_010,current+none+no_prefix+neutral,current,none,neutral,osm,21|street|short_command|neutral_medium
1cb1f8a082b42e39,qua Trương Hán Siêu ở tỉnh Hưng Yên,street,street,Trương Hán Siêu ở tỉnh Hưng Yên,osm_street_way_284959983,Hưng Yên,,,,Phố Trương Hán Siêu,,short_command,short_command_neutral_short_005,current+none+no_prefix+neutral,current,none,neutral,osm,21|street|short_command|neutral_short
35fd992ceda14ca8,hướng dẫn đường đến Giao Bình,admin_unit,ward,Giao Bình,osm_ward_19431659,Ninh Bình,,,Giao Bình,,,nav_command,nav_command_neutral_medium_005,current+none+no_prefix+neutral,current,none,neutral,manual,22|admin_unit|nav_command|neutral_medium
30faf3da4858c226,chỉ lối đến Ninh Cường,admin_unit,ward,Ninh Cường,osm_ward_19539177,Ninh Bình,,,Ninh Cường,,,nav_command,nav_command_neutral_short_006,current+none+no_prefix+neutral,current,none,neutral,manual,22|admin_unit|nav_command|neutral_short
d8b60a48ca4ef2bc,kiếm hộ tôi xã Giao Bình nhé,admin_unit,ward,xã Giao Bình,osm_ward_19431659,Ninh Bình,,,Giao Bình,,,search,search_neutral_medium_005,current+none+prefix+neutral,current,none,neutral,manual,22|admin_unit|search|neutral_medium
ac59f7dab8c28c0c,tìm giúp tôi Nam Minh,admin_unit,ward,Nam Minh,osm_ward_19539187,Ninh Bình,,,Nam Minh,,,search,search_neutral_short_001,current+none+no_prefix+neutral,current,none,neutral,manual,22|admin_unit|search|neutral_short
7ee098deeec7d095,à cho tôi xin đường đi Petrolimex ở tỉnh Ninh Bình,commercial,gas_station,Petrolimex ở tỉnh Ninh Bình,osm_poi_node_11472672208,Ninh Bình,,,,,,conversational,conversational_neutral_medium_008,current+none+no_prefix+neutral,current,none,neutral,osm,22|commercial|conversational|neutral_medium
a2841504a9def27f,hỏi đường tới Nhà hàng Tâm An ở tỉnh Hà Nam nhé,commercial,restaurant,Nhà hàng Tâm An ở tỉnh Hà Nam,osm_poi_way_1386126635,Ninh Bình,Hà Nam,,,,,conversational,conversational_neutral_short_002,legacy+none+no_prefix+neutral,legacy,none,neutral,osm,22|commercial|conversational|neutral_short
d91a8396a437b745,lái đến Go!,commercial,supermarket,Go!,osm_poi_node_13392683401,Ninh Bình,,,,,,nav_command,nav_command_casual_short_006,current+none+no_prefix+casual,current,none,casual,osm,22|commercial|nav_command|casual_short
e7c83d8debbf2147,cho hỏi dẫn giúp đường tới Petrolimex được không,commercial,gas_station,Petrolimex,osm_poi_node_11472697042,Ninh Bình,,,,,,nav_command,nav_command_neutral_medium_006,current+none+no_prefix+neutral,current,none,neutral,osm,22|commercial|nav_command|neutral_medium
5802b019eeaa650e,chỉ đường đến PV oil ở tỉnh Ninh Bình được không,commercial,gas_station,PV oil ở tỉnh Ninh Bình,osm_poi_node_7142915576,Ninh Bình,,,,,,nav_command,nav_command_neutral_short_001,current+none+no_prefix+neutral,current,none,neutral,osm,22|commercial|nav_command|neutral_short
2b856bcfb36eb725,làm sao đến Nhà hàng An Lạc nhanh nhất,commercial,restaurant,Nhà hàng An Lạc,osm_poi_node_13853083740,Ninh Bình,,,,,,route_question,route_question_neutral_medium_007,current+none+no_prefix+neutral,current,none,neutral,osm,22|commercial|route_question|neutral_medium
b4223e8a80f17e28,đến Nhà Hàng Ngọc Sơn lối nào nhỉ,commercial,restaurant,Nhà Hàng Ngọc Sơn,osm_poi_node_5807081556,Ninh Bình,,,,,,route_question,route_question_neutral_short_008,current+none+no_prefix+neutral,current,none,neutral,osm,22|commercial|route_question|neutral_short
92f411cfa082b5a5,kiếm thử BIDV ở tỉnh Ninh Bình với,commercial,bank,BIDV ở tỉnh Ninh Bình,osm_poi_way_977788047,Ninh Bình,,,,,,search,search_casual_short_005,current+none+no_prefix+casual,current,none,casual,osm,22|commercial|search|casual_short
0e9e8a10ba2781ac,cho hỏi ờ dò giúp tôi vị trí Nhà hàng Cánh Buồm,commercial,restaurant,Nhà hàng Cánh Buồm,osm_poi_node_3787800312,Ninh Bình,,,,,,search,search_neutral_medium_007,current+none+no_prefix+neutral,current,none,neutral,osm,22|commercial|search|neutral_medium
702163b9b0bb9d2a,kiếm chỗ Coop Bank ở tỉnh Ninh Bình nhé,commercial,bank,Coop Bank ở tỉnh Ninh Bình,osm_poi_way_1280063361,Ninh Bình,,,,,,search,search_neutral_short_006,current+none+no_prefix+neutral,current,none,neutral,osm,22|commercial|search|neutral_short
5482dd5322941be2,rẽ vào Petrolimex với,commercial,gas_station,Petrolimex,osm_poi_way_1000753138,Ninh Bình,,,,,,short_command,short_command_neutral_medium_004,current+none+no_prefix+neutral,current,none,neutral,osm,22|commercial|short_command|neutral_medium
12f17b9f4ced82f2,dừng Cơm ở tỉnh Ninh Bình,commercial,restaurant,Cơm ở tỉnh Ninh Bình,osm_poi_node_5174082221,Ninh Bình,,,,,,short_command,short_command_neutral_short_010,current+none+no_prefix+neutral,current,none,neutral,osm,22|commercial|short_command|neutral_short
81f18512bd99dd1c,biết lối đường Đốc Tín không,street,street,đường Đốc Tín,osm_street_way_854364711,Ninh Bình,,,,Đường Đốc Tín,,conversational,conversational_casual_short_010,current+none+prefix+casual,current,none,casual,osm,22|street|conversational|casual_short
788fdd480f972544,cho tôi hỏi đường đến đường Đốc Tín ở tỉnh Ninh Bình được không,street,street,đường Đốc Tín ở tỉnh Ninh Bình,osm_street_way_854364711,Ninh Bình,,,,Đường Đốc Tín,,conversational,conversational_neutral_medium_001,current+none+prefix+neutral,current,none,neutral,osm,22|street|conversational|neutral_medium
18d353b34d5814c4,hỏi đường về đường Nguyễn Văn Trỗi,street,street,đường Nguyễn Văn Trỗi,osm_street_way_1012040325,Ninh Bình,,,,Đường Nguyễn Văn Trỗi,,conversational,conversational_neutral_short_008,current+none+prefix+neutral,current,none,neutral,osm,22|street|conversational|neutral_short
f23b2c99bb660822,"dẫn mình đường tới Lý Trần Thản với, đi từ từ thôi cũng được đi mà",street,street,Lý Trần Thản,osm_street_way_440351467,Ninh Bình,,,,Phố Lý Trần Thản,,nav_command,nav_command_casual_long_010,current+none+no_prefix+casual,current,none,casual,osm,22|street|nav_command|casual_long
bd89af80b5b2990c,chỉ đường Đặng Văn Chung ở tỉnh Ninh Bình,street,street,Đặng Văn Chung ở tỉnh Ninh Bình,osm_street_way_440486032,Ninh Bình,,,,Phố Đặng Văn Chung,,nav_command,nav_command_casual_short_004,current+none+no_prefix+casual,current,none,casual,osm,22|street|nav_command|casual_short
603222cc814806a0,xin cho tôi đường đi đến đường Hàng Cấp ở tỉnh Ninh Bình,street,street,đường Hàng Cấp ở tỉnh Ninh Bình,osm_street_way_520743447,Ninh Bình,,,,Hàng Cấp,,nav_command,nav_command_formal_medium_004,current+none+prefix+formal,current,none,formal,osm,22|street|nav_command|formal_medium
dbbff827f05a8cec,hướng dẫn đường đến Tuệ Tĩnh,street,street,Tuệ Tĩnh,osm_street_way_804887448,Ninh Bình,,,,Tuệ Tĩnh,,nav_command,nav_command_neutral_medium_005,current+none+no_prefix+neutral,current,none,neutral,osm,22|street|nav_command|neutral_medium
c18a4caec02ca5c0,bật đường đến Xuân Hống ở tỉnh Ninh Bình,street,street,Xuân Hống ở tỉnh Ninh Bình,osm_street_way_859885702,Ninh Bình,,,,Phố Xuân Hống,,nav_command,nav_command_neutral_short_010,current+none+no_prefix+neutral,current,none,neutral,osm,22|street|nav_command|neutral_short
732d775f77cb1061,đi Nguyễn Chí Thanh ở tỉnh Hà Nam sao,street,street,Nguyễn Chí Thanh ở tỉnh Hà Nam,osm_street_way_628450087,Ninh Bình,Hà Nam,,,Nguyễn Chí Thanh,,route_question,route_question_casual_short_004,legacy+none+no_prefix+casual,legacy,none,casual,osm,22|street|route_question|casual_short
0f81d8b3d19083da,cho hỏi từ đây đến Đông A ở tỉnh Ninh Bình đi thế nào vậy,street,highway,Đông A ở tỉnh Ninh Bình,osm_street_way_628442057,Ninh Bình,,,,Đông A,,route_question,route_question_neutral_medium_001,current+none+no_prefix+neutral,current,none,neutral,osm,22|street|route_question|neutral_medium
487da30177838ff8,tới phố Ngô Sỹ Liên ở tỉnh Hà Nam cũ đi lối nào nhỉ,street,street,phố Ngô Sỹ Liên ở tỉnh Hà Nam cũ,osm_street_way_714016079,Ninh Bình,Hà Nam,,,Ngô Sỹ Liên,,route_question,route_question_neutral_short_002,legacy+none+prefix+neutral,legacy,none,neutral,osm,22|street|route_question|neutral_short
284bcf858b8ac61d,tìm Đào Văn Tập,street,street,Đào Văn Tập,osm_street_way_1047368962,Ninh Bình,,,,Phố Đào Văn Tập,,search,search_casual_short_001,current+none+no_prefix+casual,current,none,casual,osm,22|street|search|casual_short
0bf0929afadea81b,tìm hộ tôi vị trí phố Đặng Kim Toán,street,street,phố Đặng Kim Toán,osm_street_way_713422413,Ninh Bình,,,,Phố Đặng Kim Toán,,search,search_neutral_medium_006,current+none+prefix+neutral,current,none,neutral,osm,22|street|search|neutral_medium
232fb6b38c9964c3,tìm giúp tôi Trần Quang Tặng ở tỉnh Nam Định,street,street,Trần Quang Tặng ở tỉnh Nam Định,osm_street_way_338543887,Ninh Bình,Nam Định,,,Trần Quang Tặng,,search,search_neutral_short_001,legacy+none+no_prefix+neutral,legacy,none,neutral,osm,22|street|search|neutral_short
aa7f7eee3ed6c569,cho xe chạy đến phố Mai Hắc Đế nhé,street,street,phố Mai Hắc Đế,osm_street_way_704079056,Ninh Bình,,,,Phố Mai Hắc Đế,,short_command,short_command_neutral_medium_001,current+none+prefix+neutral,current,none,neutral,osm,22|street|short_command|neutral_medium
c54438335fd64e57,Bùi Văn Nê giúp tôi,street,street,Bùi Văn Nê,osm_street_way_857387308,Ninh Bình,,,,Đường Bùi Văn Nê,,short_command,short_command_neutral_short_001,current+none+no_prefix+neutral,current,none,neutral,osm,22|street|short_command|neutral_short
fe6d98a3e63e3d43,tìm giúp đường đến xã Nam Gianh ở tỉnh Quảng Bình nhé,admin_unit,ward,xã Nam Gianh ở tỉnh Quảng Bình,osm_ward_19270509,Quảng Trị,Quảng Bình,,Nam Gianh,,,nav_command,nav_command_neutral_medium_003,legacy+none+prefix+neutral,legacy,none,neutral,manual,23|admin_unit|nav_command|neutral_medium
c929ffd613a40a01,bật đường đến Phú Trạch,admin_unit,ward,Phú Trạch,osm_ward_19410223,Quảng Trị,,,Phú Trạch,,,nav_command,nav_command_neutral_short_010,current+none+no_prefix+neutral,current,none,neutral,manual,23|admin_unit|nav_command|neutral_short
1ae698af7089637a,này tìm hộ tôi vị trí xã Nam Gianh,admin_unit,ward,xã Nam Gianh,osm_ward_19270509,Quảng Trị,,,Nam Gianh,,,search,search_neutral_medium_006,current+none+prefix+neutral,current,none,neutral,manual,23|admin_unit|search|neutral_medium
b77bf390168f9ae9,tìm vị trí xã Đông Trạch,admin_unit,ward,xã Đông Trạch,osm_ward_19267738,Quảng Trị,,,Đông Trạch,,,search,search_neutral_short_007,current+none+prefix+neutral,current,none,neutral,manual,23|admin_unit|search|neutral_short
e14b54a4be739c93,tôi muốn hỏi đường tới Nam Ahn,commercial,hotel,Nam Ahn,osm_poi_node_6528398285,Quảng Trị,,,,,,conversational,conversational_neutral_medium_003,current+none+no_prefix+neutral,current,none,neutral,osm,23|commercial|conversational|neutral_medium
74ea52cc40598996,cho hỏi đường đến Phong Nha Riverlife Homestay ở tỉnh Quảng Trị giúp tôi,commercial,hotel,Phong Nha Riverlife Homestay ở tỉnh Quảng Trị,osm_poi_node_11839153032,Quảng Trị,,,,,,conversational,conversational_neutral_short_001,current+none+no_prefix+neutral,current,none,neutral,osm,23|commercial|conversational|neutral_short
b34fc838a46eb8e7,đi thai ninh hotel đi,commercial,hotel,thai ninh hotel,osm_poi_node_4401172305,Quảng Trị,,,,,,nav_command,nav_command_casual_short_001,current+none+no_prefix+casual,current,none,casual,osm,23|commercial|nav_command|casual_short
b70bb69996a223e7,cho tôi hỏi hướng dẫn đường đến BIDV giúp tôi,commercial,bank,BIDV,osm_poi_way_318553013,Quảng Trị,,,,,,nav_command,nav_command_neutral_medium_005,current+none+no_prefix+neutral,current,none,neutral,osm,23|commercial|nav_command|neutral_medium
e7ebbe7ec8015078,cho đường đến Melody Hotel ở tỉnh Quảng Bình cũ được không,commercial,hotel,Melody Hotel ở tỉnh Quảng Bình cũ,osm_poi_node_4208628795,Quảng Trị,Quảng Bình,,,,,nav_command,nav_command_neutral_short_005,legacy+none+no_prefix+neutral,legacy,none,neutral,osm,23|commercial|nav_command|neutral_short
d05be2f1d0c40c7e,từ đây đến Hữu Nghị Hotel ở tỉnh Quảng Bình đi thế nào nhỉ,commercial,hotel,Hữu Nghị Hotel ở tỉnh Quảng Bình,osm_poi_node_4271278052,Quảng Trị,Quảng Bình,,,,,route_question,route_question_neutral_medium_001,legacy+none+no_prefix+neutral,legacy,none,neutral,osm,23|commercial|route_question|neutral_medium
957d171e91407534,đường nào tới Cây xăng Thiên Phúc,commercial,gas_station,Cây xăng Thiên Phúc,osm_poi_node_9726483331,Quảng Trị,,,,,,route_question,route_question_neutral_short_010,current+none+no_prefix+neutral,current,none,neutral,osm,23|commercial|route_question|neutral_short
6789277c05921896,tra Phuong Anh ở tỉnh Quảng Trị đi,commercial,hotel,Phuong Anh ở tỉnh Quảng Trị,osm_poi_node_4240613889,Quảng Trị,,,,,,search,search_casual_short_003,current+none+no_prefix+casual,current,none,casual,osm,23|commercial|search|casual_short
df6fddc533394225,kiếm hộ tôi Khách sạn Tân Bình ở tỉnh Quảng Trị,commercial,hotel,Khách sạn Tân Bình ở tỉnh Quảng Trị,osm_poi_way_941172728,Quảng Trị,,,,,,search,search_neutral_medium_005,current+none+no_prefix+neutral,current,none,neutral,osm,23|commercial|search|neutral_medium
a1375797209dc1e5,kiếm giúp Khách sạn Sepon ở tỉnh Quảng Trị,commercial,hotel,Khách sạn Sepon ở tỉnh Quảng Trị,osm_poi_node_3514557376,Quảng Trị,,,,,,search,search_neutral_short_003,current+none+no_prefix+neutral,current,none,neutral,osm,23|commercial|search|neutral_short
cc7c230bed0bb7b6,cho tôi hỏi cho xe rẽ vào Nha hang Dong Que,commercial,restaurant,Nha hang Dong Que,osm_poi_node_6713075385,Quảng Trị,,,,,,short_command,short_command_neutral_medium_010,current+none+no_prefix+neutral,current,none,neutral,osm,23|commercial|short_command|neutral_medium
c1cbb11813ad9799,đến Petrolimex ở tỉnh Quảng Bình cũ,commercial,gas_station,Petrolimex ở tỉnh Quảng Bình cũ,osm_poi_way_1338493030,Quảng Trị,Quảng Bình,,,,,short_command,short_command_neutral_short_004,legacy+none+no_prefix+neutral,legacy,none,neutral,osm,23|commercial|short_command|neutral_short
d785eef8975e1c41,đường tới Nguyễn Hiền sao,street,street,Nguyễn Hiền,osm_street_way_749297236,Quảng Trị,,,,Nguyễn Hiền,,conversational,conversational_casual_short_009,current+none+no_prefix+casual,current,none,casual,osm,23|street|conversational|casual_short
a9e3388b01cdb113,cho tôi xin đường đi phố Cầu Sông Dinh ở tỉnh Quảng Trị,street,highway,phố Cầu Sông Dinh ở tỉnh Quảng Trị,osm_street_way_61979783,Quảng Trị,,,,Cầu Sông Dinh,,conversational,conversational_neutral_medium_008,current+none+prefix+neutral,current,none,neutral,osm,23|street|conversational|neutral_medium
12bcb349d4c6020f,cho hỏi lối đến Trường Niên mười bốn giúp tôi,street,street,Trường Niên mười bốn,osm_street_way_849992716,Quảng Trị,,,,Trường Niên 14,,conversational,conversational_neutral_short_003,current+cardinal+no_prefix+neutral,current,cardinal,neutral,osm,23|street|conversational|neutral_short
abf2d9d2f6463f75,"thế chỉ đường tới ngõ một Lê Anh Xuân với, mình chạy xe máy thôi nha",street,street,ngõ một Lê Anh Xuân,osm_street_way_840761059,Quảng Trị,,,,Ngõ 1 Lê Anh Xuân,,nav_command,nav_command_casual_long_005,current+cardinal+prefix+casual,current,cardinal,casual,osm,23|street|nav_command|casual_long
f372284037fef0de,chỉ đường ngõ ba tám sáu Phan Đình Phùng giúp mình,street,street,ngõ ba tám sáu Phan Đình Phùng,osm_street_way_842546025,Quảng Trị,,,,Ngõ 386 Phan Đình Phùng,,nav_command,nav_command_casual_short_004,current+digit_by_digit+prefix+casual,current,digit_by_digit,casual,osm,23|street|nav_command|casual_short
455a4de034e2dc68,xin chỉ lối đi đến đường Trương Hán Siêu được không ạ,street,street,đường Trương Hán Siêu,osm_street_way_318667568,Quảng Trị,,,,Trương Hán Siêu,,nav_command,nav_command_formal_medium_008,current+none+prefix+formal,current,none,formal,osm,23|street|nav_command|formal_medium
90703e58e7639307,mở giúp đường đi đến ven biển Hà Trung - Mạch Nước,street,highway,ven biển Hà Trung - Mạch Nước,osm_street_way_491897367,Quảng Trị,,,,Đường ven biển Hà Trung - Mạch Nước,,nav_command,nav_command_neutral_medium_008,current+none+no_prefix+neutral,current,none,neutral,osm,23|street|nav_command|neutral_medium
97107db07b75e56d,cho đường đến đường Kiến Giang ở tỉnh Quảng Trị được không,street,street,đường Kiến Giang ở tỉnh Quảng Trị,osm_street_way_318979693,Quảng Trị,,,,Đường Kiến Giang,,nav_command,nav_command_neutral_short_005,current+none+prefix+neutral,current,none,neutral,osm,23|street|nav_command|neutral_short
22547327966aec87,ngõ hai mươi sáu Nguyễn Văn Cừ đi đâu,street,street,ngõ hai mươi sáu Nguyễn Văn Cừ,osm_street_way_319054748,Quảng Trị,,,,Ngõ 26 Nguyễn Văn Cừ,,route_question,route_question_casual_short_005,current+cardinal+prefix+casual,current,cardinal,casual,osm,23|street|route_question|casual_short
b931b7f8a1c3d486,này từ đây đến ngõ chín mươi lăm Tôn Thất Tùng bao xa giúp tôi,street,street,ngõ chín mươi lăm Tôn Thất Tùng,osm_street_way_955612593,Quảng Trị,,,,Ngõ 95 Tôn Thất Tùng,,route_question,route_question_neutral_medium_010,current+cardinal+prefix+neutral,current,cardinal,neutral,osm,23|street|route_question|neutral_medium
ee5f68793b0c761a,đường nào đến Lê Ngọc Hân,street,street,Lê Ngọc Hân,osm_street_way_843941259,Quảng Trị,,,,Đường Lê Ngọc Hân,,route_question,route_question_neutral_short_004,current+none+no_prefix+neutral,current,none,neutral,osm,23|street|route_question|neutral_short
a2f21e5fb4f04328,lục tìm Quốc lộ mười hai xê với,street,highway,Quốc lộ mười hai xê,osm_street_way_478540166,Quảng Trị,,,,Quốc lộ 12C,,search,search_casual_short_009,current+cardinal+no_prefix+casual,current,cardinal,casual,osm,23|street|search|casual_short
53be73ee3869c2e7,à tra cứu giúp tôi ngõ một bảy tám Nguyễn Văn Cừ,street,street,ngõ một bảy tám Nguyễn Văn Cừ,osm_street_way_1474306673,Quảng Trị,,,,Ngõ 178 Nguyễn Văn Cừ,,search,search_neutral_medium_008,current+digit_by_digit+prefix+neutral,current,digit_by_digit,neutral,osm,23|street|search|neutral_medium
f13e7da0a150e017,kiếm giúp kiệt hai ngõ bốn mươi tám Hoàng Diệu ở tỉnh Quảng Trị,street,street,kiệt hai ngõ bốn mươi tám Hoàng Diệu ở tỉnh Quảng Trị,osm_street_way_1069116408,Quảng Trị,,,,"Kiệt 2, ngõ 48 Hoàng Diệu",,search,search_neutral_short_003,current+cardinal+prefix+neutral,current,cardinal,neutral,osm,23|street|search|neutral_short
089603bae36b14e0,cho mình hỏi đi thẳng tới Đông Thành Cổ,street,street,Đông Thành Cổ,osm_street_way_841097733,Quảng Trị,,,,Đông Thành Cổ,,short_command,short_command_neutral_medium_009,current+none+no_prefix+neutral,current,none,neutral,osm,23|street|short_command|neutral_medium
2b830d4934271ba6,vào đường Triệu Túc,street,street,đường Triệu Túc,osm_street_way_1263148842,Quảng Trị,,,,Đường Triệu Túc,,short_command,short_command_neutral_short_008,current+none+prefix+neutral,current,none,neutral,osm,23|street|short_command|neutral_short
23858a58fe90bb85,chỉ giúp lối đi đến xã Trà Bồng ở tỉnh Quảng Ngãi,admin_unit,ward,xã Trà Bồng ở tỉnh Quảng Ngãi,osm_ward_19369594,Quảng Ngãi,,,Trà Bồng,,,nav_command,nav_command_neutral_medium_010,current+none+prefix+neutral,current,none,neutral,manual,24|admin_unit|nav_command|neutral_medium
1add5280491944ec,bật đường đến xã Tư Nghĩa,admin_unit,ward,xã Tư Nghĩa,osm_ward_19369588,Quảng Ngãi,,,Tư Nghĩa,,,nav_command,nav_command_neutral_short_010,current+none+prefix+neutral,current,none,neutral,manual,24|admin_unit|nav_command|neutral_short
72f9317263ebb0c7,tìm giúp tôi vị trí Đông Sơn,admin_unit,ward,Đông Sơn,osm_ward_19369644,Quảng Ngãi,,,Đông Sơn,,,search,search_neutral_medium_001,current+none+no_prefix+neutral,current,none,neutral,manual,24|admin_unit|search|neutral_medium
7ec1a81f74a17ccc,tìm giúp tôi xã Ba Tô giúp tôi,admin_unit,ward,xã Ba Tô,osm_ward_19369673,Quảng Ngãi,,,Ba Tô,,,search,search_neutral_short_001,current+none+prefix+neutral,current,none,neutral,manual,24|admin_unit|search|neutral_short
7cfd3f454d3b86a0,này tôi muốn hỏi đường tới Cửa hàng Xăng dầu Petrolimex Số hai mươi hai ở tỉnh Kon Tum cũ,commercial,gas_station,Cửa hàng Xăng dầu Petrolimex Số hai mươi hai ở tỉnh Kon Tum cũ,osm_poi_way_1487545208,Quảng Ngãi,Kon Tum,,,,,conversational,conversational_neutral_medium_003,legacy+cardinal+no_prefix+neutral,legacy,cardinal,neutral,osm,24|commercial|conversational|neutral_medium
c7324524a5f0fe52,cho hỏi đường đến Nhà hàng Hoàng Khuyên với,commercial,restaurant,Nhà hàng Hoàng Khuyên,osm_poi_way_863492148,Quảng Ngãi,,,,,,conversational,conversational_neutral_short_001,current+none+no_prefix+neutral,current,none,neutral,osm,24|commercial|conversational|neutral_short
691d18870d3d58e1,qua Quá Bê thui Bích,commercial,restaurant,Quá Bê thui Bích,osm_poi_node_6438080684,Quảng Ngãi,,,,,,nav_command,nav_command_casual_short_003,current+none+no_prefix+casual,current,none,casual,osm,24|commercial|nav_command|casual_short
0385009d5b8d6a37,chỉ tuyến đường đến Quán Điểm Hẹn ở tỉnh Quảng Ngãi,commercial,restaurant,Quán Điểm Hẹn ở tỉnh Quảng Ngãi,osm_poi_node_6458071687,Quảng Ngãi,,,,,,nav_command,nav_command_neutral_medium_007,current+none+no_prefix+neutral,current,none,neutral,osm,24|commercial|nav_command|neutral_medium
cd565e861481e1fe,chỉ hướng đến Cửa hàng Xăng dầu ở tỉnh Kon Tum cũ,commercial,gas_station,Cửa hàng Xăng dầu ở tỉnh Kon Tum cũ,osm_poi_node_12137887182,Quảng Ngãi,Kon Tum,,,,,nav_command,nav_command_neutral_short_009,legacy+none+no_prefix+neutral,legacy,none,neutral,osm,24|commercial|nav_command|neutral_short
48c2be45ca9bc249,cho hỏi muốn tới Petrolimex thì đi đường nào nhỉ,commercial,gas_station,Petrolimex,osm_poi_node_4444048293,Quảng Ngãi,,,,,,route_question,route_question_neutral_medium_003,current+none+no_prefix+neutral,current,none,neutral,osm,24|commercial|route_question|neutral_medium
659a7a3f0b674146,đi Hà Thành ở tỉnh Quảng Ngãi lối nào nhỉ,commercial,hotel,Hà Thành ở tỉnh Quảng Ngãi,osm_poi_node_6438284383,Quảng Ngãi,,,,,,route_question,route_question_neutral_short_005,current+none+no_prefix+neutral,current,none,neutral,osm,24|commercial|route_question|neutral_short
e54e609274ce47f0,tìm Mipecorp ở tỉnh Kon Tum cũ đi,commercial,gas_station,Mipecorp ở tỉnh Kon Tum cũ,osm_poi_node_4402328989,Quảng Ngãi,Kon Tum,,,,,search,search_casual_short_001,legacy+none+no_prefix+casual,legacy,none,casual,osm,24|commercial|search|casual_short
633a4bb81a556c59,tìm hộ tôi vị trí Eros Palace ở tỉnh Quảng Ngãi,commercial,restaurant,Eros Palace ở tỉnh Quảng Ngãi,osm_poi_way_1527612725,Quảng Ngãi,,,,,,search,search_neutral_medium_006,current+none+no_prefix+neutral,current,none,neutral,osm,24|commercial|search|neutral_medium
8765505e5817a694,tìm thử Nhà hàng Hoàng Khuyên,commercial,restaurant,Nhà hàng Hoàng Khuyên,osm_poi_way_863492148,Quảng Ngãi,,,,,,search,search_neutral_short_008,current+none+no_prefix+neutral,current,none,neutral,osm,24|commercial|search|neutral_short
3cf0604d60e87875,chạy tới Siêu Thị Coopmart,commercial,supermarket,Siêu Thị Coopmart,osm_poi_node_5400393367,Quảng Ngãi,,,,,,short_command,short_command_neutral_medium_007,current+none+no_prefix+neutral,current,none,neutral,osm,24|commercial|short_command|neutral_medium
87742b1517369531,rẽ Petrolimex ở tỉnh Quảng Ngãi,commercial,gas_station,Petrolimex ở tỉnh Quảng Ngãi,osm_poi_node_4402158795,Quảng Ngãi,,,,,,short_command,short_command_neutral_short_009,current+none+no_prefix+neutral,current,none,neutral,osm,24|commercial|short_command|neutral_short
60a95b5502723868,đường tới Huỳnh Ngọc Huệ ở tỉnh Quảng Ngãi sao,street,street,Huỳnh Ngọc Huệ ở tỉnh Quảng Ngãi,osm_street_way_320626355,Quảng Ngãi,,,,Huỳnh Ngọc Huệ,,conversational,conversational_casual_short_009,current+none+no_prefix+casual,current,none,casual,osm,24|street|conversational|casual_short
88df7f066cd42791,cho hỏi tôi đang hỏi đường tới đường Vạn Tường nhé,street,street,đường Vạn Tường,osm_street_way_155134965,Quảng Ngãi,,,,Vạn Tường,,conversational,conversational_neutral_medium_010,current+none+prefix+neutral,current,none,neutral,osm,24|street|conversational|neutral_medium
c816d5449c14cb61,cho hỏi đường TĐC Bầu Lề ở tỉnh Quảng Ngãi,street,street,TĐC Bầu Lề ở tỉnh Quảng Ngãi,osm_street_way_1285048332,Quảng Ngãi,,,,TĐC Bầu Lề,,conversational,conversational_neutral_short_007,current+none+no_prefix+neutral,current,none,neutral,osm,24|street|conversational|neutral_short
cbcf486e93d4cb92,"ờ dẫn mình đường tới phố Hoàng Hoa Thám ở tỉnh Quảng Ngãi với, đi từ từ thôi cũng được giúp mình",street,highway,phố Hoàng Hoa Thám ở tỉnh Quảng Ngãi,osm_street_way_920587193,Quảng Ngãi,,,,Hoàng Hoa Thám,,nav_command,nav_command_casual_long_010,current+none+prefix+casual,current,none,casual,osm,24|street|nav_command|casual_long
4ccd9e8074cff985,ghé phố Trường Chinh ở tỉnh Quảng Ngãi nha,street,street,phố Trường Chinh ở tỉnh Quảng Ngãi,osm_street_way_155758656,Quảng Ngãi,,,,Trường Chinh,,nav_command,nav_command_casual_short_007,current+none+prefix+casual,current,none,casual,osm,24|street|nav_command|casual_short
5392f36efbef39b5,nhờ chỉ giúp đường đến Nguyễn Thiệu ở tỉnh Quảng Ngãi ạ,street,street,Nguyễn Thiệu ở tỉnh Quảng Ngãi,osm_street_way_427848042,Quảng Ngãi,,,,Nguyễn Thiệu,,nav_command,nav_command_formal_medium_003,current+none+no_prefix+formal,current,none,formal,osm,24|street|nav_command|formal_medium
3ed60111506c8ad5,cho hỏi dẫn giúp đường tới phố Số một,street,street,phố Số một,osm_street_way_304978750,Quảng Ngãi,,,,Số 1,,nav_command,nav_command_neutral_medium_006,current+mixed+prefix+neutral,current,mixed,neutral,osm,24|street|nav_command|neutral_medium
10524e80b620ba54,chỉ hướng đến Trần Trung Tri ở tỉnh Kon Tum được không,street,street,Trần Trung Tri ở tỉnh Kon Tum,osm_street_way_559963427,Quảng Ngãi,Kon Tum,,,Trần Trung Tri,,nav_command,nav_command_neutral_short_009,legacy+none+no_prefix+neutral,legacy,none,neutral,osm,24|street|nav_command|neutral_short
fb67507587a47f8c,phố Cầu Thuỷ Lợi ở tỉnh Quảng Ngãi đi sao,street,highway,phố Cầu Thuỷ Lợi ở tỉnh Quảng Ngãi,osm_street_way_926530942,Quảng Ngãi,,,,Cầu Thuỷ Lợi,,route_question,route_question_casual_short_001,current+none+prefix+casual,current,none,casual,osm,24|street|route_question|casual_short
7e0171936f80a225,làm sao đến Tăng Bạt Hổ nhanh nhất,street,street,Tăng Bạt Hổ,osm_street_way_155761117,Quảng Ngãi,,,,Tăng Bạt Hổ,,route_question,route_question_neutral_medium_007,current+none+no_prefix+neutral,current,none,neutral,osm,24|street|route_question|neutral_medium
63f2d83abf084e70,tới đường Hai Bà Trưng ở tỉnh Quảng Ngãi đường nào nhỉ,street,street,đường Hai Bà Trưng ở tỉnh Quảng Ngãi,osm_street_way_155751089,Quảng Ngãi,,,,Hai Bà Trưng,,route_question,route_question_neutral_short_007,current+none+prefix+neutral,current,none,neutral,osm,24|street|route_question|neutral_short
18802a8054969e16,lục tìm hẻm một trăm ba mươi mốt Hùng Vương ở tỉnh Quảng Ngãi giúp mình,street,street,hẻm một trăm ba mươi mốt Hùng Vương ở tỉnh Quảng Ngãi,osm_street_way_705296379,Quảng Ngãi,,,,Hẻm 131 Hùng Vương,,search,search_casual_short_009,current+cardinal+prefix+casual,current,cardinal,casual,osm,24|street|search|casual_short
6a10e486421e02cf,cho mình hỏi kiếm hộ tôi đường Bùng binh Mỹ Khê nhé,street,highway,đường Bùng binh Mỹ Khê,osm_street_way_912740571,Quảng Ngãi,,,,Bùng binh Mỹ Khê,,search,search_neutral_medium_005,current+none+prefix+neutral,current,none,neutral,osm,24|street|search|neutral_medium
fd6b8e1fff4a564a,tìm chỗ đường Cao Sơn Pháo với,street,street,đường Cao Sơn Pháo,osm_street_way_531235858,Quảng Ngãi,,,,Cao Sơn Pháo,,search,search_neutral_short_005,current+none+prefix+neutral,current,none,neutral,osm,24|street|search|neutral_short
e0b795ff427bfd0e,rẽ vào Trần Văn Trà ở tỉnh Quảng Ngãi,street,highway,Trần Văn Trà ở tỉnh Quảng Ngãi,osm_street_way_154687793,Quảng Ngãi,,,,Đường Trần Văn Trà,,short_command,short_command_neutral_medium_004,current+none+no_prefix+neutral,current,none,neutral,osm,24|street|short_command|neutral_medium
5013dfe7188b18a5,rẽ đường Bùi Thế Mỹ ở tỉnh Quảng Ngãi,street,street,đường Bùi Thế Mỹ ở tỉnh Quảng Ngãi,osm_street_way_1369563000,Quảng Ngãi,,,,Đường Bùi Thế Mỹ,,short_command,short_command_neutral_short_009,current+none+prefix+neutral,current,none,neutral,osm,24|street|short_command|neutral_short
f636eb80d36e1e05,cho tôi hỏi chỉ giúp tôi đường đến xã Phù Mỹ Nam,admin_unit,ward,xã Phù Mỹ Nam,osm_ward_19372386,Gia Lai,,,Phù Mỹ Nam,,,nav_command,nav_command_neutral_medium_001,current+none+prefix+neutral,current,none,neutral,manual,25|admin_unit|nav_command|neutral_medium
15323d488827cb44,chỉ lối đến xã Ia Lâu nhé,admin_unit,ward,xã Ia Lâu,osm_ward_19372418,Gia Lai,,,Ia Lâu,,,nav_command,nav_command_neutral_short_006,current+none+prefix+neutral,current,none,neutral,manual,25|admin_unit|nav_command|neutral_short
fe06635c3112fcf4,kiếm giúp tôi chỗ xã Tuy Phước giúp tôi,admin_unit,ward,xã Tuy Phước,osm_ward_19372369,Gia Lai,,,Tuy Phước,,,search,search_neutral_medium_010,current+none+prefix+neutral,current,none,neutral,manual,25|admin_unit|search|neutral_medium
148f57f4cc7c8da3,kiếm thử xã Nhơn Châu với,admin_unit,ward,xã Nhơn Châu,osm_ward_16139016,Gia Lai,,,Nhơn Châu,,,search,search_neutral_short_009,current+none+prefix+neutral,current,none,neutral,manual,25|admin_unit|search|neutral_short
c5ecdc5922b8c6a5,tôi đang hỏi đường tới Ngân Hàng TMCP Công Thương Việt Nam (VietinBank) ở tỉnh Bình Định,commercial,bank,Ngân Hàng TMCP Công Thương Việt Nam (VietinBank) ở tỉnh Bình Định,osm_poi_node_6437357171,Gia Lai,Bình Định,,,,,conversational,conversational_neutral_medium_010,legacy+none+no_prefix+neutral,legacy,none,neutral,osm,25|commercial|conversational|neutral_medium
34a54ddde9a6cf53,hỏi đường về VIB,commercial,bank,VIB,osm_poi_node_11385642010,Gia Lai,,,,,,conversational,conversational_neutral_short_008,current+none+no_prefix+neutral,current,none,neutral,osm,25|commercial|conversational|neutral_short
c4e82cafdbbdf631,chỉ đường Xăng Dầu Hiền Lạc,commercial,gas_station,Xăng Dầu Hiền Lạc,osm_poi_way_685459225,Gia Lai,,,,,,nav_command,nav_command_casual_short_004,current+none+no_prefix+casual,current,none,casual,osm,25|commercial|nav_command|casual_short
a40ff9169afeb954,hướng dẫn đường đến Quán Ốc Bi ở tỉnh Gia Lai,commercial,restaurant,Quán Ốc Bi ở tỉnh Gia Lai,osm_poi_node_6483470624,Gia Lai,,,,,,nav_command,nav_command_neutral_medium_005,current+none+no_prefix+neutral,current,none,neutral,osm,25|commercial|nav_command|neutral_medium
2c10bd13ba86c067,dẫn đường đến Môc,commercial,restaurant,Môc,osm_poi_node_5702212721,Gia Lai,,,,,,nav_command,nav_command_neutral_short_003,current+none+no_prefix+neutral,current,none,neutral,osm,25|commercial|nav_command|neutral_short
9f3ca95c7d700d7f,từ đây tới Wish Coffee ở tỉnh Gia Lai đi kiểu gì,commercial,restaurant,Wish Coffee ở tỉnh Gia Lai,osm_poi_node_13710779601,Gia Lai,,,,,,route_question,route_question_neutral_medium_002,current+none+no_prefix+neutral,current,none,neutral,osm,25|commercial|route_question|neutral_medium
67f9c226b03fec55,đi Petrolimex ở tỉnh Gia Lai lối nào,commercial,gas_station,Petrolimex ở tỉnh Gia Lai,osm_poi_node_13011289002,Gia Lai,,,,,,route_question,route_question_neutral_short_005,current+none+no_prefix+neutral,current,none,neutral,osm,25|commercial|route_question|neutral_short
785d8a667f3adc65,kiếm Nhà Hàng Đông Kinh ở tỉnh Gia Lai đi mà,commercial,restaurant,Nhà Hàng Đông Kinh ở tỉnh Gia Lai,osm_poi_node_6470254114,Gia Lai,,,,,,search,search_casual_short_002,current+none+no_prefix+casual,current,none,casual,osm,25|commercial|search|casual_short
53d3a2fe1f485dd1,này tìm giúp tôi vị trí Thanh Vân giúp tôi,commercial,restaurant,Thanh Vân,osm_poi_node_3850506269,Gia Lai,,,,,,search,search_neutral_medium_001,current+none+no_prefix+neutral,current,none,neutral,osm,25|commercial|search|neutral_medium
5101d2d7e0b4970c,dò giúp NHA HANG TINH ANH EM TRAVEL ở tỉnh Gia Lai được không,commercial,restaurant,NHA HANG TINH ANH EM TRAVEL ở tỉnh Gia Lai,osm_poi_node_5660438721,Gia Lai,,,,,,search,search_neutral_short_010,current+none+no_prefix+neutral,current,none,neutral,osm,25|commercial|search|neutral_short
5b4c6077355a923b,thế chạy thẳng đến Petrolimex ở tỉnh Gia Lai với,commercial,gas_station,Petrolimex ở tỉnh Gia Lai,osm_poi_node_4401008997,Gia Lai,,,,,,short_command,short_command_neutral_medium_003,current+none+no_prefix+neutral,current,none,neutral,osm,25|commercial|short_command|neutral_medium
2ca0b12d64765be7,vào Mì cay Ha-Se-Yo ở tỉnh Gia Lai,commercial,restaurant,Mì cay Ha-Se-Yo ở tỉnh Gia Lai,osm_poi_node_12777632201,Gia Lai,,,,,,short_command,short_command_neutral_short_008,current+none+no_prefix+neutral,current,none,neutral,osm,25|commercial|short_command|neutral_short
2b0a032d2137c656,biết Phan Đình Giót ở đâu không,street,street,Phan Đình Giót,osm_street_way_154992433,Gia Lai,,,,Phan Đình Giót,,conversational,conversational_casual_short_006,current+none+no_prefix+casual,current,none,casual,osm,25|street|conversational|casual_short
589fb8cd2aebacde,có ai biết đường đến phố Hoa Lư không,street,street,phố Hoa Lư,osm_street_way_140080209,Gia Lai,,,,Hoa Lư,,conversational,conversational_neutral_medium_004,current+none+prefix+neutral,current,none,neutral,osm,25|street|conversational|neutral_medium
1662577fc63ef6f2,cho hỏi ngả tới Yến Lan ở tỉnh Gia Lai,street,street,Yến Lan ở tỉnh Gia Lai,osm_street_way_817097916,Gia Lai,,,,Đường Yến Lan,,conversational,conversational_neutral_short_009,current+none+no_prefix+neutral,current,none,neutral,osm,25|street|conversational|neutral_short
8ef6fff6bb9e70f4,"ê chỉ đường tới Nguyễn Văn Linh ở tỉnh Gia Lai với, mình chạy xe máy thôi nha",street,highway,Nguyễn Văn Linh ở tỉnh Gia Lai,osm_street_way_291704920,Gia Lai,,,,Đường Nguyễn Văn Linh,,nav_command,nav_command_casual_long_005,current+none+no_prefix+casual,current,none,casual,osm,25|street|nav_command|casual_long
31bc574047e322d7,chạy đến phố Cầu Kênh Siêu ở tỉnh Gia Lai,street,highway,phố Cầu Kênh Siêu ở tỉnh Gia Lai,osm_street_way_1365689255,Gia Lai,,,,Cầu Kênh Siêu,,nav_command,nav_command_casual_short_009,current+none+prefix+casual,current,none,casual,osm,25|street|nav_command|casual_short
544f1abcbd066821,xin được chỉ đường đi tới hẻm hai trăm tám mươi bảy xuyệt mười Lê Hồng Phong ở tỉnh Gia Lai xin cảm ơn,street,street,hẻm hai trăm tám mươi bảy xuyệt mười Lê Hồng Phong ở tỉnh Gia Lai,osm_street_way_1363032351,Gia Lai,,,,Hẻm 287/10 Lê Hồng Phong,,nav_command,nav_command_formal_medium_010,current+cardinal+prefix+formal,current,cardinal,formal,osm,25|street|nav_command|formal_medium
56f3cd88c359a43a,cho tôi đường đi đến hẻm mười Yết Kiêu,street,street,hẻm mười Yết Kiêu,osm_street_way_821747056,Gia Lai,,,,Hẻm 10 Yết Kiêu,,nav_command,nav_command_neutral_medium_002,current+cardinal+prefix+neutral,current,cardinal,neutral,osm,25|street|nav_command|neutral_medium
8e7d4496121622fd,bật đường đến nối quốc lộ mười chín với hát hai mươi sáu thôn Hữu Giang nhé,street,street,nối quốc lộ mười chín với hát hai mươi sáu thôn Hữu Giang,osm_street_way_816715077,Gia Lai,,,,Đường nối QL19 với ĐH26 thôn Hữu Giang,,nav_command,nav_command_neutral_short_010,current+cardinal+no_prefix+neutral,current,cardinal,neutral,osm,25|street|nav_command|neutral_short
e3b8a25349579afc,đi hát hai mươi tám bê (Tây Giang - Bình Tường) ở tỉnh Gia Lai sao,street,street,hát hai mươi tám bê (Tây Giang - Bình Tường) ở tỉnh Gia Lai,osm_street_way_204264468,Gia Lai,,,,ĐH.28B (Tây Giang - Bình Tường),,route_question,route_question_casual_short_004,current+cardinal+no_prefix+casual,current,cardinal,casual,osm,25|street|route_question|casual_short
a86d7c61b2332a54,này muốn tới đường Trường Sa ở tỉnh Gia Lai thì đi đường nào nhỉ,street,street,đường Trường Sa ở tỉnh Gia Lai,osm_street_way_734627744,Gia Lai,,,,Đường Trường Sa,,route_question,route_question_neutral_medium_003,current+none+prefix+neutral,current,none,neutral,osm,25|street|route_question|neutral_medium
8a30eefe2e8ff56b,hẻm năm mươi hai Nguyễn Lữ ở tỉnh Gia Lai đi kiểu gì,street,street,hẻm năm mươi hai Nguyễn Lữ ở tỉnh Gia Lai,osm_street_way_799583509,Gia Lai,,,,Hẻm 52 Nguyễn Lữ,,route_question,route_question_neutral_short_009,current+mixed+prefix+neutral,current,mixed,neutral,osm,25|street|route_question|neutral_short
4f8aa0b08f0ae815,dò phố hát ba mươi hai (Vĩnh Thạnh - Vĩnh Thuận) với,street,street,phố hát ba mươi hai (Vĩnh Thạnh - Vĩnh Thuận),osm_street_way_497347359,Gia Lai,,,,ĐH.32 (Vĩnh Thạnh - Vĩnh Thuận),,search,search_casual_short_004,current+cardinal+prefix+casual,current,cardinal,casual,osm,25|street|search|casual_short
bf245e2cb5166435,tìm giúp tôi vị trí đường Ngô Bàn ở tỉnh Gia Lai giúp tôi,street,street,đường Ngô Bàn ở tỉnh Gia Lai,osm_street_way_800289958,Gia Lai,,,,Ngô Bàn,,search,search_neutral_medium_001,current+none+prefix+neutral,current,none,neutral,osm,25|street|search|neutral_medium
14fe0e3b8c90c0da,tra giúp đường hát mười tám bê (Đèo Nhông - Mỹ Thọ) được không,street,street,đường hát mười tám bê (Đèo Nhông - Mỹ Thọ),osm_street_way_148928378,Gia Lai,,,,ĐH.18B (Đèo Nhông - Mỹ Thọ),,search,search_neutral_short_004,current+cardinal+prefix+neutral,current,cardinal,neutral,osm,25|street|search|neutral_short
3f83ca7cf852f542,đưa tôi tới Y Đôn,street,street,Y Đôn,osm_street_way_233210216,Gia Lai,,,,Đường Y Đôn,,short_command,short_command_neutral_medium_002,current+none+no_prefix+neutral,current,none,neutral,osm,25|street|short_command|neutral_medium
969ee04ad4877760,phố Đào Toàn Bân ở tỉnh Gia Lai nhé,street,street,phố Đào Toàn Bân ở tỉnh Gia Lai,osm_street_way_799534364,Gia Lai,,,,Đào Toàn Bân,,short_command,short_command_neutral_short_001,current+none+prefix+neutral,current,none,neutral,osm,25|street|short_command|neutral_short
2c784bccdc47ea15,cho tôi xin đường đi số một trăm mười ba xuyệt bốn mươi lăm đường Nguyễn Khuyến,address,house_address,số một trăm mười ba xuyệt bốn mươi lăm đường Nguyễn Khuyến,osm_street_way_582947972,Khánh Hòa,,,,Nguyễn Khuyến,113/45 Nguyễn Khuyến,conversational,conversational_neutral_medium_008,current+cardinal+prefix+neutral,current,cardinal,neutral,osm,26|address|conversational|neutral_medium
f0f17e7aea3f89c0,cho hỏi đường số sáu Trần Quang Diệu ở tỉnh Khánh Hòa nhé,address,house_address,số sáu Trần Quang Diệu ở tỉnh Khánh Hòa,osm_street_way_582947983,Khánh Hòa,,,,Trần Quang Diệu,6 Trần Quang Diệu,conversational,conversational_neutral_short_007,current+cardinal+no_prefix+neutral,current,cardinal,neutral,osm,26|address|conversational|neutral_short
ad8bb5547d3f5325,tới số một trăm bốn mươi sáu xuyệt hai mươi đường Ngư Ông ở tỉnh Khánh Hòa được không,address,house_address,số một trăm bốn mươi sáu xuyệt hai mươi đường Ngư Ông ở tỉnh Khánh Hòa,osm_street_way_454966082,Khánh Hòa,,,,Ngư Ông,146/20 Ngư Ông,nav_command,nav_command_casual_short_002,current+cardinal+prefix+casual,current,cardinal,casual,osm,26|address|nav_command|casual_short
6f1c918654ee4c14,mở giúp đường đi đến số hai tám bốn phố Phan Chu Trinh ở tỉnh Khánh Hòa,address,house_address,số hai tám bốn phố Phan Chu Trinh ở tỉnh Khánh Hòa,osm_street_way_770235959,Khánh Hòa,,,,Phan Chu Trinh,284 Phan Chu Trinh,nav_command,nav_command_neutral_medium_008,current+digit_by_digit+prefix+neutral,current,digit_by_digit,neutral,osm,26|address|nav_command|neutral_medium
b40973e2d90fbb41,dẫn đường đến hai trăm tám mươi chín phố Lương Định Của với,address,house_address,hai trăm tám mươi chín phố Lương Định Của,osm_street_way_770229677,Khánh Hòa,,,,Lương Định Của,289 Lương Định Của,nav_command,nav_command_neutral_short_003,current+cardinal+prefix+neutral,current,cardinal,neutral,osm,26|address|nav_command|neutral_short
950d541f964c75f4,cho hỏi à đi đến số một trăm năm mươi tám Vòng Xoay Phú Quý ở tỉnh Khánh Hòa bằng đường nào,address,house_address,số một trăm năm mươi tám Vòng Xoay Phú Quý ở tỉnh Khánh Hòa,osm_street_way_1422091162,Khánh Hòa,,,,Vòng Xoay Phú Quý,158 Vòng Xoay Phú Quý,route_question,route_question_neutral_medium_008,current+cardinal+no_prefix+neutral,current,cardinal,neutral,osm,26|address|route_question|neutral_medium
0a04ec760fc58ba4,tới ba mươi đường Công Chúa Bàn Tranh ở tỉnh Khánh Hòa đường nào nhỉ,address,house_address,ba mươi đường Công Chúa Bàn Tranh ở tỉnh Khánh Hòa,osm_street_way_582939787,Khánh Hòa,,,,Công Chúa Bàn Tranh,30 Công Chúa Bàn Tranh,route_question,route_question_neutral_short_007,current+cardinal+prefix+neutral,current,cardinal,neutral,osm,26|address|route_question|neutral_short
d2d4e74508ecc875,kiếm giùm hai sáu một phố Trần Quý Cáp ở tỉnh Khánh Hòa,address,house_address,hai sáu một phố Trần Quý Cáp ở tỉnh Khánh Hòa,osm_street_way_454966070,Khánh Hòa,,,,Trần Quý Cáp,261 Trần Quý Cáp,search,search_casual_short_007,current+digit_by_digit+prefix+casual,current,digit_by_digit,casual,osm,26|address|search|casual_short
1b751f1a3d16b610,tra giúp tôi vị trí hai gi Nguyễn Tri Phương ở tỉnh Khánh Hòa,address,house_address,hai gi Nguyễn Tri Phương ở tỉnh Khánh Hòa,osm_street_way_1014558240,Khánh Hòa,,,,Nguyễn Tri Phương,2J Nguyễn Tri Phương,search,search_neutral_medium_003,current+cardinal+no_prefix+neutral,current,cardinal,neutral,osm,26|address|search|neutral_medium
cb96bb7723e4740c,tìm chỗ hai trăm hai mươi chín Ngư Ông ở tỉnh Khánh Hòa nhé,address,house_address,hai trăm hai mươi chín Ngư Ông ở tỉnh Khánh Hòa,osm_street_way_454966082,Khánh Hòa,,,,Ngư Ông,229 Ngư Ông,search,search_neutral_short_005,current+cardinal+no_prefix+neutral,current,cardinal,neutral,osm,26|address|search|neutral_short
d76b3b7f334c09db,này cho xe chạy đến số một trăm ba mươi tám xuyệt sáu mươi lăm phố Nguyễn Thông ở tỉnh Khánh Hòa,address,house_address,số một trăm ba mươi tám xuyệt sáu mươi lăm phố Nguyễn Thông ở tỉnh Khánh Hòa,osm_street_way_582939810,Khánh Hòa,,,,Nguyễn Thông,138/65 Nguyễn Thông,short_command,short_command_neutral_medium_001,current+cardinal+prefix+neutral,current,cardinal,neutral,osm,26|address|short_command|neutral_medium
6ed33fda36437ef4,tới hai trăm bảy mươi lăm Hùng Vương ở tỉnh Khánh Hòa được không,address,house_address,hai trăm bảy mươi lăm Hùng Vương ở tỉnh Khánh Hòa,osm_street_way_454966062,Khánh Hòa,,,,Hùng Vương,275 Hùng Vương,short_command,short_command_neutral_short_003,current+cardinal+no_prefix+neutral,current,cardinal,neutral,osm,26|address|short_command|neutral_short
b40c6c7d8bd4b206,này vị trí này gần xã Công Hải không,admin_unit,ward,xã Công Hải,osm_ward_17606330,Khánh Hòa,,,Công Hải,,,contextual,contextual_neutral_medium_010,current+none+prefix+neutral,current,none,neutral,manual,26|admin_unit|contextual|neutral_medium
db63a74d579ed839,gần xã Bác Ái không,admin_unit,ward,xã Bác Ái,osm_ward_17606337,Khánh Hòa,,,Bác Ái,,,contextual,contextual_neutral_short_001,current+none+prefix+neutral,current,none,neutral,manual,26|admin_unit|contextual|neutral_short
3227eefce4e261f4,đường Ninh Phước sao,admin_unit,ward,Ninh Phước,osm_ward_17609708,Khánh Hòa,,,Ninh Phước,,,conversational,conversational_casual_short_005,current+none+no_prefix+casual,current,none,casual,manual,26|admin_unit|conversational|casual_short
e3e4ac05aef492e6,cho tôi xin đường đi Diên Lâm được không,admin_unit,ward,Diên Lâm,osm_ward_19395748,Khánh Hòa,,,Diên Lâm,,,conversational,conversational_neutral_medium_008,current+none+no_prefix+neutral,current,none,neutral,manual,26|admin_unit|conversational|neutral_medium
445fdb56b3fe4f3b,hỏi hướng đến Tây Nha Trang,admin_unit,ward,Tây Nha Trang,osm_ward_16205487,Khánh Hòa,,,Tây Nha Trang,,,conversational,conversational_neutral_short_010,current+none+no_prefix+neutral,current,none,neutral,manual,26|admin_unit|conversational|neutral_short
c639243f7c116e63,"à dẫn đường tới Hòa Thắng giúp mình, đi đường tắt cũng được",admin_unit,ward,Hòa Thắng,osm_ward_17079641,Khánh Hòa,,,Hòa Thắng,,,nav_command,nav_command_casual_long_006,current+none+no_prefix+casual,current,none,casual,manual,26|admin_unit|nav_command|casual_long
88aadc3844f222d0,chỉ đường Phước Hữu được không,admin_unit,ward,Phước Hữu,osm_ward_17609709,Khánh Hòa,,,Phước Hữu,,,nav_command,nav_command_casual_short_004,current+none+no_prefix+casual,current,none,casual,manual,26|admin_unit|nav_command|casual_short
f6436b5191d267b9,xin phép hỏi mong được chỉ đường tới xã Cà Ná được không ạ,admin_unit,ward,xã Cà Ná,osm_ward_17609703,Khánh Hòa,,,Cà Ná,,,nav_command,nav_command_formal_medium_005,current+none+prefix+formal,current,none,formal,manual,26|admin_unit|nav_command|formal_medium
ee6decd2a8e2f0cd,chỉ tuyến đường đến Khánh Sơn ở tỉnh Khánh Hòa được không,admin_unit,ward,Khánh Sơn ở tỉnh Khánh Hòa,osm_ward_19395741,Khánh Hòa,,,Khánh Sơn,,,nav_command,nav_command_neutral_medium_007,current+none+no_prefix+neutral,current,none,neutral,manual,26|admin_unit|nav_command|neutral_medium
4f39f27f89758d92,chỉ đường tới Thuận Bắc nhé,admin_unit,ward,Thuận Bắc,osm_ward_19395764,Khánh Hòa,,,Thuận Bắc,,,nav_command,nav_command_neutral_short_002,current+none+no_prefix+neutral,current,none,neutral,manual,26|admin_unit|nav_command|neutral_short
c12116e11a38c6d4,tới Cam An ở tỉnh Khánh Hòa sao đây đi mà,admin_unit,ward,Cam An ở tỉnh Khánh Hòa,osm_ward_19395757,Khánh Hòa,,,Cam An,,,route_question,route_question_casual_short_003,current+none+no_prefix+casual,current,none,casual,manual,26|admin_unit|route_question|casual_short
4c3f74b9fd0e4395,đi Xuân Hải đường nào nhanh nhất,admin_unit,ward,Xuân Hải,osm_ward_17606321,Khánh Hòa,,,Xuân Hải,,,route_question,route_question_neutral_medium_005,current+none+no_prefix+neutral,current,none,neutral,manual,26|admin_unit|route_question|neutral_medium
e31ac27479711105,đến phường Phan Rang đi đường nào,admin_unit,ward,phường Phan Rang,osm_ward_16074981,Khánh Hòa,,,Phan Rang,,,route_question,route_question_neutral_short_001,current+none+prefix+neutral,current,none,neutral,manual,26|admin_unit|route_question|neutral_short
b5d2dbe701a7c934,"kiếm giùm mình Ninh Hải cái, không cần xa lắm đâu thế",admin_unit,ward,Ninh Hải,osm_ward_19395763,Khánh Hòa,,,Ninh Hải,,,search,search_casual_long_004,current+none+no_prefix+casual,current,none,casual,manual,26|admin_unit|search|casual_long
dea49a95743342a7,tra xã Bác Ái Đông được không,admin_unit,ward,xã Bác Ái Đông,osm_ward_17606342,Khánh Hòa,,,Bác Ái Đông,,,search,search_casual_short_003,current+none+prefix+casual,current,none,casual,manual,26|admin_unit|search|casual_short
7f607aa333448412,xin tìm hộ xã Cà Ná ở tỉnh Khánh Hòa giúp tôi với ạ,admin_unit,ward,xã Cà Ná ở tỉnh Khánh Hòa,osm_ward_17609703,Khánh Hòa,,,Cà Ná,,,search,search_formal_medium_005,current+none+prefix+formal,current,none,formal,manual,26|admin_unit|search|formal_medium
ed6acac853fd1600,kiếm giúp tôi thông tin Bắc Cam Ranh ở tỉnh Khánh Hòa,admin_unit,ward,Bắc Cam Ranh ở tỉnh Khánh Hòa,osm_ward_16139327,Khánh Hòa,,,Bắc Cam Ranh,,,search,search_neutral_medium_002,current+none+no_prefix+neutral,current,none,neutral,manual,26|admin_unit|search|neutral_medium
d253f908c7ec8e1c,tìm thử Nam Cam Ranh ở tỉnh Ninh Thuận cũ,admin_unit,ward,Nam Cam Ranh ở tỉnh Ninh Thuận cũ,osm_ward_16140246,Khánh Hòa,Ninh Thuận,,Nam Cam Ranh,,,search,search_neutral_short_008,legacy+none+no_prefix+neutral,legacy,none,neutral,manual,26|admin_unit|search|neutral_short
d59ebc6452422d45,táp vào Đại Lãnh đi,admin_unit,ward,Đại Lãnh,osm_ward_19395743,Khánh Hòa,,,Đại Lãnh,,,short_command,short_command_casual_short_010,current+none+no_prefix+casual,current,none,casual,manual,26|admin_unit|short_command|casual_short
9bf12cb96563e285,cho mình hỏi cho tôi xuống ở xã Ninh Phước,admin_unit,ward,xã Ninh Phước,osm_ward_17609708,Khánh Hòa,,,Ninh Phước,,,short_command,short_command_neutral_medium_006,current+none+prefix+neutral,current,none,neutral,manual,26|admin_unit|short_command|neutral_medium
bb0e946651f97639,ghé Cà Ná ở tỉnh Ninh Thuận cũ,admin_unit,ward,Cà Ná ở tỉnh Ninh Thuận cũ,osm_ward_17609703,Khánh Hòa,Ninh Thuận,,Cà Ná,,,short_command,short_command_neutral_short_006,legacy+none+no_prefix+neutral,legacy,none,neutral,manual,26|admin_unit|short_command|neutral_short
823898e70b9b5df0,"chỗ này có gần Agribank không ta, hay là xa lắm được không",commercial,bank,Agribank,osm_poi_way_1014974606,Khánh Hòa,,,,,,contextual,contextual_casual_long_001,current+none+no_prefix+casual,current,none,casual,osm,26|commercial|contextual|casual_long
2f1285431fd9adf7,Do Re Mi ở tỉnh Ninh Thuận cũ gần xịt không,commercial,restaurant,Do Re Mi ở tỉnh Ninh Thuận cũ,osm_poi_node_12483935301,Khánh Hòa,Ninh Thuận,,,,,contextual,contextual_casual_short_010,legacy+none+no_prefix+casual,legacy,none,casual,osm,26|commercial|contextual|casual_short
613bc747c3d16cd2,cho tôi hỏi một chút xin hỏi khu này có gần Do Re Mi ở tỉnh Khánh Hòa không ạ,commercial,restaurant,Do Re Mi ở tỉnh Khánh Hòa,osm_poi_node_12483935301,Khánh Hòa,,,,,,contextual,contextual_formal_medium_001,current+none+no_prefix+formal,current,none,formal,osm,26|commercial|contextual|formal_medium
3a01a36a1ef086fe,ở đây có gần Do Re Mi ở tỉnh Khánh Hòa không,commercial,restaurant,Do Re Mi ở tỉnh Khánh Hòa,osm_poi_node_12483935301,Khánh Hòa,,,,,,contextual,contextual_neutral_medium_009,current+none+no_prefix+neutral,current,none,neutral,osm,26|commercial|contextual|neutral_medium
693badc7b8fd1e26,khu này gần Long Vi Hotel ở tỉnh Ninh Thuận không,commercial,hotel,Long Vi Hotel ở tỉnh Ninh Thuận,osm_poi_node_11670580470,Khánh Hòa,Ninh Thuận,,,,,contextual,contextual_neutral_short_009,legacy+none+no_prefix+neutral,legacy,none,neutral,osm,26|commercial|contextual|neutral_short
75ff1d7c9df16485,"ơ mình đang định qua Do Re Mi, ai biết đường chỉ mình với",commercial,restaurant,Do Re Mi,osm_poi_node_12483935301,Khánh Hòa,,,,,,conversational,conversational_casual_long_010,current+none+no_prefix+casual,current,none,casual,osm,26|commercial|conversational|casual_long
0171e8b84d936b80,đường tới Agribank ở tỉnh Khánh Hòa sao,commercial,bank,Agribank ở tỉnh Khánh Hòa,osm_poi_way_1014974606,Khánh Hòa,,,,,,conversational,conversational_casual_short_009,current+none+no_prefix+casual,current,none,casual,osm,26|commercial|conversational|casual_short
bdf62f0d4c5448df,tôi cần hỏi đường đi Long Vi Hotel ạ,commercial,hotel,Long Vi Hotel,osm_poi_node_11670580470,Khánh Hòa,,,,,,conversational,conversational_formal_medium_007,current+none+no_prefix+formal,current,none,formal,osm,26|commercial|conversational|formal_medium
59e56032f2de6d34,cho mình hỏi lối đến Long Vi Hotel,commercial,hotel,Long Vi Hotel,osm_poi_node_11670580470,Khánh Hòa,,,,,,conversational,conversational_neutral_medium_006,current+none+no_prefix+neutral,current,none,neutral,osm,26|commercial|conversational|neutral_medium
9397f77cbc6b7343,cho hỏi ngả tới Sea La Vie Inspiring Phu Quy ở tỉnh Khánh Hòa,commercial,restaurant,Sea La Vie Inspiring Phu Quy ở tỉnh Khánh Hòa,osm_poi_node_11670602269,Khánh Hòa,,,,,,conversational,conversational_neutral_short_009,current+none+no_prefix+neutral,current,none,neutral,osm,26|commercial|conversational|neutral_short
d18b23b61ac15033,"à chỉ đường đến Do Re Mi giúp mình cái, đường nào cũng được miễn tới nơi giúp mình",commercial,restaurant,Do Re Mi,osm_poi_node_12483935301,Khánh Hòa,,,,,,nav_command,nav_command_casual_long_001,current+none+no_prefix+casual,current,none,casual,osm,26|commercial|nav_command|casual_long
760d2eb9738db71d,qua Agribank,commercial,bank,Agribank,osm_poi_way_1014974606,Khánh Hòa,,,,,,nav_command,nav_command_casual_short_003,current+none+no_prefix+casual,current,none,casual,osm,26|commercial|nav_command|casual_short
a57420ec0a481ca8,xin chỉ đường đến Agribank xin cảm ơn,commercial,bank,Agribank,osm_poi_way_1014974606,Khánh Hòa,,,,,,nav_command,nav_command_formal_medium_001,current+none+no_prefix+formal,current,none,formal,osm,26|commercial|nav_command|formal_medium
1bfd233f5c8f3933,cho tôi đường đi đến Agribank được không,commercial,bank,Agribank,osm_poi_way_1014974606,Khánh Hòa,,,,,,nav_command,nav_command_neutral_medium_002,current+none+no_prefix+neutral,current,none,neutral,osm,26|commercial|nav_command|neutral_medium
fe5e6aa36aedd5e1,chỉ đường đến BBQ Bai Can. ở tỉnh Khánh Hòa được không,commercial,restaurant,BBQ Bai Can. ở tỉnh Khánh Hòa,osm_poi_node_12483918301,Khánh Hòa,,,,,,nav_command,nav_command_neutral_short_001,current+none+no_prefix+neutral,current,none,neutral,osm,26|commercial|nav_command|neutral_short
48719717b7810b4c,ờ đi Sea La Vie Inspiring Phu Quy kiểu gì cho lẹ vậy ta,commercial,restaurant,Sea La Vie Inspiring Phu Quy,osm_poi_node_11670602269,Khánh Hòa,,,,,,route_question,route_question_casual_long_004,current+none+no_prefix+casual,current,none,casual,osm,26|commercial|route_question|casual_long
56406caef3fc0e5d,BBQ Bai Can. ở tỉnh Khánh Hòa đi sao,commercial,restaurant,BBQ Bai Can. ở tỉnh Khánh Hòa,osm_poi_node_12483918301,Khánh Hòa,,,,,,route_question,route_question_casual_short_001,current+none+no_prefix+casual,current,none,casual,osm,26|commercial|route_question|casual_short
d51335b26a5cfba9,xin phép hỏi xin hỏi đến BBQ Bai Can. đi bằng đường nào ạ,commercial,restaurant,BBQ Bai Can.,osm_poi_node_12483918301,Khánh Hòa,,,,,,route_question,route_question_formal_medium_005,current+none+no_prefix+formal,current,none,formal,osm,26|commercial|route_question|formal_medium
bd1be292318f3355,này thế từ đây đến Long Vi Hotel ở tỉnh Khánh Hòa đi thế nào vậy,commercial,hotel,Long Vi Hotel ở tỉnh Khánh Hòa,osm_poi_node_11670580470,Khánh Hòa,,,,,,route_question,route_question_neutral_medium_001,current+none+no_prefix+neutral,current,none,neutral,osm,26|commercial|route_question|neutral_medium
57ab018169b57c7b,tới Long Vi Hotel ở tỉnh Ninh Thuận đi lối nào vậy,commercial,hotel,Long Vi Hotel ở tỉnh Ninh Thuận,osm_poi_node_11670580470,Khánh Hòa,Ninh Thuận,,,,,route_question,route_question_neutral_short_002,legacy+none+no_prefix+neutral,legacy,none,neutral,osm,26|commercial|route_question|neutral_short
fc72742a6db62c00,"cho hỏi cái dò giúp mình BBQ Bai Can. cái, mình chưa biết chỗ nào cả cái nhé",commercial,restaurant,BBQ Bai Can.,osm_poi_node_12483918301,Khánh Hòa,,,,,,search,search_casual_long_006,current+none+no_prefix+casual,current,none,casual,osm,26|commercial|search|casual_long
8d51ca1cd8b98ad6,tìm giùm BBQ Bai Can. với,commercial,restaurant,BBQ Bai Can.,osm_poi_node_12483918301,Khánh Hòa,,,,,,search,search_casual_short_008,current+none+no_prefix+casual,current,none,casual,osm,26|commercial|search|casual_short
1b0483ea2ad2c3f4,cho tôi hỏi một chút nhờ tìm hộ vị trí Do Re Mi ở tỉnh Khánh Hòa giúp tôi với ạ,commercial,restaurant,Do Re Mi ở tỉnh Khánh Hòa,osm_poi_node_12483935301,Khánh Hòa,,,,,,search,search_formal_medium_010,current+none+no_prefix+formal,current,none,formal,osm,26|commercial|search|formal_medium
871ff190699db7da,kiếm giúp tôi thông tin Agribank với,commercial,bank,Agribank,osm_poi_way_1014974606,Khánh Hòa,,,,,,search,search_neutral_medium_002,current+none+no_prefix+neutral,current,none,neutral,osm,26|commercial|search|neutral_medium
d33b1c6ee33faec8,kiếm chỗ Long Vi Hotel ở tỉnh Khánh Hòa với,commercial,hotel,Long Vi Hotel ở tỉnh Khánh Hòa,osm_poi_node_11670580470,Khánh Hòa,,,,,,search,search_neutral_short_006,current+none+no_prefix+neutral,current,none,neutral,osm,26|commercial|search|neutral_short
e07f6c652c0f587b,"BBQ Bai Can. á, chạy tới đó luôn đi",commercial,restaurant,BBQ Bai Can.,osm_poi_node_12483918301,Khánh Hòa,,,,,,short_command,short_command_casual_long_004,current+none+no_prefix+casual,current,none,casual,osm,26|commercial|short_command|casual_long
a8633f66c07f6c18,qua BBQ Bai Can. cái,commercial,restaurant,BBQ Bai Can.,osm_poi_node_12483918301,Khánh Hòa,,,,,,short_command,short_command_casual_short_002,current+none+no_prefix+casual,current,none,casual,osm,26|commercial|short_command|casual_short
5c49b92a7d58a8a1,xin đi thẳng đến Sea La Vie Inspiring Phu Quy,commercial,restaurant,Sea La Vie Inspiring Phu Quy,osm_poi_node_11670602269,Khánh Hòa,,,,,,short_command,short_command_formal_medium_008,current+none+no_prefix+formal,current,none,formal,osm,26|commercial|short_command|formal_medium
9f7853011c7de9f1,này chạy tới Do Re Mi,commercial,restaurant,Do Re Mi,osm_poi_node_12483935301,Khánh Hòa,,,,,,short_command,short_command_neutral_medium_007,current+none+no_prefix+neutral,current,none,neutral,osm,26|commercial|short_command|neutral_medium
c0ebbfe52384272f,Long Vi Hotel ở tỉnh Khánh Hòa với,commercial,hotel,Long Vi Hotel ở tỉnh Khánh Hòa,osm_poi_node_11670580470,Khánh Hòa,,,,,,short_command,short_command_neutral_short_001,current+none+no_prefix+neutral,current,none,neutral,osm,26|commercial|short_command|neutral_short
9594fd79f26c0081,phóng tới Vịnh Vĩnh Hy,landmark,tourist_attraction,Vịnh Vĩnh Hy,manual_26_vinh_vinh_hy,Khánh Hòa,,,,,,nav_command,nav_command_casual_short_008,current+none+no_prefix+casual,current,none,casual,manual,26|landmark|nav_command|casual_short
ace5e60b7d94dc16,cho tôi đường đi đến VinWonders Nha Trang ở tỉnh Khánh Hòa,landmark,tourist_attraction,VinWonders Nha Trang ở tỉnh Khánh Hòa,manual_26_vinwonders_nha_trang,Khánh Hòa,,,,,,nav_command,nav_command_neutral_medium_002,current+none+no_prefix+neutral,current,none,neutral,manual,26|landmark|nav_command|neutral_medium
a9978a8a317ca299,tìm đường đến Chợ Tam Thanh,landmark,market,Chợ Tam Thanh,osm_poi_way_1176839553,Khánh Hòa,,,,,,nav_command,nav_command_neutral_short_004,current+none+no_prefix+neutral,current,none,neutral,osm,26|landmark|nav_command|neutral_short
04f3258d86d2d7bf,cho mình hỏi tìm giúp tôi thông tin về Vịnh Cam Ranh ở tỉnh Khánh Hòa,landmark,tourist_attraction,Vịnh Cam Ranh ở tỉnh Khánh Hòa,manual_26_vinh_cam_ranh,Khánh Hòa,,,,,,search,search_neutral_medium_009,current+none+no_prefix+neutral,current,none,neutral,manual,26|landmark|search|neutral_medium
7130aff5933ef2cc,kiếm thử Vịnh Nha Trang với,landmark,beach,Vịnh Nha Trang,manual_26_vinh_nha_trang,Khánh Hòa,,,,,,search,search_neutral_short_009,current+none+no_prefix+neutral,current,none,neutral,manual,26|landmark|search|neutral_short
3c43210867e08863,tôi đang hỏi đường tới Nhà thờ Tin lành Phú Quý,poi_other,worship_place,Nhà thờ Tin lành Phú Quý,osm_poi_way_1015158474,Khánh Hòa,,,,,,conversational,conversational_neutral_medium_010,current+none+no_prefix+neutral,current,none,neutral,osm,26|poi_other|conversational|neutral_medium
b756a2cd6eb231fe,hỏi đường đi Nhà thờ Tin lành Phú Quý giúp tôi,poi_other,worship_place,Nhà thờ Tin lành Phú Quý,osm_poi_way_1015158474,Khánh Hòa,,,,,,conversational,conversational_neutral_short_004,current+none+no_prefix+neutral,current,none,neutral,osm,26|poi_other|conversational|neutral_short
09ecb99af03ec250,tới Nhà thờ Giáo xứ Phú Quý ở tỉnh Khánh Hòa với,poi_other,worship_place,Nhà thờ Giáo xứ Phú Quý ở tỉnh Khánh Hòa,osm_poi_way_1015009537,Khánh Hòa,,,,,,nav_command,nav_command_casual_short_002,current+none+no_prefix+casual,current,none,casual,osm,26|poi_other|nav_command|casual_short
95a56176bc3b22d7,chỉ giúp lối đi đến Sân vận động Đặc khu Phú Quý,poi_other,stadium,Sân vận động Đặc khu Phú Quý,osm_poi_way_1014974135,Khánh Hòa,,,,,,nav_command,nav_command_neutral_medium_010,current+none+no_prefix+neutral,current,none,neutral,osm,26|poi_other|nav_command|neutral_medium
c2b9d331dcf4870d,chỉ hướng đến Nhà thờ Tin lành Phú Quý ở tỉnh Khánh Hòa được không,poi_other,worship_place,Nhà thờ Tin lành Phú Quý ở tỉnh Khánh Hòa,osm_poi_way_1015158474,Khánh Hòa,,,,,,nav_command,nav_command_neutral_short_009,current+none+no_prefix+neutral,current,none,neutral,osm,26|poi_other|nav_command|neutral_short
200d88992e508edd,từ đây tới Nhà thờ Giáo xứ Phú Quý ở tỉnh Khánh Hòa đi kiểu gì,poi_other,worship_place,Nhà thờ Giáo xứ Phú Quý ở tỉnh Khánh Hòa,osm_poi_way_1015009537,Khánh Hòa,,,,,,route_question,route_question_neutral_medium_002,current+none+no_prefix+neutral,current,none,neutral,osm,26|poi_other|route_question|neutral_medium
922418cad4a67324,Nhà thờ Tin lành Phú Quý đi hướng nào nhỉ,poi_other,worship_place,Nhà thờ Tin lành Phú Quý,osm_poi_way_1015158474,Khánh Hòa,,,,,,route_question,route_question_neutral_short_006,current+none+no_prefix+neutral,current,none,neutral,osm,26|poi_other|route_question|neutral_short
ab24bc37221ab3b6,kiếm giùm Nhà thờ Giáo xứ Phú Quý với,poi_other,worship_place,Nhà thờ Giáo xứ Phú Quý,osm_poi_way_1015009537,Khánh Hòa,,,,,,search,search_casual_short_007,current+none+no_prefix+casual,current,none,casual,osm,26|poi_other|search|casual_short
0d8bd7b4cac1223c,tìm giúp tôi vị trí Chùa Linh Quang,poi_other,worship_place,Chùa Linh Quang,osm_poi_way_1014986358,Khánh Hòa,,,,,,search,search_neutral_medium_001,current+none+no_prefix+neutral,current,none,neutral,osm,26|poi_other|search|neutral_medium
36d56fd71272c809,tra giúp Chùa Liên Hoa ở tỉnh Ninh Thuận với,poi_other,worship_place,Chùa Liên Hoa ở tỉnh Ninh Thuận,osm_poi_way_1015158482,Khánh Hòa,Ninh Thuận,,,,,search,search_neutral_short_004,legacy+none+no_prefix+neutral,legacy,none,neutral,osm,26|poi_other|search|neutral_short
37a5d7cfd503486b,cho mình hỏi ờ từ đây đến Chi cục Thống kê huyện Phú Quý có xa không,public_facility,government_office,Chi cục Thống kê huyện Phú Quý,osm_poi_way_1014974608,Khánh Hòa,,,,,,contextual,contextual_neutral_medium_005,current+none+no_prefix+neutral,current,none,neutral,osm,26|public_facility|contextual|neutral_medium
60b41e7baf8cb995,Trường Trung học cơ sở Tam Thanh ở gần không,public_facility,school,Trường Trung học cơ sở Tam Thanh,osm_poi_way_1014986377,Khánh Hòa,,,,,,contextual,contextual_neutral_short_010,current+none+no_prefix+neutral,current,none,neutral,osm,26|public_facility|contextual|neutral_short
479a73a8bd4e943c,hỏi tí đường Trường Tiểu học Phú An cái nhé,public_facility,school,Trường Tiểu học Phú An,osm_poi_way_1015009549,Khánh Hòa,,,,,,conversational,conversational_casual_short_008,current+none+no_prefix+casual,current,none,casual,osm,26|public_facility|conversational|casual_short
784f08617a653844,mình đang tìm đường đến Trường Trung học phổ thông Ngô Quyền với,public_facility,school,Trường Trung học phổ thông Ngô Quyền,osm_poi_way_1014974121,Khánh Hòa,,,,,,conversational,conversational_neutral_medium_007,current+none+no_prefix+neutral,current,none,neutral,osm,26|public_facility|conversational|neutral_medium
750fad90a6c03cfd,hỏi đường về Trường Tiểu học Ngũ Phụng (cơ sở ba nhé,public_facility,school,Trường Tiểu học Ngũ Phụng (cơ sở ba,osm_poi_way_1014974123,Khánh Hòa,,,,,,conversational,conversational_neutral_short_008,current+cardinal+no_prefix+neutral,current,cardinal,neutral,osm,26|public_facility|conversational|neutral_short
d795e00bba42dc21,"này chỉ mình đường đi Trường Tiểu học Ngũ Phụng (cơ sở ba đi, mình mới chuyển tới đây",public_facility,school,Trường Tiểu học Ngũ Phụng (cơ sở ba,osm_poi_way_1014974123,Khánh Hòa,,,,,,nav_command,nav_command_casual_long_003,current+cardinal+no_prefix+casual,current,cardinal,casual,osm,26|public_facility|nav_command|casual_long
f83630569f0509b2,qua Chi cục Thi hành án huyện Phú Quý,public_facility,government_office,Chi cục Thi hành án huyện Phú Quý,osm_poi_way_1014974106,Khánh Hòa,,,,,,nav_command,nav_command_casual_short_003,current+none+no_prefix+casual,current,none,casual,osm,26|public_facility|nav_command|casual_short
70e91473c2af61b8,xin hướng dẫn đường đến Đảng uỷ - HĐND - UBND xã Tam Thanh,public_facility,government_office,Đảng uỷ - HĐND - UBND xã Tam Thanh,osm_poi_way_1015372588,Khánh Hòa,,,,,,nav_command,nav_command_formal_medium_006,current+none+no_prefix+formal,current,none,formal,osm,26|public_facility|nav_command|formal_medium
5c80b294d17682ec,chỉ tuyến đường đến Bảo hiểm xã hội huyện Phú Quý với,public_facility,government_office,Bảo hiểm xã hội huyện Phú Quý,osm_poi_way_1014986378,Khánh Hòa,,,,,,nav_command,nav_command_neutral_medium_007,current+none+no_prefix+neutral,current,none,neutral,osm,26|public_facility|nav_command|neutral_medium
f82c745eb8740d54,dẫn đường đến Viện Kiểm sát nhân dân huyện Phú Quý ở tỉnh Khánh Hòa,public_facility,government_office,Viện Kiểm sát nhân dân huyện Phú Quý ở tỉnh Khánh Hòa,osm_poi_way_1014974609,Khánh Hòa,,,,,,nav_command,nav_command_neutral_short_003,current+none+no_prefix+neutral,current,none,neutral,osm,26|public_facility|nav_command|neutral_short
a8667b6961723698,đến Trường Tiểu học Ngũ Phụng (cơ sở ba sao,public_facility,school,Trường Tiểu học Ngũ Phụng (cơ sở ba,osm_poi_way_1014974123,Khánh Hòa,,,,,,route_question,route_question_casual_short_007,current+cardinal+no_prefix+casual,current,cardinal,casual,osm,26|public_facility|route_question|casual_short
736728300a30c1b3,đi Chi cục Thống kê huyện Phú Quý đường nào nhanh nhất,public_facility,government_office,Chi cục Thống kê huyện Phú Quý,osm_poi_way_1014974608,Khánh Hòa,,,,,,route_question,route_question_neutral_medium_005,current+none+no_prefix+neutral,current,none,neutral,osm,26|public_facility|route_question|neutral_medium
1eb06e717bb6b5f7,Trường Trung học cơ sở Tam Thanh đi hướng nào vậy,public_facility,school,Trường Trung học cơ sở Tam Thanh,osm_poi_way_1014986377,Khánh Hòa,,,,,,route_question,route_question_neutral_short_006,current+none+no_prefix+neutral,current,none,neutral,osm,26|public_facility|route_question|neutral_short
abcad7bae8523dd0,"này thế tìm giùm mình Viện Kiểm sát nhân dân huyện Phú Quý với, mình đang cần gấp đi mà",public_facility,government_office,Viện Kiểm sát nhân dân huyện Phú Quý,osm_poi_way_1014974609,Khánh Hòa,,,,,,search,search_casual_long_008,current+none+no_prefix+casual,current,none,casual,osm,26|public_facility|search|casual_long
d63c110760cdc8ff,tìm giùm Đảng uỷ - HĐND - UBND xã Ngũ Phụng giúp mình,public_facility,government_office,Đảng uỷ - HĐND - UBND xã Ngũ Phụng,osm_poi_way_1015009545,Khánh Hòa,,,,,,search,search_casual_short_008,current+none+no_prefix+casual,current,none,casual,osm,26|public_facility|search|casual_short
965f69d2b07e6418,xin tra giúp thông tin Chi cục Thống kê huyện Phú Quý ạ,public_facility,government_office,Chi cục Thống kê huyện Phú Quý,osm_poi_way_1014974608,Khánh Hòa,,,,,,search,search_formal_medium_003,current+none+no_prefix+formal,current,none,formal,osm,26|public_facility|search|formal_medium
4c1ea5ebd6792d52,kiếm hộ tôi Trung tâm Giáo dục nghề nghiệp - Giáo dục thường xuyên huyện Phú Quý ở tỉnh Khánh Hòa giúp tôi,public_facility,school,Trung tâm Giáo dục nghề nghiệp - Giáo dục thường xuyên huyện Phú Quý ở tỉnh Khánh Hòa,osm_poi_way_1015200891,Khánh Hòa,,,,,,search,search_neutral_medium_005,current+none+no_prefix+neutral,current,none,neutral,osm,26|public_facility|search|neutral_medium
529aea53d1d61910,tìm Trung tâm Giáo dục nghề nghiệp - Giáo dục thường xuyên huyện Phú Quý,public_facility,school,Trung tâm Giáo dục nghề nghiệp - Giáo dục thường xuyên huyện Phú Quý,osm_poi_way_1015200891,Khánh Hòa,,,,,,search,search_neutral_short_002,current+none+no_prefix+neutral,current,none,neutral,osm,26|public_facility|search|neutral_short
946e4283916fb806,này cho xe chạy đến Trường Trung học cơ sở Ngũ Phụng nhé,public_facility,school,Trường Trung học cơ sở Ngũ Phụng,osm_poi_way_1015009552,Khánh Hòa,,,,,,short_command,short_command_neutral_medium_001,current+none+no_prefix+neutral,current,none,neutral,osm,26|public_facility|short_command|neutral_medium
47204c8cca7a8070,qua Trường Trung học phổ thông Ngô Quyền với,public_facility,school,Trường Trung học phổ thông Ngô Quyền,osm_poi_way_1014974121,Khánh Hòa,,,,,,short_command,short_command_neutral_short_005,current+none+no_prefix+neutral,current,none,neutral,osm,26|public_facility|short_command|neutral_short
c2e0044f3b0156f6,à chỗ này với Nguyễn Thông có gần nhau không ta,street,street,Nguyễn Thông,osm_street_way_582939810,Khánh Hòa,,,,Nguyễn Thông,,contextual,contextual_casual_long_009,current+none+no_prefix+casual,current,none,casual,osm,26|street|contextual|casual_long
4d3e3d68fa94a731,gần phố Nguyễn Thông ở tỉnh Khánh Hòa không ta,street,street,phố Nguyễn Thông ở tỉnh Khánh Hòa,osm_street_way_582939810,Khánh Hòa,,,,Nguyễn Thông,,contextual,contextual_casual_short_006,current+none+prefix+casual,current,none,casual,osm,26|street|contextual|casual_short
4214b076a82b0271,xin phép hỏi xin hỏi khu này có gần đường Đoàn Thị Điểm không ạ,street,street,đường Đoàn Thị Điểm,osm_street_way_454966080,Khánh Hòa,,,,Đoàn Thị Điểm,,contextual,contextual_formal_medium_001,current+none+prefix+formal,current,none,formal,osm,26|street|contextual|formal_medium
b4075e54b9d00831,chỗ mình đứng gần phố Nguyễn Tri Phương ở tỉnh Khánh Hòa không,street,street,phố Nguyễn Tri Phương ở tỉnh Khánh Hòa,osm_street_way_1014558240,Khánh Hòa,,,,Nguyễn Tri Phương,,contextual,contextual_neutral_medium_008,current+none+prefix+neutral,current,none,neutral,osm,26|street|contextual|neutral_medium
6a5ae162fe595241,phố Nguyễn Du gần đây không,street,street,phố Nguyễn Du,osm_street_way_770236012,Khánh Hòa,,,,Nguyễn Du,,contextual,contextual_neutral_short_003,current+none+prefix+neutral,current,none,neutral,osm,26|street|contextual|neutral_short
82955580802109bc,"ơ mình mới tới đây lần đầu, chỉ mình đường tới phố Phạm Ngọc Thạch ở tỉnh Ninh Thuận cũ với",street,street,phố Phạm Ngọc Thạch ở tỉnh Ninh Thuận cũ,osm_street_way_772089451,Khánh Hòa,Ninh Thuận,,,Phạm Ngọc Thạch,,conversational,conversational_casual_long_004,legacy+none+prefix+casual,legacy,none,casual,osm,26|street|conversational|casual_long
4819014c6b336508,hỏi lối Võ Thị Sáu đi mà,street,street,Võ Thị Sáu,osm_street_way_582951488,Khánh Hòa,,,,Võ Thị Sáu,,conversational,conversational_casual_short_004,current+none+no_prefix+casual,current,none,casual,osm,26|street|conversational|casual_short
f812cbb31f376bae,tôi cần hỏi đường đi phố Phạm Ngọc Thạch được không ạ,street,street,phố Phạm Ngọc Thạch,osm_street_way_772089451,Khánh Hòa,,,,Phạm Ngọc Thạch,,conversational,conversational_formal_medium_007,current+none+prefix+formal,current,none,formal,osm,26|street|conversational|formal_medium
1d434c557e7e5513,cho tôi hỏi đường đến Phạm Ngọc Thạch được không,street,street,Phạm Ngọc Thạch,osm_street_way_772089451,Khánh Hòa,,,,Phạm Ngọc Thạch,,conversational,conversational_neutral_medium_001,current+none+no_prefix+neutral,current,none,neutral,osm,26|street|conversational|neutral_medium
26d023075dfd0548,hỏi đường tới đường Vòng Xoay Phú Quý ở tỉnh Khánh Hòa,street,street,đường Vòng Xoay Phú Quý ở tỉnh Khánh Hòa,osm_street_way_1422091162,Khánh Hòa,,,,Vòng Xoay Phú Quý,,conversational,conversational_neutral_short_002,current+none+prefix+neutral,current,none,neutral,osm,26|street|conversational|neutral_short
2be022c095e0991e,"chỉ mình đường đi Hùng Vương đi, mình mới chuyển tới đây giúp mình",street,street,Hùng Vương,osm_street_way_454966062,Khánh Hòa,,,,Hùng Vương,,nav_command,nav_command_casual_long_003,current+none+no_prefix+casual,current,none,casual,osm,26|street|nav_command|casual_long
0ca659390b42f843,phóng tới Kim Đồng đi,street,street,Kim Đồng,osm_street_way_772281195,Khánh Hòa,,,,Kim Đồng,,nav_command,nav_command_casual_short_008,current+none+no_prefix+casual,current,none,casual,osm,26|street|nav_command|casual_short
f4b7eeffff5f44a5,xin chỉ lối đi đến đường Công Chúa Bàn Tranh ở tỉnh Khánh Hòa,street,street,đường Công Chúa Bàn Tranh ở tỉnh Khánh Hòa,osm_street_way_582939787,Khánh Hòa,,,,Công Chúa Bàn Tranh,,nav_command,nav_command_formal_medium_008,current+none+prefix+formal,current,none,formal,osm,26|street|nav_command|formal_medium
00de6a63dc64675f,chỉ đường đi tới Hùng Vương,street,street,Hùng Vương,osm_street_way_454966062,Khánh Hòa,,,,Hùng Vương,,nav_command,nav_command_neutral_medium_004,current+none+no_prefix+neutral,current,none,neutral,osm,26|street|nav_command|neutral_medium
9fa3b7c8f1ccf65a,tìm đường đến Lê Hồng Phong,street,street,Lê Hồng Phong,osm_street_way_454966094,Khánh Hòa,,,,Lê Hồng Phong,,nav_command,nav_command_neutral_short_004,current+none+no_prefix+neutral,current,none,neutral,osm,26|street|nav_command|neutral_short
603bf260f3779413,"có ai biết đường tới đường Trần Quý Cáp ở tỉnh Khánh Hòa không, chỉ mình với",street,street,đường Trần Quý Cáp ở tỉnh Khánh Hòa,osm_street_way_454966070,Khánh Hòa,,,,Trần Quý Cáp,,route_question,route_question_casual_long_006,current+none+prefix+casual,current,none,casual,osm,26|street|route_question|casual_long
683be34fe07c0f09,đi sao tới đường Hoàng Hoa Thám được không,street,street,đường Hoàng Hoa Thám,osm_street_way_454966078,Khánh Hòa,,,,Hoàng Hoa Thám,,route_question,route_question_casual_short_010,current+none+prefix+casual,current,none,casual,osm,26|street|route_question|casual_short
7f10170095591bc7,xin hỏi muốn tới Lý Thường kiệt ở tỉnh Khánh Hòa thì đi đường nào ạ,street,street,Lý Thường kiệt ở tỉnh Khánh Hòa,osm_street_way_454966090,Khánh Hòa,,,,Lý Thường Kiệt,,route_question,route_question_formal_medium_004,current+none+no_prefix+formal,current,none,formal,osm,26|street|route_question|formal_medium
e1772c2b788dce46,đi đến đường Lê Hồng Phong bằng đường nào,street,street,đường Lê Hồng Phong,osm_street_way_454966094,Khánh Hòa,,,,Lê Hồng Phong,,route_question,route_question_neutral_medium_008,current+none+prefix+neutral,current,none,neutral,osm,26|street|route_question|neutral_medium
ac952ea8789cf1f7,Lê Hồng Phong đi kiểu gì nhỉ,street,street,Lê Hồng Phong,osm_street_way_454966094,Khánh Hòa,,,,Lê Hồng Phong,,route_question,route_question_neutral_short_009,current+none+no_prefix+neutral,current,none,neutral,osm,26|street|route_question|neutral_short
75d4d6e4140f4eb4,"ờ tìm giúp mình đường Trần Quang Diệu ở tỉnh Khánh Hòa đi, chỗ nào ngon ngon ấy",street,street,đường Trần Quang Diệu ở tỉnh Khánh Hòa,osm_street_way_582947983,Khánh Hòa,,,,Trần Quang Diệu,,search,search_casual_long_010,current+none+prefix+casual,current,none,casual,osm,26|street|search|casual_long
c610d3e635a2a5d5,mò tìm đường Ngô Quyền ở tỉnh Khánh Hòa giúp mình,street,street,đường Ngô Quyền ở tỉnh Khánh Hòa,osm_street_way_582963802,Khánh Hòa,,,,Ngô Quyền,,search,search_casual_short_010,current+none+prefix+casual,current,none,casual,osm,26|street|search|casual_short
14d3482898ef4bb8,xin tra giúp thông tin phố Lê Hồng Phong ở tỉnh Khánh Hòa giúp tôi với ạ,street,street,phố Lê Hồng Phong ở tỉnh Khánh Hòa,osm_street_way_454966094,Khánh Hòa,,,,Lê Hồng Phong,,search,search_formal_medium_003,current+none+prefix+formal,current,none,formal,osm,26|street|search|formal_medium
c8f4037fb99167bc,này tìm giúp tôi chỗ đường Vòng Xoay Phú Quý hai ở tỉnh Khánh Hòa giúp tôi,street,street,đường Vòng Xoay Phú Quý hai ở tỉnh Khánh Hòa,osm_street_way_772089458,Khánh Hòa,,,,Vòng Xoay Phú Quý 2,,search,search_neutral_medium_004,current+cardinal+prefix+neutral,current,cardinal,neutral,osm,26|street|search|neutral_medium
976f9159d1fd7966,dò giúp Yết Kiêu ở tỉnh Khánh Hòa giúp tôi,street,street,Yết Kiêu ở tỉnh Khánh Hòa,osm_street_way_582951460,Khánh Hòa,,,,Yết Kiêu,,search,search_neutral_short_010,current+none+no_prefix+neutral,current,none,neutral,osm,26|street|search|neutral_short
a8fe4d1c924ee8f2,"này chỗ Vòng Xoay Phú Quý lúc nãy nói ấy, quẹo vô đó đi",street,street,Vòng Xoay Phú Quý,osm_street_way_1422091162,Khánh Hòa,,,,Vòng Xoay Phú Quý,,short_command,short_command_casual_long_006,current+none+no_prefix+casual,current,none,casual,osm,26|street|short_command|casual_long
0f6733a673610194,chạy vô Phạm Ngọc Thạch ở tỉnh Khánh Hòa được không,street,street,Phạm Ngọc Thạch ở tỉnh Khánh Hòa,osm_street_way_772089451,Khánh Hòa,,,,Phạm Ngọc Thạch,,short_command,short_command_casual_short_008,current+none+no_prefix+casual,current,none,casual,osm,26|street|short_command|casual_short
14df4e8e5c2214d2,xin cho hỏi xin cho xe tới đường hai mươi bảy Tháng bốn ở tỉnh Khánh Hòa được không ạ,street,street,đường hai mươi bảy Tháng bốn ở tỉnh Khánh Hòa,osm_street_way_454966093,Khánh Hòa,,,,27 Tháng 4,,short_command,short_command_formal_medium_009,current+cardinal+prefix+formal,current,cardinal,formal,osm,26|street|short_command|formal_medium
e2d8772ff7acaccd,cho hỏi à đi thẳng tới phố Vòng Xoay Phú Quý hai nhé,street,street,phố Vòng Xoay Phú Quý hai,osm_street_way_772089458,Khánh Hòa,,,,Vòng Xoay Phú Quý 2,,short_command,short_command_neutral_medium_009,current+cardinal+prefix+neutral,current,cardinal,neutral,osm,26|street|short_command|neutral_medium
e7eb6ebc61d9cdd9,vào Đoàn Thị Điểm ở tỉnh Khánh Hòa giúp tôi,street,street,Đoàn Thị Điểm ở tỉnh Khánh Hòa,osm_street_way_454966080,Khánh Hòa,,,,Đoàn Thị Điểm,,short_command,short_command_neutral_short_008,current+none+no_prefix+neutral,current,none,neutral,osm,26|street|short_command|neutral_short
810f0916d1490244,tôi đang hỏi đường tới số một chín năm xuyệt ba mươi bảy Võ Duy Dương ở tỉnh Bình Thuận giúp tôi,address,house_address,số một chín năm xuyệt ba mươi bảy Võ Duy Dương ở tỉnh Bình Thuận,osm_street_way_674716156,Lâm Đồng,Bình Thuận,,,Võ Duy Dương,195/37 Võ Duy Dương,conversational,conversational_neutral_medium_010,legacy+mixed+no_prefix+neutral,legacy,mixed,neutral,osm,27|address|conversational|neutral_medium
035e54628bf39cf4,cho hỏi hướng số một bảy hẻm bốn chín xuyệt một một Ngô Gia Tự,address,house_address,số một bảy hẻm bốn chín xuyệt một một Ngô Gia Tự,osm_street_way_674277133,Lâm Đồng,,,,Hẻm 49/11 Ngô Gia Tự,17 Hẻm 49/11 Ngô Gia Tự,conversational,conversational_neutral_short_005,current+digit_by_digit+prefix+neutral,current,digit_by_digit,neutral,osm,27|address|conversational|neutral_short
3cdf1465a8b9669c,lái đến chín mươi mốt xuyệt sáu mươi sáu Trần Cao Vân ở tỉnh Lâm Đồng đi mà,address,house_address,chín mươi mốt xuyệt sáu mươi sáu Trần Cao Vân ở tỉnh Lâm Đồng,osm_street_way_126573389,Lâm Đồng,,,,Trần Cao Vân,91/66 Trần Cao Vân,nav_command,nav_command_casual_short_006,current+cardinal+no_prefix+casual,current,cardinal,casual,osm,27|address|nav_command|casual_short
f6e6ba617834d33c,mở giúp đường đi đến số ba mươi bảy ca Cầu Thủy điện Đại Nga ở tỉnh Lâm Đồng được không,address,house_address,số ba mươi bảy ca Cầu Thủy điện Đại Nga ở tỉnh Lâm Đồng,osm_street_way_318694138,Lâm Đồng,,,,Cầu Thủy điện Đại Nga,37K Cầu Thủy điện Đại Nga,nav_command,nav_command_neutral_medium_008,current+cardinal+no_prefix+neutral,current,cardinal,neutral,osm,27|address|nav_command|neutral_medium
c76a72cf35c7678d,tìm đường đến số chín ba xuyệt một sáu phố Cao Hành ở tỉnh Bình Thuận cũ,address,house_address,số chín ba xuyệt một sáu phố Cao Hành ở tỉnh Bình Thuận cũ,osm_street_way_148189000,Lâm Đồng,Bình Thuận,,,Cao Hành,93/16 Cao Hành,nav_command,nav_command_neutral_short_004,legacy+digit_by_digit+prefix+neutral,legacy,digit_by_digit,neutral,osm,27|address|nav_command|neutral_short
3059dc9793b9b947,à từ đây đến chín không xuyệt bốn một Đặng Tất ở tỉnh Lâm Đồng đi thế nào,address,house_address,chín không xuyệt bốn một Đặng Tất ở tỉnh Lâm Đồng,osm_street_way_148169405,Lâm Đồng,,,,Đặng Tất,90/41 Đặng Tất,route_question,route_question_neutral_medium_001,current+digit_by_digit+no_prefix+neutral,current,digit_by_digit,neutral,osm,27|address|route_question|neutral_medium
890f1ccb5169c07d,đến một trăm mười lăm xuyệt ba phố Đồi Mai Anh lối nào,address,house_address,một trăm mười lăm xuyệt ba phố Đồi Mai Anh,osm_street_way_1272962083,Lâm Đồng,,,,Đồi Mai Anh,115/3 Đồi Mai Anh,route_question,route_question_neutral_short_008,current+cardinal+prefix+neutral,current,cardinal,neutral,osm,27|address|route_question|neutral_short
c8b2f186e5021de2,tìm thử chín mươi hai xuyệt hai mươi tám hẻm hai trăm bốn mươi bảy Phan Đình Phùng ở tỉnh Bình Thuận đi mà,address,house_address,chín mươi hai xuyệt hai mươi tám hẻm hai trăm bốn mươi bảy Phan Đình Phùng ở tỉnh Bình Thuận,osm_street_way_407708374,Lâm Đồng,Bình Thuận,,,Hẻm 247 Phan Đình Phùng,92/28 Hẻm 247 Phan Đình Phùng,search,search_casual_short_006,legacy+cardinal+prefix+casual,legacy,cardinal,casual,osm,27|address|search|casual_short
bf1bc8a36301d999,tra cứu giúp tôi số hai bốn sáu a Cầu K'Bu ở tỉnh Lâm Đồng,address,house_address,số hai bốn sáu a Cầu K'Bu ở tỉnh Lâm Đồng,osm_street_way_1498290350,Lâm Đồng,,,,Cầu K'Bu,246A Cầu K'Bu,search,search_neutral_medium_008,current+mixed+no_prefix+neutral,current,mixed,neutral,osm,27|address|search|neutral_medium
d45f2de03d8f06a3,kiếm chỗ bốn mươi bảy hẻm một trăm hai mươi ba đường Bình Giã giúp tôi,address,house_address,bốn mươi bảy hẻm một trăm hai mươi ba đường Bình Giã,osm_street_way_1101480430,Lâm Đồng,,,,Hẻm 123 Đường Bình Giã,47 Hẻm 123 Đường Bình Giã,search,search_neutral_short_006,current+cardinal+prefix+neutral,current,cardinal,neutral,osm,27|address|search|neutral_short
bc046d012034f518,ghé ngang số bốn mươi tư Tú Xương ở tỉnh Lâm Đồng,address,house_address,số bốn mươi tư Tú Xương ở tỉnh Lâm Đồng,osm_street_way_624371105,Lâm Đồng,,,,Tú Xương,44 Tú Xương,short_command,short_command_neutral_medium_008,current+mixed+no_prefix+neutral,current,mixed,neutral,osm,27|address|short_command|neutral_medium
406c37b297f1d215,năm mươi xuyệt tám Đập hạ lưu Sông Dinh,address,house_address,năm mươi xuyệt tám Đập hạ lưu Sông Dinh,osm_street_way_1228023310,Lâm Đồng,,,,Đập hạ lưu Sông Dinh,50/8 Đập hạ lưu Sông Dinh,short_command,short_command_neutral_short_001,current+cardinal+no_prefix+neutral,current,cardinal,neutral,osm,27|address|short_command|neutral_short
dc610a505d815bcf,ờ khu này gần Bảo Lâm một không,admin_unit,ward,Bảo Lâm một,osm_ward_16622972,Lâm Đồng,,,Bảo Lâm 1,,,contextual,contextual_neutral_medium_006,current+cardinal+no_prefix+neutral,current,cardinal,neutral,manual,27|admin_unit|contextual|neutral_medium
06a8f26a7ba82f8d,xã Đạ Tẻh hai ở gần không,admin_unit,ward,xã Đạ Tẻh hai,osm_ward_16269756,Lâm Đồng,,,Đạ Tẻh 2,,,contextual,contextual_neutral_short_010,current+digit_by_digit+prefix+neutral,current,digit_by_digit,neutral,manual,27|admin_unit|contextual|neutral_short
4b119d780097b41a,đường Kiến Đức sao,admin_unit,ward,Kiến Đức,osm_ward_17500734,Lâm Đồng,,,Kiến Đức,,,conversational,conversational_casual_short_005,current+none+no_prefix+casual,current,none,casual,manual,27|admin_unit|conversational|casual_short
178356c739939459,giúp tôi tìm đường đến xã Hiệp Thạnh,admin_unit,ward,xã Hiệp Thạnh,osm_ward_17191108,Lâm Đồng,,,Hiệp Thạnh,,,conversational,conversational_neutral_medium_009,current+none+prefix+neutral,current,none,neutral,manual,27|admin_unit|conversational|neutral_medium
0efe7f36798ffa88,hỏi đường tới Bảo Lâm một,admin_unit,ward,Bảo Lâm một,osm_ward_16622972,Lâm Đồng,,,Bảo Lâm 1,,,conversational,conversational_neutral_short_002,current+cardinal+no_prefix+neutral,current,cardinal,neutral,manual,27|admin_unit|conversational|neutral_short
239d07756e46ce66,"ê tìm giúp mình đường tới xã Thuận Hạnh cái, đang vội lắm",admin_unit,ward,xã Thuận Hạnh,osm_ward_17671863,Lâm Đồng,,,Thuận Hạnh,,,nav_command,nav_command_casual_long_004,current+none+prefix+casual,current,none,casual,manual,27|admin_unit|nav_command|casual_long
97f4922868904bca,ghé Phan Sơn được không,admin_unit,ward,Phan Sơn,osm_ward_17064186,Lâm Đồng,,,Phan Sơn,,,nav_command,nav_command_casual_short_007,current+none+no_prefix+casual,current,none,casual,manual,27|admin_unit|nav_command|casual_short
54fb194efd9357f9,mong được chỉ đường tới xã Đức Lập được không ạ,admin_unit,ward,xã Đức Lập,osm_ward_17715828,Lâm Đồng,,,Đức Lập,,,nav_command,nav_command_formal_medium_005,current+none+prefix+formal,current,none,formal,manual,27|admin_unit|nav_command|formal_medium
5bb2ee49def14c2a,dẫn giúp đường tới xã Quảng Trực,admin_unit,ward,xã Quảng Trực,osm_ward_17596563,Lâm Đồng,,,Quảng Trực,,,nav_command,nav_command_neutral_medium_006,current+none+prefix+neutral,current,none,neutral,manual,27|admin_unit|nav_command|neutral_medium
43442ab60628fa32,chỉ đường đến Suối Kiết,admin_unit,ward,Suối Kiết,osm_ward_17073629,Lâm Đồng,,,Suối Kiết,,,nav_command,nav_command_neutral_short_001,current+none+no_prefix+neutral,current,none,neutral,manual,27|admin_unit|nav_command|neutral_short
4e1d2fb2a7418404,lối nào tới xã Đắk Sắk,admin_unit,ward,xã Đắk Sắk,osm_ward_17715826,Lâm Đồng,,,Đắk Sắk,,,route_question,route_question_casual_short_006,current+none+prefix+casual,current,none,casual,manual,27|admin_unit|route_question|casual_short
01a28a7bfed5d72a,ờ từ đây đến Hòa Ninh bao xa,admin_unit,ward,Hòa Ninh,osm_ward_16775081,Lâm Đồng,,,Hòa Ninh,,,route_question,route_question_neutral_medium_010,current+none+no_prefix+neutral,current,none,neutral,manual,27|admin_unit|route_question|neutral_medium
68b543b444b03301,đường nào tới xã Tân Lập,admin_unit,ward,xã Tân Lập,osm_ward_17058450,Lâm Đồng,,,Tân Lập,,,route_question,route_question_neutral_short_010,current+none+prefix+neutral,current,none,neutral,manual,27|admin_unit|route_question|neutral_short
6299763b66ee41d4,"thế tìm giúp mình Tà Đùng đi, chỗ nào ngon ngon ấy đi",admin_unit,ward,Tà Đùng,osm_ward_17563769,Lâm Đồng,,,Tà Đùng,,,search,search_casual_long_010,current+none+no_prefix+casual,current,none,casual,manual,27|admin_unit|search|casual_long
3a16f6e2641c9b82,kiếm xã Trường Xuân ở tỉnh Lâm Đồng đi mà,admin_unit,ward,xã Trường Xuân ở tỉnh Lâm Đồng,osm_ward_17677775,Lâm Đồng,,,Trường Xuân,,,search,search_casual_short_002,current+none+prefix+casual,current,none,casual,manual,27|admin_unit|search|casual_short
2c1bc070506ca05c,xin tra giúp thông tin xã Trà Tân,admin_unit,ward,xã Trà Tân,osm_ward_17070161,Lâm Đồng,,,Trà Tân,,,search,search_formal_medium_003,current+none+prefix+formal,current,none,formal,manual,27|admin_unit|search|formal_medium
a36447e88dbcf455,kiếm giúp tôi chỗ Tà Năng nhé,admin_unit,ward,Tà Năng,osm_ward_17150942,Lâm Đồng,,,Tà Năng,,,search,search_neutral_medium_010,current+none+no_prefix+neutral,current,none,neutral,manual,27|admin_unit|search|neutral_medium
5fc5cc4bb1704545,tìm chỗ xã Phú Sơn Lâm Hà nhé,admin_unit,ward,xã Phú Sơn Lâm Hà,osm_ward_17269141,Lâm Đồng,,,Phú Sơn Lâm Hà,,,search,search_neutral_short_005,current+none+prefix+neutral,current,none,neutral,manual,27|admin_unit|search|neutral_short
18d6a61d3e428587,ghé xã Hòa Ninh tí nha,admin_unit,ward,xã Hòa Ninh,osm_ward_16775081,Lâm Đồng,,,Hòa Ninh,,,short_command,short_command_casual_short_003,current+none+prefix+casual,current,none,casual,manual,27|admin_unit|short_command|casual_short
7347fe6698019249,cho xe chạy đến xã Bảo Lâm một,admin_unit,ward,xã Bảo Lâm một,osm_ward_16622972,Lâm Đồng,,,Bảo Lâm 1,,,short_command,short_command_neutral_medium_001,current+cardinal+prefix+neutral,current,cardinal,neutral,manual,27|admin_unit|short_command|neutral_medium
a171275f86a5a1bd,rẽ Đông Gia Nghĩa nhé,admin_unit,ward,Đông Gia Nghĩa,osm_ward_17527154,Lâm Đồng,,,Đông Gia Nghĩa,,,short_command,short_command_neutral_short_009,current+none+no_prefix+neutral,current,none,neutral,manual,27|admin_unit|short_command|neutral_short
6b83fc02f639625d,xung quanh Cháo Dinh Dưỡng Mum có quán ăn nào không vậy,commercial,restaurant,Cháo Dinh Dưỡng Mum,osm_poi_node_6442333882,Lâm Đồng,,,,,,contextual,contextual_casual_long_010,current+none+no_prefix+casual,current,none,casual,osm,27|commercial|contextual|casual_long
27e88dc631183b13,gần Pétit duong ở tỉnh Lâm Đồng vậy hông,commercial,restaurant,Pétit duong ở tỉnh Lâm Đồng,osm_poi_node_12870097901,Lâm Đồng,,,,,,contextual,contextual_casual_short_007,current+none+no_prefix+casual,current,none,casual,osm,27|commercial|contextual|casual_short
04d40e151f16e64b,xin hỏi khu này có gần Chef's Dalat không ạ,commercial,restaurant,Chef's Dalat,osm_poi_node_11704240569,Lâm Đồng,,,,,,contextual,contextual_formal_medium_001,current+none+no_prefix+formal,current,none,formal,osm,27|commercial|contextual|formal_medium
d87487b6097fcbc5,ở đây có gần mipec không,commercial,gas_station,mipec,osm_poi_node_4096476606,Lâm Đồng,,,,,,contextual,contextual_neutral_medium_009,current+none+no_prefix+neutral,current,none,neutral,osm,27|commercial|contextual|neutral_medium
947388192c1331dd,gần Hương Nam không,commercial,hotel,Hương Nam,osm_poi_node_4592190190,Lâm Đồng,,,,,,contextual,contextual_neutral_short_001,current+none+no_prefix+neutral,current,none,neutral,osm,27|commercial|contextual|neutral_short
e0191f681ee9f0ee,"cho hỏi xíu, đường đi VIB có xa không",commercial,bank,VIB,osm_poi_node_13590799502,Lâm Đồng,,,,,,conversational,conversational_casual_long_005,current+none+no_prefix+casual,current,none,casual,osm,27|commercial|conversational|casual_long
e2cf907a417069f3,hỏi lối Bánh canh chả cá Phan Rang ở tỉnh Bình Thuận cũ,commercial,restaurant,Bánh canh chả cá Phan Rang ở tỉnh Bình Thuận cũ,osm_poi_node_6165405886,Lâm Đồng,Bình Thuận,,,,,conversational,conversational_casual_short_004,legacy+none+no_prefix+casual,legacy,none,casual,osm,27|commercial|conversational|casual_short
670ac6da9e7f7e87,tôi đang cần chỉ đường tới KS Bình Tâm ở tỉnh Đắk Nông giúp tôi với ạ,commercial,hotel,KS Bình Tâm ở tỉnh Đắk Nông,osm_poi_node_1274417188,Lâm Đồng,Đắk Nông,,,,,conversational,conversational_formal_medium_010,legacy+none+no_prefix+formal,legacy,none,formal,osm,27|commercial|conversational|formal_medium
0b434f17140c73ea,cho hỏi giúp tôi tìm đường đến Ngọc Lan,commercial,hotel,Ngọc Lan,osm_poi_node_1152349342,Lâm Đồng,,,,,,conversational,conversational_neutral_medium_009,current+none+no_prefix+neutral,current,none,neutral,osm,27|commercial|conversational|neutral_medium
e89fb3abf75c90e9,cho hỏi đường đến Kayla's House,commercial,hotel,Kayla's House,osm_poi_node_5466549823,Lâm Đồng,,,,,,conversational,conversational_neutral_short_001,current+none+no_prefix+neutral,current,none,neutral,osm,27|commercial|conversational|neutral_short
1b216576254063f2,"tìm giúp mình đường tới Rum Vàng Hotel cái, đang vội lắm giúp mình",commercial,hotel,Rum Vàng Hotel,osm_poi_node_1984062657,Lâm Đồng,,,,,,nav_command,nav_command_casual_long_004,current+none+no_prefix+casual,current,none,casual,osm,27|commercial|nav_command|casual_long
414365b0abe20166,dẫn tới Banh Trang Nuong được không,commercial,restaurant,Banh Trang Nuong,osm_poi_node_7128210285,Lâm Đồng,,,,,,nav_command,nav_command_casual_short_005,current+none+no_prefix+casual,current,none,casual,osm,27|commercial|nav_command|casual_short
56217e9226291bb0,mong chỉ giúp tuyến đường đến Ganesh Mui Ne ở tỉnh Lâm Đồng được không ạ,commercial,restaurant,Ganesh Mui Ne ở tỉnh Lâm Đồng,osm_poi_node_886005638,Lâm Đồng,,,,,,nav_command,nav_command_formal_medium_009,current+none+no_prefix+formal,current,none,formal,osm,27|commercial|nav_command|formal_medium
66fd82ea3281e19f,cho hỏi hướng dẫn đường đến phan rang hotel nhé,commercial,hotel,phan rang hotel,osm_poi_node_7287356086,Lâm Đồng,,,,,,nav_command,nav_command_neutral_medium_005,current+none+no_prefix+neutral,current,none,neutral,osm,27|commercial|nav_command|neutral_medium
d10a03086fe85b3f,chỉ đường đến Herbal nhé,commercial,hotel,Herbal,osm_poi_node_2674291939,Lâm Đồng,,,,,,nav_command,nav_command_neutral_short_001,current+none+no_prefix+neutral,current,none,neutral,osm,27|commercial|nav_command|neutral_short
72952634fe1a4cbb,"ê đường nào tới P V Oil ở tỉnh Đắk Nông nhanh nhất vậy, mình đang vội nha",commercial,gas_station,P V Oil ở tỉnh Đắk Nông,osm_poi_node_4096769785,Lâm Đồng,Đắk Nông,,,,,route_question,route_question_casual_long_003,legacy+none+no_prefix+casual,legacy,none,casual,osm,27|commercial|route_question|casual_long
73d1efd4c1f65c5e,tới Tien Dat ở tỉnh Lâm Đồng sao đây,commercial,hotel,Tien Dat ở tỉnh Lâm Đồng,osm_poi_way_75223426,Lâm Đồng,,,,,,route_question,route_question_casual_short_003,current+none+no_prefix+casual,current,none,casual,osm,27|commercial|route_question|casual_short
8020754459ba032e,xin hỏi muốn tới Hoang long ở tỉnh Lâm Đồng thì đi đường nào,commercial,hotel,Hoang long ở tỉnh Lâm Đồng,osm_poi_node_4733234323,Lâm Đồng,,,,,,route_question,route_question_formal_medium_004,current+none+no_prefix+formal,current,none,formal,osm,27|commercial|route_question|formal_medium
3280b8ddd0499cca,thế từ đây đến mipec đi thế nào,commercial,gas_station,mipec,osm_poi_way_1524708691,Lâm Đồng,,,,,,route_question,route_question_neutral_medium_001,current+none+no_prefix+neutral,current,none,neutral,osm,27|commercial|route_question|neutral_medium
519215d663bb45b4,đường nào đến Seafood Banh xeo bảy ca ở tỉnh Lâm Đồng,commercial,restaurant,Seafood Banh xeo bảy ca ở tỉnh Lâm Đồng,osm_poi_node_5555434721,Lâm Đồng,,,,,,route_question,route_question_neutral_short_004,current+cardinal+no_prefix+neutral,current,cardinal,neutral,osm,27|commercial|route_question|neutral_short
016c5730f080d923,"ê ờ kiếm giúp mình Com Nhá Cá Gô ở tỉnh Lâm Đồng đi, mình đang đói meo rồi đi",commercial,restaurant,Com Nhá Cá Gô ở tỉnh Lâm Đồng,osm_poi_node_13657737001,Lâm Đồng,,,,,,search,search_casual_long_002,current+none+no_prefix+casual,current,none,casual,osm,27|commercial|search|casual_long
200b4ea1a8858892,kiếm giùm thằng bờm đi,commercial,restaurant,thằng bờm,osm_poi_node_5069439825,Lâm Đồng,,,,,,search,search_casual_short_007,current+none+no_prefix+casual,current,none,casual,osm,27|commercial|search|casual_short
6dd3ae3e0fdb4ce4,mong tìm giúp Khách sạn Park Diamond ạ,commercial,hotel,Khách sạn Park Diamond,osm_poi_way_261042761,Lâm Đồng,,,,,,search,search_formal_medium_004,current+none+no_prefix+formal,current,none,formal,osm,27|commercial|search|formal_medium
e441d1b79004f5d5,này tra giúp tôi vị trí Sunset Restaurant ở tỉnh Lâm Đồng,commercial,restaurant,Sunset Restaurant ở tỉnh Lâm Đồng,osm_poi_node_8748386417,Lâm Đồng,,,,,,search,search_neutral_medium_003,current+none+no_prefix+neutral,current,none,neutral,osm,27|commercial|search|neutral_medium
3462fa6e92b63571,kiếm thử CHXD số hai mươi bảy ở tỉnh Lâm Đồng nhé,commercial,gas_station,CHXD số hai mươi bảy ở tỉnh Lâm Đồng,osm_poi_node_6930905911,Lâm Đồng,,,,,,search,search_neutral_short_009,current+cardinal+no_prefix+neutral,current,cardinal,neutral,osm,27|commercial|search|neutral_short
85a39c31f93ffe7f,"ê chỗ Minh Tan ở tỉnh Lâm Đồng lúc nãy nói ấy, quẹo vô đó đi",commercial,hotel,Minh Tan ở tỉnh Lâm Đồng,osm_poi_node_2645049641,Lâm Đồng,,,,,,short_command,short_command_casual_long_006,current+none+no_prefix+casual,current,none,casual,osm,27|commercial|short_command|casual_long
256b66207db5ea31,tấp vô Hoà Phát ở tỉnh Lâm Đồng đi mà,commercial,restaurant,Hoà Phát ở tỉnh Lâm Đồng,osm_poi_node_7798497195,Lâm Đồng,,,,,,short_command,short_command_casual_short_006,current+none+no_prefix+casual,current,none,casual,osm,27|commercial|short_command|casual_short
acd09004dd7cd191,xin dừng lại ở Petrolimex được không ạ,commercial,gas_station,Petrolimex,osm_poi_way_1515306200,Lâm Đồng,,,,,,short_command,short_command_formal_medium_003,current+none+no_prefix+formal,current,none,formal,osm,27|commercial|short_command|formal_medium
ffbd45ac850477dd,cho tôi xuống ở Indochine Dreams,commercial,hotel,Indochine Dreams,osm_poi_way_75065409,Lâm Đồng,,,,,,short_command,short_command_neutral_medium_006,current+none+no_prefix+neutral,current,none,neutral,osm,27|commercial|short_command|neutral_medium
5b1fadcd84dbedcf,dừng Sales Gallery Charm Resort Hồ Tràm ở tỉnh Lâm Đồng với,commercial,hotel,Sales Gallery Charm Resort Hồ Tràm ở tỉnh Lâm Đồng,osm_poi_node_13097094295,Lâm Đồng,,,,,,short_command,short_command_neutral_short_010,current+none+no_prefix+neutral,current,none,neutral,osm,27|commercial|short_command|neutral_short
3741a18c70bdbb76,ghé Long Tan Cross được không,landmark,monument,Long Tan Cross,osm_poi_node_5437425449,Lâm Đồng,,,,,,nav_command,nav_command_casual_short_007,current+none+no_prefix+casual,current,none,casual,osm,27|landmark|nav_command|casual_short
945fe27b2c133d33,cho mình hỏi hướng dẫn đường đến Chợ Sông Pha ở tỉnh Lâm Đồng,landmark,market,Chợ Sông Pha ở tỉnh Lâm Đồng,osm_poi_way_1534522588,Lâm Đồng,,,,,,nav_command,nav_command_neutral_medium_005,current+none+no_prefix+neutral,current,none,neutral,osm,27|landmark|nav_command|neutral_medium
cfa6750b5cb9ec5c,đưa đường đến Chợ Bảo Lâm,landmark,market,Chợ Bảo Lâm,osm_poi_way_1411817931,Lâm Đồng,,,,,,nav_command,nav_command_neutral_short_008,current+none+no_prefix+neutral,current,none,neutral,osm,27|landmark|nav_command|neutral_short
f518ae87f96626fb,tìm giúp tôi thông tin về Chợ Hòa Ninh,landmark,market,Chợ Hòa Ninh,osm_poi_way_1546575649,Lâm Đồng,,,,,,search,search_neutral_medium_009,current+none+no_prefix+neutral,current,none,neutral,osm,27|landmark|search|neutral_medium
06d2317f29b163da,kiếm chỗ Chợ Hòa Ninh,landmark,market,Chợ Hòa Ninh,osm_poi_way_1546575649,Lâm Đồng,,,,,,search,search_neutral_short_006,current+none+no_prefix+neutral,current,none,neutral,osm,27|landmark|search|neutral_short
e2159a780dbb807d,cho hỏi tôi đang cần tìm đường đến Chùa A Dục Vương Thiền Viện Trúc Lâm Từ Nguyên được không,poi_other,worship_place,Chùa A Dục Vương Thiền Viện Trúc Lâm Từ Nguyên,osm_poi_node_13119518801,Lâm Đồng,,,,,,conversational,conversational_neutral_medium_002,current+none+no_prefix+neutral,current,none,neutral,osm,27|poi_other|conversational|neutral_medium
2aec642dff21cd2f,cho hỏi lối đến Thánh thất Long Điền ở tỉnh Lâm Đồng nhé,poi_other,worship_place,Thánh thất Long Điền ở tỉnh Lâm Đồng,osm_poi_way_740984164,Lâm Đồng,,,,,,conversational,conversational_neutral_short_003,current+none+no_prefix+neutral,current,none,neutral,osm,27|poi_other|conversational|neutral_short
11fef1bc3114a4d9,đi Nhà Thờ Thiện Lâm,poi_other,worship_place,Nhà Thờ Thiện Lâm,osm_poi_node_6543860758,Lâm Đồng,,,,,,nav_command,nav_command_casual_short_001,current+none+no_prefix+casual,current,none,casual,osm,27|poi_other|nav_command|casual_short
ee2a21ec4f4cb799,mở giúp đường đi đến Nhà thờ Giáo xứ Đạ M'Bri,poi_other,worship_place,Nhà thờ Giáo xứ Đạ M'Bri,osm_poi_way_1236026917,Lâm Đồng,,,,,,nav_command,nav_command_neutral_medium_008,current+none+no_prefix+neutral,current,none,neutral,osm,27|poi_other|nav_command|neutral_medium
c48338e889489b40,chỉ hướng đến Chùa Giác Hoàng,poi_other,worship_place,Chùa Giác Hoàng,osm_poi_node_11358486153,Lâm Đồng,,,,,,nav_command,nav_command_neutral_short_009,current+none+no_prefix+neutral,current,none,neutral,osm,27|poi_other|nav_command|neutral_short
462bdb585ef629cd,đi đến Công viên số hai Xã Đinh Văn Lâm Hà bằng đường nào,poi_other,park,Công viên số hai Xã Đinh Văn Lâm Hà,osm_poi_way_1346875867,Lâm Đồng,,,,,,route_question,route_question_neutral_medium_008,current+mixed+no_prefix+neutral,current,mixed,neutral,osm,27|poi_other|route_question|neutral_medium
74cc24f660aee0d8,Chùa Tường Vân ở tỉnh Lâm Đồng đi hướng nào nhỉ,poi_other,worship_place,Chùa Tường Vân ở tỉnh Lâm Đồng,osm_poi_node_11358490586,Lâm Đồng,,,,,,route_question,route_question_neutral_short_006,current+none+no_prefix+neutral,current,none,neutral,osm,27|poi_other|route_question|neutral_short
81c4a2829db5b2fb,tra mái vòm giúp mình,poi_other,park,mái vòm,osm_poi_node_6816994370,Lâm Đồng,,,,,,search,search_casual_short_003,current+none+no_prefix+casual,current,none,casual,osm,27|poi_other|search|casual_short
6f94b5c0be7ada66,kiếm giúp tôi chỗ Tổ đình Quảng Ân ở tỉnh Lâm Đồng,poi_other,worship_place,Tổ đình Quảng Ân ở tỉnh Lâm Đồng,osm_poi_way_688412263,Lâm Đồng,,,,,,search,search_neutral_medium_010,current+none+no_prefix+neutral,current,none,neutral,osm,27|poi_other|search|neutral_medium
daf405fc0f0afc80,tìm chỗ Khuôn viên Tổng Liên Đoàn ở tỉnh Lâm Đồng được không,poi_other,park,Khuôn viên Tổng Liên Đoàn ở tỉnh Lâm Đồng,osm_poi_way_1355659863,Lâm Đồng,,,,,,search,search_neutral_short_005,current+none+no_prefix+neutral,current,none,neutral,osm,27|poi_other|search|neutral_short
c8052d8ebdd8bf68,hỏi đường Trường Tiểu Học Gò Thao ở tỉnh Lâm Đồng được không,public_facility,school,Trường Tiểu Học Gò Thao ở tỉnh Lâm Đồng,osm_poi_way_1546181712,Lâm Đồng,,,,,,conversational,conversational_casual_short_001,current+none+no_prefix+casual,current,none,casual,osm,27|public_facility|conversational|casual_short
55ceb7b64fe56cca,tôi muốn hỏi đường tới Phân hiệu Trường Đại học Nông Lâm Thành phố Hồ Chí Minh tại Ninh Thuận ở tỉnh Bình Thuận cũ,public_facility,university,Phân hiệu Trường Đại học Nông Lâm Thành phố Hồ Chí Minh tại Ninh Thuận ở tỉnh Bình Thuận cũ,osm_poi_way_1084150582,Lâm Đồng,Bình Thuận,,,,,conversational,conversational_neutral_medium_003,legacy+none+no_prefix+neutral,legacy,none,neutral,osm,27|public_facility|conversational|neutral_medium
989fe9021551f065,cho hỏi ngả tới Trường Trung học cơ sở Chu Văn An với,public_facility,school,Trường Trung học cơ sở Chu Văn An,osm_poi_way_566130677,Lâm Đồng,,,,,,conversational,conversational_neutral_short_009,current+none+no_prefix+neutral,current,none,neutral,osm,27|public_facility|conversational|neutral_short
f8186cb5a6f4de49,"dẫn đường tới Trường Trung học cơ sở Nguyễn Trãi giúp mình, đi đường tắt cũng được với",public_facility,school,Trường Trung học cơ sở Nguyễn Trãi,osm_poi_way_1417655935,Lâm Đồng,,,,,,nav_command,nav_command_casual_long_006,current+none+no_prefix+casual,current,none,casual,osm,27|public_facility|nav_command|casual_long
cd467fdc8c205228,tới UBND Xã Cà Ná giúp mình,public_facility,government_office,UBND Xã Cà Ná,osm_poi_way_1546195302,Lâm Đồng,,,,,,nav_command,nav_command_casual_short_002,current+none+no_prefix+casual,current,none,casual,osm,27|public_facility|nav_command|casual_short
da99cbb863a92882,cho tôi hỏi một chút nhờ chỉ giúp đường đến Trường Tiểu học Cam Nghĩa một ở tỉnh Lâm Đồng được không ạ,public_facility,school,Trường Tiểu học Cam Nghĩa một ở tỉnh Lâm Đồng,osm_poi_way_1415415234,Lâm Đồng,,,,,,nav_command,nav_command_formal_medium_003,current+cardinal+no_prefix+formal,current,cardinal,formal,osm,27|public_facility|nav_command|formal_medium
abe8b857690acefe,cho tôi đường đi đến Trường Mầm non Cam Thuận ở tỉnh Lâm Đồng được không,public_facility,school,Trường Mầm non Cam Thuận ở tỉnh Lâm Đồng,osm_poi_way_1539928222,Lâm Đồng,,,,,,nav_command,nav_command_neutral_medium_002,current+none+no_prefix+neutral,current,none,neutral,osm,27|public_facility|nav_command|neutral_medium
92db10fb38a6a3b0,chỉ đường đến Đảng ủy Phường Cam Linh ở tỉnh Lâm Đồng,public_facility,government_office,Đảng ủy Phường Cam Linh ở tỉnh Lâm Đồng,osm_poi_way_1417170588,Lâm Đồng,,,,,,nav_command,nav_command_neutral_short_001,current+none+no_prefix+neutral,current,none,neutral,osm,27|public_facility|nav_command|neutral_short
213e0dd11c1a852a,tới Trường Trung học cơ sở Nguyễn Trãi ở tỉnh Lâm Đồng lối nào,public_facility,school,Trường Trung học cơ sở Nguyễn Trãi ở tỉnh Lâm Đồng,osm_poi_way_572666342,Lâm Đồng,,,,,,route_question,route_question_casual_short_009,current+none+no_prefix+casual,current,none,casual,osm,27|public_facility|route_question|casual_short
b9eada90e1766af3,đi Ptdt bán trú Tiểu Học Phước Đại A ở tỉnh Lâm Đồng đường nào nhanh nhất nhé,public_facility,school,Ptdt bán trú Tiểu Học Phước Đại A ở tỉnh Lâm Đồng,osm_poi_node_5529508122,Lâm Đồng,,,,,,route_question,route_question_neutral_medium_005,current+none+no_prefix+neutral,current,none,neutral,osm,27|public_facility|route_question|neutral_medium
e7cad0c8858bd9ea,đến UBND xã Nghĩa Thành ở tỉnh Lâm Đồng đi đường nào nhỉ,public_facility,government_office,UBND xã Nghĩa Thành ở tỉnh Lâm Đồng,osm_poi_node_5454129148,Lâm Đồng,,,,,,route_question,route_question_neutral_short_001,current+none+no_prefix+neutral,current,none,neutral,osm,27|public_facility|route_question|neutral_short
d6693aa2730612b0,lục tìm Trường Trung học cơ sở Xuyên Mộc,public_facility,school,Trường Trung học cơ sở Xuyên Mộc,osm_poi_way_598322007,Lâm Đồng,,,,,,search,search_casual_short_009,current+none+no_prefix+casual,current,none,casual,osm,27|public_facility|search|casual_short
097cc30d438083af,tìm giúp tôi thông tin về Trường Tiểu học Thăng Long ở tỉnh Lâm Đồng nhé,public_facility,school,Trường Tiểu học Thăng Long ở tỉnh Lâm Đồng,osm_poi_way_653946653,Lâm Đồng,,,,,,search,search_neutral_medium_009,current+none+no_prefix+neutral,current,none,neutral,osm,27|public_facility|search|neutral_medium
4d63c7e34ed54be4,tìm Trường Tiểu học Cam Linh hai được không,public_facility,school,Trường Tiểu học Cam Linh hai,osm_poi_way_1417163038,Lâm Đồng,,,,,,search,search_neutral_short_002,current+cardinal+no_prefix+neutral,current,cardinal,neutral,osm,27|public_facility|search|neutral_short
50ba288347977bbb,cho hỏi cho xe rẽ vào Trường Tiểu học Kim Đồng ở tỉnh Lâm Đồng nhé,public_facility,school,Trường Tiểu học Kim Đồng ở tỉnh Lâm Đồng,osm_poi_way_1380860785,Lâm Đồng,,,,,,short_command,short_command_neutral_medium_010,current+none+no_prefix+neutral,current,none,neutral,osm,27|public_facility|short_command|neutral_medium
94d9390ee2f401f5,dừng Trường Tiểu học & Trung học cơ sở Lương Thế Vinh,public_facility,school,Trường Tiểu học & Trung học cơ sở Lương Thế Vinh,osm_poi_way_1445775264,Lâm Đồng,,,,,,short_command,short_command_neutral_short_010,current+none+no_prefix+neutral,current,none,neutral,osm,27|public_facility|short_command|neutral_short
cd2db6c41429a1ae,xung quanh phố Cầu Sông Than có nhà thờ nào không vậy,street,highway,phố Cầu Sông Than,osm_street_way_481211873,Lâm Đồng,,,,Cầu Sông Than,,contextual,contextual_casual_long_010,current+none+prefix+casual,current,none,casual,osm,27|street|contextual|casual_long
f4e1d6e2001e454e,phố Cầu Suối Nước gần hông,street,highway,phố Cầu Suối Nước,osm_street_way_833410044,Lâm Đồng,,,,Cầu Suối Nước,,contextual,contextual_casual_short_002,current+none+prefix+casual,current,none,casual,osm,27|street|contextual|casual_short
5e466e20ab672583,xin hỏi từ đây đến phố Thái Phiên có xa không ạ,street,street,phố Thái Phiên,osm_street_way_148189008,Lâm Đồng,,,,Thái Phiên,,contextual,contextual_formal_medium_003,current+none+prefix+formal,current,none,formal,osm,27|street|contextual|formal_medium
89a2023986cb9442,này chỗ đó gần đường Nguyễn Kiệm không,street,street,đường Nguyễn Kiệm,osm_street_way_732623203,Lâm Đồng,,,,Nguyễn Kiệm,,contextual,contextual_neutral_medium_004,current+none+prefix+neutral,current,none,neutral,osm,27|street|contextual|neutral_medium
693a36a6a96ef79d,đường Hoàng Văn Thụ ở tỉnh Lâm Đồng ở gần không,street,street,đường Hoàng Văn Thụ ở tỉnh Lâm Đồng,osm_street_way_1143062063,Lâm Đồng,,,,Đường Hoàng Văn Thụ,,contextual,contextual_neutral_short_010,current+none+prefix+neutral,current,none,neutral,osm,27|street|contextual|neutral_short
885c3490d12e5c26,"cho hỏi cái mình mới tới đây lần đầu, chỉ mình đường tới Tô Ngọc Vân với",street,street,Tô Ngọc Vân,osm_street_way_99661102,Lâm Đồng,,,,Tô Ngọc Vân,,conversational,conversational_casual_long_004,current+none+no_prefix+casual,current,none,casual,osm,27|street|conversational|casual_long
612f14c061cc0e6c,biết đường đường Đặng Văn Ngữ không,street,street,đường Đặng Văn Ngữ,osm_street_way_126576921,Lâm Đồng,,,,Đặng Văn Ngữ,,conversational,conversational_casual_short_002,current+none+prefix+casual,current,none,casual,osm,27|street|conversational|casual_short
d0a4f04871212ce8,tôi xin phép hỏi đường tới phố Cầu Suối Đá được không ạ,street,highway,phố Cầu Suối Đá,osm_street_way_186759629,Lâm Đồng,,,,Cầu Suối Đá,,conversational,conversational_formal_medium_005,current+none+prefix+formal,current,none,formal,osm,27|street|conversational|formal_medium
4b50503c0ab167ef,tôi đang cần tìm đường đến đường Thái Phiên được không,street,street,đường Thái Phiên,osm_street_way_148189008,Lâm Đồng,,,,Thái Phiên,,conversational,conversational_neutral_medium_002,current+none+prefix+neutral,current,none,neutral,osm,27|street|conversational|neutral_medium
ea4f67ffb3dc203e,cho hỏi đường đến Cầu Dài ở tỉnh Lâm Đồng,street,highway,Cầu Dài ở tỉnh Lâm Đồng,osm_street_way_410573783,Lâm Đồng,,,,Cầu Dài,,conversational,conversational_neutral_short_001,current+none+no_prefix+neutral,current,none,neutral,osm,27|street|conversational|neutral_short
afeb10cb494ba6cf,"cho hỏi cái tìm giúp mình đường tới hẻm một trăm ba mươi hai Đinh Bộ Lĩnh ở tỉnh Lâm Đồng cái, đang vội lắm được không",street,street,hẻm một trăm ba mươi hai Đinh Bộ Lĩnh ở tỉnh Lâm Đồng,osm_street_way_321989667,Lâm Đồng,,,,Hẻm 132 Đinh Bộ Lĩnh,,nav_command,nav_command_casual_long_004,current+cardinal+prefix+casual,current,cardinal,casual,osm,27|street|nav_command|casual_long
88bbaea100982e8c,chỉ đường Cầu Ông Quý ở tỉnh Lâm Đồng,street,highway,Cầu Ông Quý ở tỉnh Lâm Đồng,osm_street_way_1189835285,Lâm Đồng,,,,Cầu Ông Quý,,nav_command,nav_command_casual_short_004,current+none+no_prefix+casual,current,none,casual,osm,27|street|nav_command|casual_short
42859db1d672c65b,xin phép hỏi xin cho tôi đường đi đến hẻm năm mươi lăm Yên Thế được không ạ,street,street,hẻm năm mươi lăm Yên Thế,osm_street_way_791177176,Lâm Đồng,,,,Hẻm 55 Yên Thế,,nav_command,nav_command_formal_medium_004,current+cardinal+prefix+formal,current,cardinal,formal,osm,27|street|nav_command|formal_medium
c2c8c74954b6303d,mở giúp đường đi đến hẻm chín mươi bảy Ngô Gia Tự ở tỉnh Lâm Đồng với,street,street,hẻm chín mươi bảy Ngô Gia Tự ở tỉnh Lâm Đồng,osm_street_way_141645922,Lâm Đồng,,,,Hẻm 97 Ngô Gia Tự,,nav_command,nav_command_neutral_medium_008,current+cardinal+prefix+neutral,current,cardinal,neutral,osm,27|street|nav_command|neutral_medium
31836da7c56f2048,đưa đường đến Tô Vĩnh Diện,street,street,Tô Vĩnh Diện,osm_street_way_99660995,Lâm Đồng,,,,Tô Vĩnh Diện,,nav_command,nav_command_neutral_short_008,current+none+no_prefix+neutral,current,none,neutral,osm,27|street|nav_command|neutral_short
d2102640ab509ee2,"à muốn qua hẻm một trăm lẻ hai xuyệt tám Lê Duẩn ở tỉnh Lâm Đồng mà không biết đi lối nào, chỉ mình cái",street,street,hẻm một trăm lẻ hai xuyệt tám Lê Duẩn ở tỉnh Lâm Đồng,osm_street_way_1499212513,Lâm Đồng,,,,Hẻm 102/8 Lê Duẩn,,route_question,route_question_casual_long_002,current+cardinal+prefix+casual,current,cardinal,casual,osm,27|street|route_question|casual_long
e679e6bd55e56f8a,đi đường số ba mươi bảy ở tỉnh Lâm Đồng sao,street,street,đường số ba mươi bảy ở tỉnh Lâm Đồng,osm_street_way_148886648,Lâm Đồng,,,,Đường số 37,,route_question,route_question_casual_short_004,current+cardinal+prefix+casual,current,cardinal,casual,osm,27|street|route_question|casual_short
f07a4011b3dd22d2,xin hỏi từ đây tới đường ba Cây Thông ở tỉnh Lâm Đồng đi lối nào ạ,street,street,đường ba Cây Thông ở tỉnh Lâm Đồng,osm_street_way_496859734,Lâm Đồng,,,,Đường 3 Cây Thông,,route_question,route_question_formal_medium_003,current+cardinal+prefix+formal,current,cardinal,formal,osm,27|street|route_question|formal_medium
2ffab6d906ff7c13,đi đến đường nờ bốn bằng đường nào,street,street,đường nờ bốn,osm_street_way_566999244,Lâm Đồng,,,,Đường N4,,route_question,route_question_neutral_medium_008,current+cardinal+prefix+neutral,current,cardinal,neutral,osm,27|street|route_question|neutral_medium
7485946aacc26a07,đường Cầu Sông Khán đi hướng nào,street,highway,đường Cầu Sông Khán,osm_street_way_1498275959,Lâm Đồng,,,,Cầu Sông Khán,,route_question,route_question_neutral_short_006,current+none+prefix+neutral,current,none,neutral,osm,27|street|route_question|neutral_short
463a4eb3fec8df59,à kiếm giúp mình khách sạn nào gần Đội Cung ở tỉnh Lâm Đồng nhất với,street,street,Đội Cung ở tỉnh Lâm Đồng,osm_street_way_148188991,Lâm Đồng,,,,Đội Cung,,search,search_casual_long_007,current+none+no_prefix+casual,current,none,casual,osm,27|street|search|casual_long
5ecdd777fffcaef8,tìm thử Phan Như Thạch với,street,street,Phan Như Thạch,osm_street_way_99660961,Lâm Đồng,,,,Phan Như Thạch,,search,search_casual_short_006,current+none+no_prefix+casual,current,none,casual,osm,27|street|search|casual_short
63bd1e74c2c0e54e,nhờ tra vị trí đường Cầu Cao,street,highway,đường Cầu Cao,osm_street_way_1417986282,Lâm Đồng,,,,Cầu Cao,,search,search_formal_medium_006,current+none+prefix+formal,current,none,formal,osm,27|street|search|formal_medium
3b148e916bbfe82c,tra giúp tôi vị trí đường Nguyễn Đức Cảnh,street,street,đường Nguyễn Đức Cảnh,osm_street_way_141645462,Lâm Đồng,,,,Nguyễn Đức Cảnh,,search,search_neutral_medium_003,current+none+prefix+neutral,current,none,neutral,osm,27|street|search|neutral_medium
f013c8b9a4d7532c,tìm giúp tôi Hàm Minh - Thuận Quý ở tỉnh Lâm Đồng,street,street,Hàm Minh - Thuận Quý ở tỉnh Lâm Đồng,osm_street_way_776452095,Lâm Đồng,,,,Hàm Minh - Thuận Quý,,search,search_neutral_short_001,current+none+no_prefix+neutral,current,none,neutral,osm,27|street|search|neutral_short
73aad86cbc8502ff,"chỗ kia kìa, Lê Văn Huân ở tỉnh Lâm Đồng đó, rẽ vô đi",street,highway,Lê Văn Huân ở tỉnh Lâm Đồng,osm_street_way_654251739,Lâm Đồng,,,,Đường Lê Văn Huân,,short_command,short_command_casual_long_005,current+none+no_prefix+casual,current,none,casual,osm,27|street|short_command|casual_long
bb8972d06fae7686,ghé hẻm tám mươi bảy Cát Quế ở tỉnh Lâm Đồng tí giúp mình,street,street,hẻm tám mươi bảy Cát Quế ở tỉnh Lâm Đồng,osm_street_way_1396136446,Lâm Đồng,,,,Hẻm 87 Cát Quế,,short_command,short_command_casual_short_003,current+cardinal+prefix+casual,current,cardinal,casual,osm,27|street|short_command|casual_short
fcc7da844fa00b06,xin cho xe tới phố Lê Thành Duy,street,street,phố Lê Thành Duy,osm_street_way_220210015,Lâm Đồng,,,,Lê Thành Duy,,short_command,short_command_formal_medium_009,current+none+prefix+formal,current,none,formal,osm,27|street|short_command|formal_medium
c4fdf6e652547dfa,cho tôi hỏi cho xe rẽ vào Vòng Xoay Chợ Bảo Lộc được không,street,street,Vòng Xoay Chợ Bảo Lộc,osm_street_way_974692875,Lâm Đồng,,,,Vòng Xoay Chợ Bảo Lộc,,short_command,short_command_neutral_medium_010,current+none+no_prefix+neutral,current,none,neutral,osm,27|street|short_command|neutral_medium
314f373de57610f8,qua hẻm chín mươi tư đường Huỳnh Minh Thạnh ở tỉnh Lâm Đồng với,street,street,hẻm chín mươi tư đường Huỳnh Minh Thạnh ở tỉnh Lâm Đồng,osm_street_way_263227236,Lâm Đồng,,,,Hẻm 94 Đường Huỳnh Minh Thạnh,,short_command,short_command_neutral_short_005,current+cardinal+prefix+neutral,current,cardinal,neutral,osm,27|street|short_command|neutral_short
d78fd6de358b33c8,mở giúp đường đi đến xã Ea Riêng,admin_unit,ward,xã Ea Riêng,osm_ward_17916117,Đắk Lắk,,,Ea Riêng,,,nav_command,nav_command_neutral_medium_008,current+none+prefix+neutral,current,none,neutral,manual,28|admin_unit|nav_command|neutral_medium
a3c643ae7ad487ce,bật đường đến xã Dur Kmăl nhé,admin_unit,ward,xã Dur Kmăl,osm_ward_17938384,Đắk Lắk,,,Dur Kmăl,,,nav_command,nav_command_neutral_short_010,current+none+prefix+neutral,current,none,neutral,manual,28|admin_unit|nav_command|neutral_short
f77ae89b50c160ff,tôi muốn hỏi đường tới MB Bank,commercial,bank,MB Bank,osm_poi_node_11394230581,Đắk Lắk,,,,,,conversational,conversational_neutral_medium_003,current+none+no_prefix+neutral,current,none,neutral,osm,28|commercial|conversational|neutral_medium
7036bc9cc99146d1,hỏi đường tới Bánh Xèo Chay với,commercial,restaurant,Bánh Xèo Chay,osm_poi_node_6419222528,Đắk Lắk,,,,,,conversational,conversational_neutral_short_002,current+none+no_prefix+neutral,current,none,neutral,osm,28|commercial|conversational|neutral_short
2190618150eb5327,tới Bach Hoa Xanh ở tỉnh Đắk Lắk cái nhé,commercial,supermarket,Bach Hoa Xanh ở tỉnh Đắk Lắk,osm_poi_node_13103166001,Đắk Lắk,,,,,,nav_command,nav_command_casual_short_002,current+none+no_prefix+casual,current,none,casual,osm,28|commercial|nav_command|casual_short
686f172f127645b2,cho hỏi hướng dẫn đường đến Song Anh Hotel ở tỉnh Đắk Lắk giúp tôi,commercial,hotel,Song Anh Hotel ở tỉnh Đắk Lắk,osm_poi_node_12389298801,Đắk Lắk,,,,,,nav_command,nav_command_neutral_medium_005,current+none+no_prefix+neutral,current,none,neutral,osm,28|commercial|nav_command|neutral_medium
cca795a540987f5e,mở đường đến Praywish,commercial,restaurant,Praywish,osm_poi_node_5265446338,Đắk Lắk,,,,,,nav_command,nav_command_neutral_short_007,current+none+no_prefix+neutral,current,none,neutral,osm,28|commercial|nav_command|neutral_short
8e2d703129e0dee9,cho tôi hỏi muốn tới Blue Pearl thì đi đường nào,commercial,hotel,Blue Pearl,osm_poi_node_12189361125,Đắk Lắk,,,,,,route_question,route_question_neutral_medium_003,current+none+no_prefix+neutral,current,none,neutral,osm,28|commercial|route_question|neutral_medium
aa793584f7c9d062,đi Khách sạn Tuấn Vũ lối nào,commercial,hotel,Khách sạn Tuấn Vũ,osm_poi_way_242181003,Đắk Lắk,,,,,,route_question,route_question_neutral_short_005,current+none+no_prefix+neutral,current,none,neutral,osm,28|commercial|route_question|neutral_short
f131f6e44ea9445e,kiếm giùm La Cala được không,commercial,restaurant,La Cala,osm_poi_node_7234611885,Đắk Lắk,,,,,,search,search_casual_short_007,current+none+no_prefix+casual,current,none,casual,osm,28|commercial|search|casual_short
a129d690640223b5,tìm giúp tôi vị trí PV Oil ở tỉnh Phú Yên cũ,commercial,gas_station,PV Oil ở tỉnh Phú Yên cũ,osm_poi_way_1472939862,Đắk Lắk,Phú Yên,,,,,search,search_neutral_medium_001,legacy+none+no_prefix+neutral,legacy,none,neutral,osm,28|commercial|search|neutral_medium
ad66603f6602e889,kiếm thử Tuan's Vietnamese Cuisine được không,commercial,restaurant,Tuan's Vietnamese Cuisine,osm_poi_node_7112048385,Đắk Lắk,,,,,,search,search_neutral_short_009,current+none+no_prefix+neutral,current,none,neutral,osm,28|commercial|search|neutral_short
3bde673bab0811fa,này có ai biết đường đến phố Lạc Bình ở tỉnh Đắk Lắk không,street,street,phố Lạc Bình ở tỉnh Đắk Lắk,osm_street_way_773035304,Đắk Lắk,,,,Lạc Bình,,conversational,conversational_neutral_medium_004,current+none+prefix+neutral,current,none,neutral,osm,28|street|conversational|neutral_medium
53cd5a2f1dae735c,hỏi đường tới Xóm Sông hai ở tỉnh Đắk Lắk,street,street,Xóm Sông hai ở tỉnh Đắk Lắk,osm_street_way_355717280,Đắk Lắk,,,,Xóm Sông 2,,conversational,conversational_neutral_short_002,current+cardinal+no_prefix+neutral,current,cardinal,neutral,osm,28|street|conversational|neutral_short
748ef7c8b2cf684b,qua hẻm bốn không Nguyễn Tất Thành cái nhé,street,street,hẻm bốn không Nguyễn Tất Thành,osm_street_way_1510432942,Đắk Lắk,,,,Hẻm 40 Nguyễn Tất Thành,,nav_command,nav_command_casual_short_003,current+digit_by_digit+prefix+casual,current,digit_by_digit,casual,osm,28|street|nav_command|casual_short
4dd70665ccb65ac4,chỉ đường đi tới đường tỉnh sáu trăm chín mươi tám với,street,highway,đường tỉnh sáu trăm chín mươi tám,osm_street_way_161022238,Đắk Lắk,,,,Đường tỉnh 698,,nav_command,nav_command_neutral_medium_004,current+cardinal+prefix+neutral,current,cardinal,neutral,osm,28|street|nav_command|neutral_medium
febcb9b522e44862,chỉ đường tới nờ hai với,street,street,nờ hai,osm_street_way_242302865,Đắk Lắk,,,,Đường N2,,nav_command,nav_command_neutral_short_002,current+cardinal+no_prefix+neutral,current,cardinal,neutral,osm,28|street|nav_command|neutral_short
fd098c2e7b1f007e,từ chỗ này đến đường Y Nuê ở tỉnh Đắk Lắk đi hướng nào,street,street,đường Y Nuê ở tỉnh Đắk Lắk,osm_street_way_1001999086,Đắk Lắk,,,,Đường Y Nuê,,route_question,route_question_neutral_medium_009,current+none+prefix+neutral,current,none,neutral,osm,28|street|route_question|neutral_medium
c661acb5588db1ad,đến phố Gò Cây Vông một lối nào vậy,street,street,phố Gò Cây Vông một,osm_street_way_1539403555,Đắk Lắk,,,,Gò Cây Vông 1,,route_question,route_question_neutral_short_008,current+cardinal+prefix+neutral,current,cardinal,neutral,osm,28|street|route_question|neutral_short
35cbbd12579d1c28,kiếm Cầu Quán Cau đi mà,street,highway,Cầu Quán Cau,osm_street_way_711567244,Đắk Lắk,,,,Cầu Quán Cau,,search,search_casual_short_002,current+none+no_prefix+casual,current,none,casual,osm,28|street|search|casual_short
50fc92c84a14bc00,cho tôi hỏi tra giúp tôi vị trí Ngô Sỹ Liên,street,street,Ngô Sỹ Liên,osm_street_way_536693038,Đắk Lắk,,,,Ngô Sỹ Liên,,search,search_neutral_medium_003,current+none+no_prefix+neutral,current,none,neutral,osm,28|street|search|neutral_medium
81697b0e0016c81f,kiếm giúp đường Lê Quý Đôn ở tỉnh Đắk Lắk,street,street,đường Lê Quý Đôn ở tỉnh Đắk Lắk,osm_street_way_155291857,Đắk Lắk,,,,Đường Lê Quý Đôn,,search,search_neutral_short_003,current+none+prefix+neutral,current,none,neutral,osm,28|street|search|neutral_short
61cbd84603dd075d,đưa tôi tới đường Nguyễn Cư Trinh ở tỉnh Đắk Lắk nhé,street,street,đường Nguyễn Cư Trinh ở tỉnh Đắk Lắk,osm_street_way_1188562471,Đắk Lắk,,,,Nguyễn Cư Trinh,,short_command,short_command_neutral_medium_002,current+none+prefix+neutral,current,none,neutral,osm,28|street|short_command|neutral_medium
f8d8a261a67fc0d3,vào Số sáu a ở tỉnh Phú Yên cũ giúp tôi,street,street,Số sáu a ở tỉnh Phú Yên cũ,osm_street_way_161021609,Đắk Lắk,Phú Yên,,,Số 6A,,short_command,short_command_neutral_short_008,legacy+cardinal+no_prefix+neutral,legacy,cardinal,neutral,osm,28|street|short_command|neutral_short
a53597c841deecb3,cho tôi xin đường đi một tám nờ một Horizon Ave ở tỉnh Đồng Nai,address,house_address,một tám nờ một Horizon Ave ở tỉnh Đồng Nai,osm_street_way_1416496904,Đồng Nai,,,,Đường N1 Horizon Ave,18 Đường N1 Horizon Ave,conversational,conversational_neutral_medium_008,current+digit_by_digit+no_prefix+neutral,current,digit_by_digit,neutral,osm,29|address|conversational|neutral_medium
40f7372931ff5c66,cho hỏi đường số hai trăm tám mươi ba hẻm một nghìn bảy trăm bốn mươi hai Nguyễn Duy Trinh ở tỉnh Đồng Nai với,address,house_address,số hai trăm tám mươi ba hẻm một nghìn bảy trăm bốn mươi hai Nguyễn Duy Trinh ở tỉnh Đồng Nai,osm_street_way_604123312,Đồng Nai,,,,Hẻm 1742 Nguyễn Duy Trinh,283 Hẻm 1742 Nguyễn Duy Trinh,conversational,conversational_neutral_short_007,current+cardinal+prefix+neutral,current,cardinal,neutral,osm,29|address|conversational|neutral_short
159486dc860f0ed8,chạy đến số một trăm bảy mươi lăm xuyệt mười sáu hẻm bảy ở tỉnh Đồng Nai đi mà,address,house_address,số một trăm bảy mươi lăm xuyệt mười sáu hẻm bảy ở tỉnh Đồng Nai,osm_street_way_525125980,Đồng Nai,,,,Hẻm 7,175/16 Hẻm 7,nav_command,nav_command_casual_short_009,current+cardinal+prefix+casual,current,cardinal,casual,osm,29|address|nav_command|casual_short
8434952d3f3e0e71,chỉ tuyến đường đến một trăm bốn mươi sáu hẻm một trăm lẻ bốn đường năm trăm mười tám Xa lộ Hà Nội ở tỉnh Đồng Nai nhé,address,house_address,một trăm bốn mươi sáu hẻm một trăm lẻ bốn đường năm trăm mười tám Xa lộ Hà Nội ở tỉnh Đồng Nai,osm_street_way_292515330,Đồng Nai,,,,Hẻm 104 Đường 518 Xa lộ Hà Nội,146 Hẻm 104 Đường 518 Xa lộ Hà Nội,nav_command,nav_command_neutral_medium_007,current+cardinal+prefix+neutral,current,cardinal,neutral,osm,29|address|nav_command|neutral_medium
c62fea757f458c25,tìm đường đến chín tám xuyệt bảy hai vê kép đường nờ i bốn ở tỉnh Bình Phước với,address,house_address,chín tám xuyệt bảy hai vê kép đường nờ i bốn ở tỉnh Bình Phước,osm_street_way_534081419,Đồng Nai,Bình Phước,,,Đường NI4,98/72W Đường NI4,nav_command,nav_command_neutral_short_004,legacy+digit_by_digit+prefix+neutral,legacy,digit_by_digit,neutral,osm,29|address|nav_command|neutral_short
11fe5cb8a81c0e34,đi số hai trăm mười bốn Số hai trăm mười ở tỉnh Đồng Nai đường nào nhanh nhất,address,house_address,số hai trăm mười bốn Số hai trăm mười ở tỉnh Đồng Nai,osm_street_way_607249909,Đồng Nai,,,,Đường Số 210,214 Đường Số 210,route_question,route_question_neutral_medium_005,current+cardinal+no_prefix+neutral,current,cardinal,neutral,osm,29|address|route_question|neutral_medium
f6ec822963ee1246,đường nào tới số sáu mươi tám xuyệt sáu mươi lăm pê Nguyễn Xiển ở tỉnh Đồng Nai,address,house_address,số sáu mươi tám xuyệt sáu mươi lăm pê Nguyễn Xiển ở tỉnh Đồng Nai,osm_street_way_32587057,Đồng Nai,,,,Nguyễn Xiển,68/65P Nguyễn Xiển,route_question,route_question_neutral_short_010,current+cardinal+no_prefix+neutral,current,cardinal,neutral,osm,29|address|route_question|neutral_short
3849eb224beac213,mò tìm số hai trăm tám mươi ba xuyệt mười bốn hẻm một trăm sáu mươi bảy đường Số tám ở tỉnh Đồng Nai,address,house_address,số hai trăm tám mươi ba xuyệt mười bốn hẻm một trăm sáu mươi bảy đường Số tám ở tỉnh Đồng Nai,osm_street_way_32585038,Đồng Nai,,,,Hẻm 167 Đường Số 8,283/14 Hẻm 167 Đường Số 8,search,search_casual_short_010,current+cardinal+prefix+casual,current,cardinal,casual,osm,29|address|search|casual_short
0a7fdc96ecbc9597,cho tôi hỏi dò giúp tôi vị trí số hai trăm tám mươi sáu hẻm hai trăm năm mươi lăm Võ Văn Hát ở tỉnh Đồng Nai nhé,address,house_address,số hai trăm tám mươi sáu hẻm hai trăm năm mươi lăm Võ Văn Hát ở tỉnh Đồng Nai,osm_street_way_604164118,Đồng Nai,,,,Hẻm 255 Võ Văn Hát,286 Hẻm 255 Võ Văn Hát,search,search_neutral_medium_007,current+cardinal+prefix+neutral,current,cardinal,neutral,osm,29|address|search|neutral_medium
c161d49b7d2616ae,tìm thử số hai trăm mười sáu xuyệt bốn mươi chín đường Số một trăm ở tỉnh Đồng Nai được không,address,house_address,số hai trăm mười sáu xuyệt bốn mươi chín đường Số một trăm ở tỉnh Đồng Nai,osm_street_way_32578268,Đồng Nai,,,,Đường Số 100,216/49 Đường Số 100,search,search_neutral_short_008,current+cardinal+prefix+neutral,current,cardinal,neutral,osm,29|address|search|neutral_short
404995475c726b0b,cho mình hỏi vị trí này gần xã Đại Phước không,admin_unit,ward,xã Đại Phước,osm_ward_13470837,Đồng Nai,,,Đại Phước,,,contextual,contextual_neutral_medium_010,current+none+prefix+neutral,current,none,neutral,manual,29|admin_unit|contextual|neutral_medium
b91b8743e053f691,có gần phường Biên Hòa không,admin_unit,ward,phường Biên Hòa,osm_ward_8392664,Đồng Nai,,,Biên Hòa,,,contextual,contextual_neutral_short_005,current+none+prefix+neutral,current,none,neutral,manual,29|admin_unit|contextual|neutral_short
b2fd0c55fe6493d6,hỏi đường xã Cẩm Mỹ ở tỉnh Đồng Nai với,admin_unit,ward,xã Cẩm Mỹ ở tỉnh Đồng Nai,osm_ward_8401810,Đồng Nai,,,Cẩm Mỹ,,,conversational,conversational_casual_short_001,current+none+prefix+casual,current,none,casual,manual,29|admin_unit|conversational|casual_short
dc34687c84bae8e0,giúp tôi tìm đường đến phường An Lộc được không,admin_unit,ward,phường An Lộc,osm_ward_15461459,Đồng Nai,,,An Lộc,,,conversational,conversational_neutral_medium_009,current+none+prefix+neutral,current,none,neutral,manual,29|admin_unit|conversational|neutral_medium
7644e842fa5514c0,cho hỏi đường đến Đa Kia,admin_unit,ward,Đa Kia,osm_ward_15855157,Đồng Nai,,,Đa Kia,,,conversational,conversational_neutral_short_001,current+none+no_prefix+neutral,current,none,neutral,manual,29|admin_unit|conversational|neutral_short
ee60ed9bfd85b130,"à ờ dẫn đường tới Xuân Hòa giúp mình, đi đường tắt cũng được giúp mình",admin_unit,ward,Xuân Hòa,osm_ward_14632280,Đồng Nai,,,Xuân Hòa,,,nav_command,nav_command_casual_long_006,current+none+no_prefix+casual,current,none,casual,manual,29|admin_unit|nav_command|casual_long
6566cd9fcaa3add6,dẫn tới Chơn Thành giúp mình,admin_unit,ward,Chơn Thành,osm_ward_15477728,Đồng Nai,,,Chơn Thành,,,nav_command,nav_command_casual_short_005,current+none+no_prefix+casual,current,none,casual,manual,29|admin_unit|nav_command|casual_short
ef54e4cec82daa8b,vui lòng chỉ đường tới Trị An,admin_unit,ward,Trị An,osm_ward_13254047,Đồng Nai,,,Trị An,,,nav_command,nav_command_formal_medium_002,current+none+no_prefix+formal,current,none,formal,manual,29|admin_unit|nav_command|formal_medium
c126e71f6c43ac07,chỉ đường đi tới Bảo Vinh,admin_unit,ward,Bảo Vinh,osm_ward_8398481,Đồng Nai,,,Bảo Vinh,,,nav_command,nav_command_neutral_medium_004,current+none+no_prefix+neutral,current,none,neutral,manual,29|admin_unit|nav_command|neutral_medium
5cbbc980082f35f4,cho đường đến Tam Phước được không,admin_unit,ward,Tam Phước,osm_ward_8393475,Đồng Nai,,,Tam Phước,,,nav_command,nav_command_neutral_short_005,current+none+no_prefix+neutral,current,none,neutral,manual,29|admin_unit|nav_command|neutral_short
7e5fef4d08ffb581,đường nào tới Đồng Tâm cái nhé,admin_unit,ward,Đồng Tâm,osm_ward_16204940,Đồng Nai,,,Đồng Tâm,,,route_question,route_question_casual_short_002,current+none+no_prefix+casual,current,none,casual,manual,29|admin_unit|route_question|casual_short
19b996476ef29e1a,từ đây đến xã Sông Ray đi thế nào,admin_unit,ward,xã Sông Ray,osm_ward_8401868,Đồng Nai,,,Sông Ray,,,route_question,route_question_neutral_medium_001,current+none+prefix+neutral,current,none,neutral,manual,29|admin_unit|route_question|neutral_medium
277a224306a96eb5,tới xã Tân Quan đi lối nào nhỉ,admin_unit,ward,xã Tân Quan,osm_ward_16003666,Đồng Nai,,,Tân Quan,,,route_question,route_question_neutral_short_002,current+none+prefix+neutral,current,none,neutral,manual,29|admin_unit|route_question|neutral_short
4fd260948a7b966d,"ê tìm giùm mình Lộc Hưng với, mình đang cần gấp đi",admin_unit,ward,Lộc Hưng,osm_ward_15963938,Đồng Nai,,,Lộc Hưng,,,search,search_casual_long_008,current+none+no_prefix+casual,current,none,casual,manual,29|admin_unit|search|casual_long
8f679b9391243e8b,kiếm giùm xã Xuân Đông ở tỉnh Đồng Nai được không,admin_unit,ward,xã Xuân Đông ở tỉnh Đồng Nai,osm_ward_8405611,Đồng Nai,,,Xuân Đông,,,search,search_casual_short_007,current+none+prefix+casual,current,none,casual,manual,29|admin_unit|search|casual_short
350552f36d2f5015,làm ơn cho hỏi xin tìm giúp thông tin về xã Thanh Sơn giúp tôi với ạ,admin_unit,ward,xã Thanh Sơn,osm_ward_14475155,Đồng Nai,,,Thanh Sơn,,,search,search_formal_medium_009,current+none+prefix+formal,current,none,formal,manual,29|admin_unit|search|formal_medium
833a25ef4f586e22,cho mình hỏi tìm giúp tôi thông tin về Nam Cát Tiên,admin_unit,ward,Nam Cát Tiên,osm_ward_14484097,Đồng Nai,,,Nam Cát Tiên,,,search,search_neutral_medium_009,current+none+no_prefix+neutral,current,none,neutral,manual,29|admin_unit|search|neutral_medium
0f6828d1d316f255,tra giúp Sông Ray nhé,admin_unit,ward,Sông Ray,osm_ward_8401868,Đồng Nai,,,Sông Ray,,,search,search_neutral_short_004,current+none+no_prefix+neutral,current,none,neutral,manual,29|admin_unit|search|neutral_short
13d1025dee304e0d,lượn qua xã Tân Hưng với,admin_unit,ward,xã Tân Hưng,osm_ward_16003664,Đồng Nai,,,Tân Hưng,,,short_command,short_command_casual_short_009,current+none+prefix+casual,current,none,casual,manual,29|admin_unit|short_command|casual_short
b5eba24d89200603,này rẽ vào Hưng Phước,admin_unit,ward,Hưng Phước,osm_ward_15870135,Đồng Nai,,,Hưng Phước,,,short_command,short_command_neutral_medium_004,current+none+no_prefix+neutral,current,none,neutral,manual,29|admin_unit|short_command|neutral_medium
1bae5d56c8cd8fd6,về xã Phú Lý,admin_unit,ward,xã Phú Lý,osm_ward_13264114,Đồng Nai,,,Phú Lý,,,short_command,short_command_neutral_short_007,current+none+prefix+neutral,current,none,neutral,manual,29|admin_unit|short_command|neutral_short
2f9c54d98f5e4a5b,gần đây có BIDV hông,commercial,bank,BIDV,osm_poi_way_1036804301,Đồng Nai,,,,,,contextual,contextual_casual_short_003,current+none+no_prefix+casual,current,none,casual,osm,29|commercial|contextual|casual_short
e5aa15a398b8eaec,cho hỏi chỗ này có gần Cô Nga ở tỉnh Đồng Nai không,commercial,restaurant,Cô Nga ở tỉnh Đồng Nai,osm_poi_way_1411860969,Đồng Nai,,,,,,contextual,contextual_neutral_medium_001,current+none+no_prefix+neutral,current,none,neutral,osm,29|commercial|contextual|neutral_medium
70dacfdfc562d839,gần đây có Long Bình không,commercial,gas_station,Long Bình,osm_poi_way_722337535,Đồng Nai,,,,,,contextual,contextual_neutral_short_002,current+none+no_prefix+neutral,current,none,neutral,osm,29|commercial|contextual|neutral_short
fa7cdf1ed09d140f,"ờ cho hỏi xíu, đường đi Agribank Tuy Đức ở tỉnh Bình Phước có xa không",commercial,bank,Agribank Tuy Đức ở tỉnh Bình Phước,osm_poi_way_1283228704,Đồng Nai,Bình Phước,,,,,conversational,conversational_casual_long_005,legacy+none+no_prefix+casual,legacy,none,casual,osm,29|commercial|conversational|casual_long
7ff23fdc6d76b299,chỉ đường Cơm Tấm Kiến Quốc cái nhé,commercial,restaurant,Cơm Tấm Kiến Quốc,osm_poi_node_12622861662,Đồng Nai,,,,,,conversational,conversational_casual_short_003,current+none+no_prefix+casual,current,none,casual,osm,29|commercial|conversational|casual_short
d33f97b78f2bebe6,tôi đang tìm đường đến Quán Cơm Gà Ta ở tỉnh Bình Phước cũ,commercial,restaurant,Quán Cơm Gà Ta ở tỉnh Bình Phước cũ,osm_poi_node_3020012287,Đồng Nai,Bình Phước,,,,,conversational,conversational_formal_medium_006,legacy+none+no_prefix+formal,legacy,none,formal,osm,29|commercial|conversational|formal_medium
4bae3d2f60952aeb,có ai biết đường đến Hương Quê ở tỉnh Đồng Nai không,commercial,restaurant,Hương Quê ở tỉnh Đồng Nai,osm_poi_node_5176265921,Đồng Nai,,,,,,conversational,conversational_neutral_medium_004,current+none+no_prefix+neutral,current,none,neutral,osm,29|commercial|conversational|neutral_medium
3315daf05a72eb5b,hỏi lối tới Trạm xăng dầu Phú Lộc An ở tỉnh Đồng Nai,commercial,gas_station,Trạm xăng dầu Phú Lộc An ở tỉnh Đồng Nai,osm_poi_way_979204172,Đồng Nai,,,,,,conversational,conversational_neutral_short_006,current+none+no_prefix+neutral,current,none,neutral,osm,29|commercial|conversational|neutral_short
0e975197af44ed31,"chỉ mình lối đến Vietcombank ở tỉnh Đồng Nai đi, mình đang bị lạc nè",commercial,bank,Vietcombank ở tỉnh Đồng Nai,osm_poi_way_589307027,Đồng Nai,,,,,,nav_command,nav_command_casual_long_007,current+none+no_prefix+casual,current,none,casual,osm,29|commercial|nav_command|casual_long
b39e6629b45d771d,lái đến Thaison nha,commercial,gas_station,Thaison,osm_poi_node_6744122494,Đồng Nai,,,,,,nav_command,nav_command_casual_short_006,current+none+no_prefix+casual,current,none,casual,osm,29|commercial|nav_command|casual_short
01c4ac0ec2c79285,mong chỉ giúp tuyến đường đến Trạm xăng dầu chín chín chín,commercial,gas_station,Trạm xăng dầu chín chín chín,osm_poi_way_1022435895,Đồng Nai,,,,,,nav_command,nav_command_formal_medium_009,current+digit_by_digit+no_prefix+formal,current,digit_by_digit,formal,osm,29|commercial|nav_command|formal_medium
94066a972944e9cd,này chỉ tuyến đường đến Trung tâm Hội nghị - Tiệc cưới Vita Palace được không,commercial,restaurant,Trung tâm Hội nghị - Tiệc cưới Vita Palace,osm_poi_way_1527720734,Đồng Nai,,,,,,nav_command,nav_command_neutral_medium_007,current+none+no_prefix+neutral,current,none,neutral,osm,29|commercial|nav_command|neutral_medium
1df9abc77e264cf4,tìm đường đến GO! Dĩ An với,commercial,supermarket,GO! Dĩ An,osm_poi_way_291139322,Đồng Nai,,,,,,nav_command,nav_command_neutral_short_004,current+none+no_prefix+neutral,current,none,neutral,osm,29|commercial|nav_command|neutral_short
434c9265e7d6a006,từ đây qua Tân Hạnh Hotel đi lối nào cho lẹ vậy,commercial,hotel,Tân Hạnh Hotel,osm_poi_node_12363795901,Đồng Nai,,,,,,route_question,route_question_casual_long_009,current+none+no_prefix+casual,current,none,casual,osm,29|commercial|route_question|casual_long
96cbd0f113d1606b,Hotel Thai Duong đi sao,commercial,hotel,Hotel Thai Duong,osm_poi_way_407436383,Đồng Nai,,,,,,route_question,route_question_casual_short_001,current+none+no_prefix+casual,current,none,casual,osm,29|commercial|route_question|casual_short
879e2055b7871889,làm ơn cho hỏi xin hỏi muốn tới Petrolimex ở tỉnh Đồng Nai thì đi đường nào ạ,commercial,gas_station,Petrolimex ở tỉnh Đồng Nai,osm_poi_node_4094848712,Đồng Nai,,,,,,route_question,route_question_formal_medium_004,current+none+no_prefix+formal,current,none,formal,osm,29|commercial|route_question|formal_medium
fc01bd0700842578,cho hỏi từ đây đến Nhà hàng Tây Bắc đi thế nào vậy,commercial,restaurant,Nhà hàng Tây Bắc,osm_poi_node_13238909501,Đồng Nai,,,,,,route_question,route_question_neutral_medium_001,current+none+no_prefix+neutral,current,none,neutral,osm,29|commercial|route_question|neutral_medium
276cdc98f73b0dca,STS ở tỉnh Bình Phước cũ đi kiểu gì nhỉ,commercial,gas_station,STS ở tỉnh Bình Phước cũ,osm_poi_node_4398716394,Đồng Nai,Bình Phước,,,,,route_question,route_question_neutral_short_009,legacy+none+no_prefix+neutral,legacy,none,neutral,osm,29|commercial|route_question|neutral_short
4b07656ade49de97,"kiếm giùm mình Tân Hạnh Hotel ở tỉnh Đồng Nai cái, không cần xa lắm đâu",commercial,hotel,Tân Hạnh Hotel ở tỉnh Đồng Nai,osm_poi_node_12363795901,Đồng Nai,,,,,,search,search_casual_long_004,current+none+no_prefix+casual,current,none,casual,osm,29|commercial|search|casual_long
d7da5187e048343b,dò Bánh bao sáu mươi chín THANH LONG ở tỉnh Đồng Nai,commercial,restaurant,Bánh bao sáu mươi chín THANH LONG ở tỉnh Đồng Nai,osm_poi_node_6434915294,Đồng Nai,,,,,,search,search_casual_short_004,current+mixed+no_prefix+casual,current,mixed,casual,osm,29|commercial|search|casual_short
b0be9ea087943d15,làm ơn cho hỏi mong được tìm giúp bánh xèo Hoàng Dung ở tỉnh Đồng Nai giúp tôi với ạ,commercial,restaurant,bánh xèo Hoàng Dung ở tỉnh Đồng Nai,osm_poi_node_5853872788,Đồng Nai,,,,,,search,search_formal_medium_008,current+none+no_prefix+formal,current,none,formal,osm,29|commercial|search|formal_medium
62409093174d855f,kiếm hộ tôi QA-Đường Mới- Nguyễn Tất Thành-TT Lộc Ninh-Bình Phước ở tỉnh Đồng Nai,commercial,restaurant,QA-Đường Mới- Nguyễn Tất Thành-TT Lộc Ninh-Bình Phước ở tỉnh Đồng Nai,osm_poi_node_7265386385,Đồng Nai,,,,,,search,search_neutral_medium_005,current+none+no_prefix+neutral,current,none,neutral,osm,29|commercial|search|neutral_medium
eebb6226559e2c4b,tìm chỗ Trạm xăng dầu Như Ý Ngọc ở tỉnh Đồng Nai được không,commercial,gas_station,Trạm xăng dầu Như Ý Ngọc ở tỉnh Đồng Nai,osm_poi_way_1020789487,Đồng Nai,,,,,,search,search_neutral_short_005,current+none+no_prefix+neutral,current,none,neutral,osm,29|commercial|search|neutral_short
bd46801b4586ce02,"thôi cứ Bún Mắm cô Năm đồng tháp đi, ghé đại vô đó",commercial,restaurant,Bún Mắm cô Năm đồng tháp,osm_poi_node_4943589625,Đồng Nai,,,,,,short_command,short_command_casual_long_010,current+none+no_prefix+casual,current,none,casual,osm,29|commercial|short_command|casual_long
f565fa3d5557f3d3,qua Hu tieu Bing Phuoc ở tỉnh Đồng Nai cái,commercial,restaurant,Hu tieu Bing Phuoc ở tỉnh Đồng Nai,osm_poi_node_4349128494,Đồng Nai,,,,,,short_command,short_command_casual_short_002,current+none+no_prefix+casual,current,none,casual,osm,29|commercial|short_command|casual_short
cbb2ddc5206cfde8,xin đi thẳng đến Agribank,commercial,bank,Agribank,osm_poi_way_1038783672,Đồng Nai,,,,,,short_command,short_command_formal_medium_008,current+none+no_prefix+formal,current,none,formal,osm,29|commercial|short_command|formal_medium
ea16fba2a049eca3,chạy thẳng đến Hủ tiếu Mỹ Tho được không,commercial,restaurant,Hủ tiếu Mỹ Tho,osm_poi_node_11811000459,Đồng Nai,,,,,,short_command,short_command_neutral_medium_003,current+none+no_prefix+neutral,current,none,neutral,osm,29|commercial|short_command|neutral_medium
061abaa02df8e499,ghé ITTOU RAMEN - SORA Gardens Links,commercial,restaurant,ITTOU RAMEN - SORA Gardens Links,osm_poi_node_13720026305,Đồng Nai,,,,,,short_command,short_command_neutral_short_006,current+none+no_prefix+neutral,current,none,neutral,osm,29|commercial|short_command|neutral_short
6be4972903dba64c,cho hỏi tìm giúp đường đến Hồ cảnh quan Ma Đa Guôi ở tỉnh Đồng Nai,landmark,lake,Hồ cảnh quan Ma Đa Guôi ở tỉnh Đồng Nai,osm_poi_way_245918353,Đồng Nai,,,,,,nav_command,nav_command_neutral_medium_003,current+none+no_prefix+neutral,current,none,neutral,osm,29|landmark|nav_command|neutral_medium
da1aa5dbb1b32726,cho đường đến Tượng đài Chiến thắng Tầm Bó giúp tôi,landmark,monument,Tượng đài Chiến thắng Tầm Bó,osm_poi_node_3303979417,Đồng Nai,,,,,,nav_command,nav_command_neutral_short_005,current+none+no_prefix+neutral,current,none,neutral,osm,29|landmark|nav_command|neutral_short
b8afa5a89630e802,này kiếm hộ tôi Hồ Long Vân ở tỉnh Bình Phước giúp tôi,landmark,lake,Hồ Long Vân ở tỉnh Bình Phước,osm_poi_way_1040143854,Đồng Nai,Bình Phước,,,,,search,search_neutral_medium_005,legacy+none+no_prefix+neutral,legacy,none,neutral,osm,29|landmark|search|neutral_medium
73a9dbea58d879a4,tìm chỗ Chợ Tân Tiến ở tỉnh Đồng Nai,landmark,market,Chợ Tân Tiến ở tỉnh Đồng Nai,osm_poi_way_657897347,Đồng Nai,,,,,,search,search_neutral_short_005,current+none+no_prefix+neutral,current,none,neutral,osm,29|landmark|search|neutral_short
2c935f40d4f1c9ea,dẫn tới Đình Hòa Quới,poi_other,worship_place,Đình Hòa Quới,osm_poi_way_907749124,Đồng Nai,,,,,,nav_command,nav_command_casual_short_005,current+none+no_prefix+casual,current,none,casual,osm,29|poi_other|nav_command|casual_short
007af5cd8282e2ad,à tìm giúp đường đến Chùa Thanh Long với,poi_other,worship_place,Chùa Thanh Long,osm_poi_node_9593240661,Đồng Nai,,,,,,nav_command,nav_command_neutral_medium_003,current+none+no_prefix+neutral,current,none,neutral,osm,29|poi_other|nav_command|neutral_medium
92b83c5130739bcb,chỉ lối đến Nhà Thờ Giáo Xứ Xuân Kitô ở tỉnh Đồng Nai,poi_other,worship_place,Nhà Thờ Giáo Xứ Xuân Kitô ở tỉnh Đồng Nai,osm_poi_node_12452511544,Đồng Nai,,,,,,nav_command,nav_command_neutral_short_006,current+none+no_prefix+neutral,current,none,neutral,osm,29|poi_other|nav_command|neutral_short
7031543972bb01b6,kiếm hộ tôi Công ty Mạ kẽm Nhúng nóng Biên Hoà,poi_other,industrial_zone,Công ty Mạ kẽm Nhúng nóng Biên Hoà,osm_poi_way_1017147839,Đồng Nai,,,,,,search,search_neutral_medium_005,current+none+no_prefix+neutral,current,none,neutral,osm,29|poi_other|search|neutral_medium
c816926dfd0b808a,kiếm thử Nhà thờ Thanh Sơn ở tỉnh Đồng Nai,poi_other,worship_place,Nhà thờ Thanh Sơn ở tỉnh Đồng Nai,osm_poi_way_499859794,Đồng Nai,,,,,,search,search_neutral_short_009,current+none+no_prefix+neutral,current,none,neutral,osm,29|poi_other|search|neutral_short
a9c46156d9f9ff18,biết lối Trường Trung học phổ thông Nguyễn Bỉnh Khiêm không,public_facility,school,Trường Trung học phổ thông Nguyễn Bỉnh Khiêm,osm_poi_node_9602757992,Đồng Nai,,,,,,conversational,conversational_casual_short_010,current+none+no_prefix+casual,current,none,casual,osm,29|public_facility|conversational|casual_short
7fd2088a539cdfab,tôi đang hỏi đường tới Thành ủy Đồng Nai,public_facility,government_office,Thành ủy Đồng Nai,osm_poi_way_225204204,Đồng Nai,,,,,,conversational,conversational_neutral_medium_010,current+none+no_prefix+neutral,current,none,neutral,osm,29|public_facility|conversational|neutral_medium
162db4396732bf42,hỏi đường về Phòng khám Đắc Tín ở tỉnh Đồng Nai,public_facility,hospital,Phòng khám Đắc Tín ở tỉnh Đồng Nai,osm_poi_node_12597709447,Đồng Nai,,,,,,conversational,conversational_neutral_short_008,current+none+no_prefix+neutral,current,none,neutral,osm,29|public_facility|conversational|neutral_short
acfa173dcf13f1f3,"dẫn mình đường tới Trường Tiểu học Phước Vĩnh B với, đi từ từ thôi cũng được",public_facility,school,Trường Tiểu học Phước Vĩnh B,osm_poi_way_657897274,Đồng Nai,,,,,,nav_command,nav_command_casual_long_010,current+none+no_prefix+casual,current,none,casual,osm,29|public_facility|nav_command|casual_long
1e71e87b37d5ec5c,tới Trường Trung học cơ sở Phan Bội Châu,public_facility,school,Trường Trung học cơ sở Phan Bội Châu,osm_poi_way_566708575,Đồng Nai,,,,,,nav_command,nav_command_casual_short_002,current+none+no_prefix+casual,current,none,casual,osm,29|public_facility|nav_command|casual_short
a46ba2f402c5b109,xin chỉ lối đi đến Phòng Tài chính Kế hoạch huyện Vĩnh Cửu,public_facility,government_office,Phòng Tài chính Kế hoạch huyện Vĩnh Cửu,osm_poi_way_979806160,Đồng Nai,,,,,,nav_command,nav_command_formal_medium_008,current+none+no_prefix+formal,current,none,formal,osm,29|public_facility|nav_command|formal_medium
97b362a50b2f41f1,cho tôi đường đi đến Trung tâm Giáo dục nghề nghiệp-Giáo dục thường xuyên thành phố Thủ Đức (cơ sở hai,public_facility,school,Trung tâm Giáo dục nghề nghiệp-Giáo dục thường xuyên thành phố Thủ Đức (cơ sở hai,osm_poi_way_1190725793,Đồng Nai,,,,,,nav_command,nav_command_neutral_medium_002,current+cardinal+no_prefix+neutral,current,cardinal,neutral,osm,29|public_facility|nav_command|neutral_medium
c0aebdc3d2d4801a,mở đường đến Trường Tiểu học Nguyễn An Ninh,public_facility,school,Trường Tiểu học Nguyễn An Ninh,osm_poi_way_582479972,Đồng Nai,,,,,,nav_command,nav_command_neutral_short_007,current+none+no_prefix+neutral,current,none,neutral,osm,29|public_facility|nav_command|neutral_short
6c9fa63f03783769,đường nào tới Trường Tiểu học Phan Chu Trinh nha,public_facility,school,Trường Tiểu học Phan Chu Trinh,osm_poi_way_659079911,Đồng Nai,,,,,,route_question,route_question_casual_short_002,current+none+no_prefix+casual,current,none,casual,osm,29|public_facility|route_question|casual_short
a7623cbcb90c84ae,cho hỏi từ chỗ này đến Trường Tiểu học Trần Đại Nghĩa đi hướng nào nhỉ,public_facility,school,Trường Tiểu học Trần Đại Nghĩa,osm_poi_way_749175705,Đồng Nai,,,,,,route_question,route_question_neutral_medium_009,current+none+no_prefix+neutral,current,none,neutral,osm,29|public_facility|route_question|neutral_medium
5490260f4e403237,Trường Trung học cơ sở Nguyễn Trường Tộ đi kiểu gì vậy,public_facility,school,Trường Trung học cơ sở Nguyễn Trường Tộ,osm_poi_way_570283349,Đồng Nai,,,,,,route_question,route_question_neutral_short_009,current+none+no_prefix+neutral,current,none,neutral,osm,29|public_facility|route_question|neutral_short
0f2f25dd0cbb67f4,tìm giùm Trường Tiểu học Tân Phước Khánh A ở tỉnh Đồng Nai,public_facility,school,Trường Tiểu học Tân Phước Khánh A ở tỉnh Đồng Nai,osm_poi_way_627779294,Đồng Nai,,,,,,search,search_casual_short_008,current+none+no_prefix+casual,current,none,casual,osm,29|public_facility|search|casual_short
a4a67e0a89a72e7d,kiếm giúp tôi chỗ UBND phường Tân Phong với,public_facility,government_office,UBND phường Tân Phong,osm_poi_way_972503621,Đồng Nai,,,,,,search,search_neutral_medium_010,current+none+no_prefix+neutral,current,none,neutral,osm,29|public_facility|search|neutral_medium
cdc817b5de1ac39e,dò giúp Trường Trung học cơ sở Tân Thành nhé,public_facility,school,Trường Trung học cơ sở Tân Thành,osm_poi_way_835941255,Đồng Nai,,,,,,search,search_neutral_short_010,current+none+no_prefix+neutral,current,none,neutral,osm,29|public_facility|search|neutral_short
f8b019c2fb2610be,chạy thẳng đến UBND phường Phước Tân nhé,public_facility,government_office,UBND phường Phước Tân,osm_poi_way_997509880,Đồng Nai,,,,,,short_command,short_command_neutral_medium_003,current+none+no_prefix+neutral,current,none,neutral,osm,29|public_facility|short_command|neutral_medium
eddeec998e907956,tới Trường Tiểu học Võ Nguyên Giáp ở tỉnh Đồng Nai,public_facility,school,Trường Tiểu học Võ Nguyên Giáp ở tỉnh Đồng Nai,osm_poi_way_570670496,Đồng Nai,,,,,,short_command,short_command_neutral_short_003,current+none+no_prefix+neutral,current,none,neutral,osm,29|public_facility|short_command|neutral_short
0a44dff98737d303,"này đoạn này gần số bốn trăm ở tỉnh Đồng Nai không vậy ta, xa không",street,street,số bốn trăm ở tỉnh Đồng Nai,osm_street_way_32576294,Đồng Nai,,,,Đường số 400,,contextual,contextual_casual_long_007,current+cardinal+no_prefix+casual,current,cardinal,casual,osm,29|street|contextual|casual_long
87ca316a43939d49,gần hai hai năm bê ở tỉnh Đồng Nai lắm không,street,street,hai hai năm bê ở tỉnh Đồng Nai,osm_street_way_291672227,Đồng Nai,,,,Đường 225B,,contextual,contextual_casual_short_009,current+mixed+no_prefix+casual,current,mixed,casual,osm,29|street|contextual|casual_short
7558502c7d04c3a9,xin hỏi quanh đây có gần hẻm hai - bốn đường Bùi Trọng Nghĩa ở tỉnh Đồng Nai không,street,street,hẻm hai - bốn đường Bùi Trọng Nghĩa ở tỉnh Đồng Nai,osm_street_way_899758977,Đồng Nai,,,,Hẻm 2 - 4 Đường Bùi Trọng Nghĩa,,contextual,contextual_formal_medium_004,current+digit_by_digit+prefix+formal,current,digit_by_digit,formal,osm,29|street|contextual|formal_medium
44be394d435fedce,cho hỏi chỗ đó gần đường Đào Sư Tích ở tỉnh Đồng Nai không,street,street,đường Đào Sư Tích ở tỉnh Đồng Nai,osm_street_way_290631793,Đồng Nai,,,,Đường Đào Sư Tích,,contextual,contextual_neutral_medium_004,current+none+prefix+neutral,current,none,neutral,osm,29|street|contextual|neutral_medium
392897a536d4ee34,hẻm một nghìn năm trăm lẻ tám xuyệt một trăm bốn mươi mốt đường Nguyễn Ái Quốc gần đây không,street,street,hẻm một nghìn năm trăm lẻ tám xuyệt một trăm bốn mươi mốt đường Nguyễn Ái Quốc,osm_street_way_292410046,Đồng Nai,,,,Hẻm 1508/141 Đường Nguyễn Ái Quốc,,contextual,contextual_neutral_short_003,current+cardinal+prefix+neutral,current,cardinal,neutral,osm,29|street|contextual|neutral_short
04abc8712a06f561,"cho hỏi cái cho mình hỏi cái, từ đây qua hẻm hai mươi đường Số bốn đi lối nào",street,street,hẻm hai mươi đường Số bốn,osm_street_way_693087844,Đồng Nai,,,,Hẻm 20 Đường Số 4,,conversational,conversational_casual_long_003,current+cardinal+prefix+casual,current,cardinal,casual,osm,29|street|conversational|casual_long
faab0bd9a0edd9cd,biết phố Hồ Đắc Di ở tỉnh Đồng Nai ở đâu không,street,street,phố Hồ Đắc Di ở tỉnh Đồng Nai,osm_street_way_361095618,Đồng Nai,,,,Hồ Đắc Di,,conversational,conversational_casual_short_006,current+none+prefix+casual,current,none,casual,osm,29|street|conversational|casual_short
27c29165fab2cefa,tôi đang cần hỏi đường đến đường Tân Phước Khánh hai mươi tư ở tỉnh Đồng Nai ạ,street,street,đường Tân Phước Khánh hai mươi tư ở tỉnh Đồng Nai,osm_street_way_606647270,Đồng Nai,,,,Đường Tân Phước Khánh 24,,conversational,conversational_formal_medium_003,current+cardinal+prefix+formal,current,cardinal,formal,osm,29|street|conversational|formal_medium
1ca7f6cbb89e8b5f,tôi muốn hỏi đường tới đường chín Tháng bốn,street,street,đường chín Tháng bốn,osm_street_way_313558016,Đồng Nai,,,,Đường 9 Tháng 4,,conversational,conversational_neutral_medium_003,current+cardinal+prefix+neutral,current,cardinal,neutral,osm,29|street|conversational|neutral_medium
bf0c81a19f7a8d01,hỏi lối tới hẻm mười chín Trần Thị Điệu ở tỉnh Đồng Nai,street,street,hẻm mười chín Trần Thị Điệu ở tỉnh Đồng Nai,osm_street_way_697063457,Đồng Nai,,,,Hẻm 19 Trần Thị Điệu,,conversational,conversational_neutral_short_006,current+mixed+prefix+neutral,current,mixed,neutral,osm,29|street|conversational|neutral_short
7d1f07290116d8be,"dẫn mình tới hẻm hai đường Số tám với, mình không rành đường lắm với",street,street,hẻm hai đường Số tám,osm_street_way_609355121,Đồng Nai,,,,Hẻm 2 Đường Số 8,,nav_command,nav_command_casual_long_002,current+cardinal+prefix+casual,current,cardinal,casual,osm,29|street|nav_command|casual_long
1b2a327af0db8376,ghé hẻm tám trăm ba mươi lăm Nguyễn Duy Trinh ở tỉnh Bình Phước,street,street,hẻm tám trăm ba mươi lăm Nguyễn Duy Trinh ở tỉnh Bình Phước,osm_street_way_312920362,Đồng Nai,Bình Phước,,,Hẻm 835 Nguyễn Duy Trinh,,nav_command,nav_command_casual_short_007,legacy+cardinal+prefix+casual,legacy,cardinal,casual,osm,29|street|nav_command|casual_short
10e2f1f93a7b9e08,vui lòng chỉ đường tới hẻm hai năm không xin cảm ơn,street,street,hẻm hai năm không,osm_street_way_511886974,Đồng Nai,,,,Hẻm 250,,nav_command,nav_command_formal_medium_002,current+mixed+prefix+formal,current,mixed,formal,osm,29|street|nav_command|formal_medium
fa1a1b704ddea2a1,này dẫn giúp đường tới đường nờ mười năm bê ở tỉnh Đồng Nai với,street,street,đường nờ mười năm bê ở tỉnh Đồng Nai,osm_street_way_1377225745,Đồng Nai,,,,Đường N10-5B,,nav_command,nav_command_neutral_medium_006,current+cardinal+prefix+neutral,current,cardinal,neutral,osm,29|street|nav_command|neutral_medium
4c236f71a99b4507,tìm đường đến đường Hội Nghĩa năm mươi tám ở tỉnh Đồng Nai với,street,street,đường Hội Nghĩa năm mươi tám ở tỉnh Đồng Nai,osm_street_way_823521729,Đồng Nai,,,,Hội Nghĩa 58,,nav_command,nav_command_neutral_short_004,current+cardinal+prefix+neutral,current,cardinal,neutral,osm,29|street|nav_command|neutral_short
118af34c74b60380,"cho hỏi cái thế từ đây tới đường Hèm một nghìn ba trăm ba mươi hai ở tỉnh Đồng Nai xa không, đi đường nào cho gần",street,street,đường Hèm một nghìn ba trăm ba mươi hai ở tỉnh Đồng Nai,osm_street_way_605111330,Đồng Nai,,,,Hèm 1332,,route_question,route_question_casual_long_005,current+cardinal+prefix+casual,current,cardinal,casual,osm,29|street|route_question|casual_long
29e81f9c4f9366dd,tới hẻm một trăm ba mươi chín a hai lối nào vậy,street,street,hẻm một trăm ba mươi chín a hai,osm_street_way_609372226,Đồng Nai,,,,Hẻm 139A2,,route_question,route_question_casual_short_009,current+cardinal+prefix+casual,current,cardinal,casual,osm,29|street|route_question|casual_short
e88e89f0be619a91,xin hỏi từ đây tới phố Bùi Đình Túy đi lối nào ạ,street,street,phố Bùi Đình Túy,osm_street_way_566336009,Đồng Nai,,,,Bùi Đình Túy,,route_question,route_question_formal_medium_003,current+none+prefix+formal,current,none,formal,osm,29|street|route_question|formal_medium
dbc771b4b0ecb69d,đi Tôn Đản ở tỉnh Đồng Nai đường nào nhanh nhất,street,street,Tôn Đản ở tỉnh Đồng Nai,osm_street_way_606920716,Đồng Nai,,,,Tôn Đản,,route_question,route_question_neutral_medium_005,current+none+no_prefix+neutral,current,none,neutral,osm,29|street|route_question|neutral_medium
ac6ee3b6e0d228f9,đường dê hai không đi đường nào nhỉ,street,street,đường dê hai không,osm_street_way_146655153,Đồng Nai,,,,Đường D20,,route_question,route_question_neutral_short_003,current+digit_by_digit+prefix+neutral,current,digit_by_digit,neutral,osm,29|street|route_question|neutral_short
523b48ddeb7bec18,"cho hỏi cái kiếm giúp mình Bình Nhâm ba mươi mốt đi, mình đang đói meo rồi nha",street,street,Bình Nhâm ba mươi mốt,osm_street_way_612455062,Đồng Nai,,,,Đường Bình Nhâm 31,,search,search_casual_long_002,current+cardinal+no_prefix+casual,current,cardinal,casual,osm,29|street|search|casual_long
4651daf7b6bd7d22,dò đường mờ bốn ở tỉnh Đồng Nai,street,street,đường mờ bốn ở tỉnh Đồng Nai,osm_street_way_236361433,Đồng Nai,,,,Đường M4,,search,search_casual_short_004,current+digit_by_digit+prefix+casual,current,digit_by_digit,casual,osm,29|street|search|casual_short
80fdbd2ea10224c3,nhờ tìm giúp vị trí nờ gờ bốn ở tỉnh Đồng Nai ạ,street,street,nờ gờ bốn ở tỉnh Đồng Nai,osm_street_way_235010596,Đồng Nai,,,,Đường NG4,,search,search_formal_medium_002,current+digit_by_digit+no_prefix+formal,current,digit_by_digit,formal,osm,29|street|search|formal_medium
26d77a750c23afb4,kiếm giúp tôi chỗ hẻm hai trăm bảy mươi tám Man Thiện ở tỉnh Đồng Nai giúp tôi,street,street,hẻm hai trăm bảy mươi tám Man Thiện ở tỉnh Đồng Nai,osm_street_way_723270111,Đồng Nai,,,,Hẻm 278 Man Thiện,,search,search_neutral_medium_010,current+cardinal+prefix+neutral,current,cardinal,neutral,osm,29|street|search|neutral_medium
2812c7e14928b872,kiếm thử ĐX sáu mươi hai,street,street,ĐX sáu mươi hai,osm_street_way_567034736,Đồng Nai,,,,Đường ĐX 062,,search,search_neutral_short_009,current+cardinal+no_prefix+neutral,current,cardinal,neutral,osm,29|street|search|neutral_short
aac11f5b14ccbe88,"này ờ Phạm Hồng Thái ở tỉnh Đồng Nai đó, chạy thẳng tới luôn nha",street,street,Phạm Hồng Thái ở tỉnh Đồng Nai,osm_street_way_773789628,Đồng Nai,,,,Đường Phạm Hồng Thái,,short_command,short_command_casual_long_007,current+none+no_prefix+casual,current,none,casual,osm,29|street|short_command|casual_long
3edf034691f8640c,ghé hẻm một một đường Số ba tám ở tỉnh Đồng Nai tí nha,street,street,hẻm một một đường Số ba tám ở tỉnh Đồng Nai,osm_street_way_605534606,Đồng Nai,,,,Hẻm 11 Đường Số 38,,short_command,short_command_casual_short_003,current+digit_by_digit+prefix+casual,current,digit_by_digit,casual,osm,29|street|short_command|casual_short
a4a89715b007f25e,xin đi thẳng đến Tuần Tra Biên Giới,street,highway,Tuần Tra Biên Giới,osm_street_way_481582404,Đồng Nai,,,,Đường Tuần Tra Biên Giới,,short_command,short_command_formal_medium_008,current+none+no_prefix+formal,current,none,formal,osm,29|street|short_command|formal_medium
838061bd065abb21,rẽ vào đường Thuận Giao mười lăm với,street,street,đường Thuận Giao mười lăm,osm_street_way_1421956412,Đồng Nai,,,,Thuận Giao 15,,short_command,short_command_neutral_medium_004,current+cardinal+prefix+neutral,current,cardinal,neutral,osm,29|street|short_command|neutral_medium
68cc62ff2364d90d,về Huỳnh Thị Chấu giúp tôi,street,street,Huỳnh Thị Chấu,osm_street_way_322397067,Đồng Nai,,,,Đường Huỳnh Thị Chấu,,short_command,short_command_neutral_short_007,current+none+no_prefix+neutral,current,none,neutral,osm,29|street|short_command|neutral_short
1d3900e439d84606,cho hỏi chỉ đường đi tới xã Mỹ Lệ,admin_unit,ward,xã Mỹ Lệ,osm_ward_8437913,Tây Ninh,,,Mỹ Lệ,,,nav_command,nav_command_neutral_medium_004,current+none+prefix+neutral,current,none,neutral,manual,30|admin_unit|nav_command|neutral_medium
7b495806b2336f79,dẫn đường đến phường Long Hoa,admin_unit,ward,phường Long Hoa,osm_ward_15448140,Tây Ninh,,,Long Hoa,,,nav_command,nav_command_neutral_short_003,current+none+prefix+neutral,current,none,neutral,manual,30|admin_unit|nav_command|neutral_short
61a3c55c5bf55fee,ờ có ai biết đường đến Big C Bình Dương không,commercial,supermarket,Big C Bình Dương,osm_poi_node_5001651827,Tây Ninh,,,,,,conversational,conversational_neutral_medium_004,current+none+no_prefix+neutral,current,none,neutral,osm,30|commercial|conversational|neutral_medium
c715b15935e8884a,cho hỏi hướng nhà hàng bò tơ xuân đào nhé,commercial,restaurant,nhà hàng bò tơ xuân đào,osm_poi_node_4464322495,Tây Ninh,,,,,,conversational,conversational_neutral_short_005,current+none+no_prefix+neutral,current,none,neutral,osm,30|commercial|conversational|neutral_short
7a080c51628ddde8,chạy đến Pho ở tỉnh Tây Ninh,commercial,restaurant,Pho ở tỉnh Tây Ninh,osm_poi_node_13655077301,Tây Ninh,,,,,,nav_command,nav_command_casual_short_009,current+none+no_prefix+casual,current,none,casual,osm,30|commercial|nav_command|casual_short
4b5a2a2a634f44bc,à tìm giúp đường đến Heo Mọi II Quán ở tỉnh Tây Ninh,commercial,restaurant,Heo Mọi II Quán ở tỉnh Tây Ninh,osm_poi_node_4127550790,Tây Ninh,,,,,,nav_command,nav_command_neutral_medium_003,current+none+no_prefix+neutral,current,none,neutral,osm,30|commercial|nav_command|neutral_medium
3b1a9cc36834a725,chỉ đường tới QA-Bà tê mờ ba mươi tư Đường mười ba Tháng ba ca pê năm tê tê dê u Tiếng-Bình dê nờ gờ chín trăm bảy mươi tám triệu năm trăm bảy mươi hai nghìn năm trăm ba mươi mốt nhé,commercial,restaurant,QA-Bà tê mờ ba mươi tư Đường mười ba Tháng ba ca pê năm tê tê dê u Tiếng-Bình dê nờ gờ chín trăm bảy mươi tám triệu năm trăm bảy mươi hai nghìn năm trăm ba mươi mốt,osm_poi_node_7400646886,Tây Ninh,,,,,,nav_command,nav_command_neutral_short_002,current+cardinal+no_prefix+neutral,current,cardinal,neutral,osm,30|commercial|nav_command|neutral_short
661b9c36840fae5b,đường nào gần nhất đến Trạm xăng Vân Long ở tỉnh Tây Ninh,commercial,gas_station,Trạm xăng Vân Long ở tỉnh Tây Ninh,osm_poi_node_11073502676,Tây Ninh,,,,,,route_question,route_question_neutral_medium_004,current+none+no_prefix+neutral,current,none,neutral,osm,30|commercial|route_question|neutral_medium
fa6d7502a6cd4402,Nhà hàng Thu Thảo ở tỉnh Long An cũ đi đường nào nhỉ,commercial,restaurant,Nhà hàng Thu Thảo ở tỉnh Long An cũ,osm_poi_node_6440337834,Tây Ninh,Long An,,,,,route_question,route_question_neutral_short_003,legacy+none+no_prefix+neutral,legacy,none,neutral,osm,30|commercial|route_question|neutral_short
6aaa3b305f484815,mò tìm Nhà khách Hoa Hồng,commercial,hotel,Nhà khách Hoa Hồng,osm_poi_way_664546727,Tây Ninh,,,,,,search,search_casual_short_010,current+none+no_prefix+casual,current,none,casual,osm,30|commercial|search|casual_short
013c11dcb7e47017,cho tôi hỏi kiếm giúp tôi chỗ QA-Dê Thành Long-Hùng Vương-TT.Dầu Tiếng-Huyện Dầu Tiến-Bình dê nờ gờ chín trăm sáu mươi chín triệu không trăm lẻ chín nghìn ba trăm ba mươi chín ở tỉnh Tây Ninh với,commercial,restaurant,QA-Dê Thành Long-Hùng Vương-TT.Dầu Tiếng-Huyện Dầu Tiến-Bình dê nờ gờ chín trăm sáu mươi chín triệu không trăm lẻ chín nghìn ba trăm ba mươi chín ở tỉnh Tây Ninh,osm_poi_node_7409365890,Tây Ninh,,,,,,search,search_neutral_medium_010,current+cardinal+no_prefix+neutral,current,cardinal,neutral,osm,30|commercial|search|neutral_medium
e5edc47f6cdf3212,tìm thử Tiệm Bánh Kim Anh ở tỉnh Tây Ninh với,commercial,restaurant,Tiệm Bánh Kim Anh ở tỉnh Tây Ninh,osm_poi_node_6440646504,Tây Ninh,,,,,,search,search_neutral_short_008,current+none+no_prefix+neutral,current,none,neutral,osm,30|commercial|search|neutral_short
08163ccb9a2a3bb3,cho tôi hỏi tôi đang cần tìm đường đến số hai mươi Trịnh Phong Đáng nhé,street,street,số hai mươi Trịnh Phong Đáng,osm_street_way_907940922,Tây Ninh,,,,Đường số 20 Trịnh Phong Đáng,,conversational,conversational_neutral_medium_002,current+cardinal+no_prefix+neutral,current,cardinal,neutral,osm,30|street|conversational|neutral_medium
bd7af2c4abeb8150,hỏi hướng đến hẻm sáu Điện Biên Phủ với,street,street,hẻm sáu Điện Biên Phủ,osm_street_way_666230020,Tây Ninh,,,,Hẻm 6 Điện Biên Phủ,,conversational,conversational_neutral_short_010,current+cardinal+prefix+neutral,current,cardinal,neutral,osm,30|street|conversational|neutral_short
49b2ba03c4376126,đi số sáu hai năm ở tỉnh Tây Ninh,street,street,số sáu hai năm ở tỉnh Tây Ninh,osm_street_way_32576358,Tây Ninh,,,,Đường số 625,,nav_command,nav_command_casual_short_001,current+digit_by_digit+no_prefix+casual,current,digit_by_digit,casual,osm,30|street|nav_command|casual_short
5e6c79035a4a5f4c,cho mình hỏi thế tìm hộ đường đến đường số hai mươi ba Trịnh Phong Đáng ở tỉnh Tây Ninh với,street,street,đường số hai mươi ba Trịnh Phong Đáng ở tỉnh Tây Ninh,osm_street_way_1155719101,Tây Ninh,,,,Đường số 23 Trịnh Phong Đáng,,nav_command,nav_command_neutral_medium_009,current+cardinal+prefix+neutral,current,cardinal,neutral,osm,30|street|nav_command|neutral_medium
3ae79fa1209a6c46,chỉ đường tới ích chín mươi mốt ở tỉnh Tây Ninh giúp tôi,street,street,ích chín mươi mốt ở tỉnh Tây Ninh,osm_street_way_612857565,Tây Ninh,,,,Đường ĐX091,,nav_command,nav_command_neutral_short_002,current+cardinal+no_prefix+neutral,current,cardinal,neutral,osm,30|street|nav_command|neutral_short
9c9551eff71c12d9,từ đây đến hẻm tám trăm mười bảy đường Cách Mạng Tháng tám đi thế nào,street,street,hẻm tám trăm mười bảy đường Cách Mạng Tháng tám,osm_street_way_1103039057,Tây Ninh,,,,Hẻm 817 Đường Cách Mạng Tháng 8,,route_question,route_question_neutral_medium_001,current+cardinal+prefix+neutral,current,cardinal,neutral,osm,30|street|route_question|neutral_medium
39835ddaae82ea0b,tới Bùi Công Trừng ở tỉnh Tây Ninh đường nào,street,street,Bùi Công Trừng ở tỉnh Tây Ninh,osm_street_way_32902706,Tây Ninh,,,,Đường Bùi Công Trừng,,route_question,route_question_neutral_short_007,current+none+no_prefix+neutral,current,none,neutral,osm,30|street|route_question|neutral_short
92fa11d965e597c9,kiếm đường Bùi Công Trừng được không,street,street,đường Bùi Công Trừng,osm_street_way_32902702,Tây Ninh,,,,Bùi Công Trừng,,search,search_casual_short_002,current+none+prefix+casual,current,none,casual,osm,30|street|search|casual_short
b7f186a78cab9a15,tìm giúp tôi thông tin về đường DX một trăm hai mươi chín nhé,street,street,đường DX một trăm hai mươi chín,osm_street_way_263956393,Tây Ninh,,,,Đường DX 129,,search,search_neutral_medium_009,current+cardinal+prefix+neutral,current,cardinal,neutral,osm,30|street|search|neutral_medium
42ddbc913ff167c0,tra giúp phố Tân Châu-Tân Thành,street,street,phố Tân Châu-Tân Thành,osm_street_way_917377751,Tây Ninh,,,,Tân Châu-Tân Thành,,search,search_neutral_short_004,current+none+prefix+neutral,current,none,neutral,osm,30|street|search|neutral_short
44b79381272f2bb3,cho tôi xuống ở đường An Phú mười hai ở tỉnh Tây Ninh,street,street,đường An Phú mười hai ở tỉnh Tây Ninh,osm_street_way_776872552,Tây Ninh,,,,An Phú 12,,short_command,short_command_neutral_medium_006,current+cardinal+prefix+neutral,current,cardinal,neutral,osm,30|street|short_command|neutral_medium
bbc92c38bd24eea4,đến đường Số hai,street,street,đường Số hai,osm_street_way_1001443387,Tây Ninh,,,,Đường Số 02,,short_command,short_command_neutral_short_004,current+cardinal+prefix+neutral,current,cardinal,neutral,osm,30|street|short_command|neutral_short
fef226269666d51c,à mở giúp đường đi đến Nhị Long,admin_unit,ward,Nhị Long,osm_ward_15718164,Vĩnh Long,,,Nhị Long,,,nav_command,nav_command_neutral_medium_008,current+none+no_prefix+neutral,current,none,neutral,manual,31|admin_unit|nav_command|neutral_medium
1965e78aa1afa8cd,chỉ đường đến Long Hòa,admin_unit,ward,Long Hòa,osm_ward_15754872,Vĩnh Long,,,Long Hòa,,,nav_command,nav_command_neutral_short_001,current+none+no_prefix+neutral,current,none,neutral,manual,31|admin_unit|nav_command|neutral_short
5350f9a86b13ca6a,cho hỏi cho tôi hỏi đường đến Nghìn Lẻ Một Đêm,commercial,hotel,Nghìn Lẻ Một Đêm,osm_poi_node_12600829278,Vĩnh Long,,,,,,conversational,conversational_neutral_medium_001,current+none+no_prefix+neutral,current,none,neutral,osm,31|commercial|conversational|neutral_medium
688a445285ae5beb,hỏi đường về Co.opmart Tiểu Cần ở tỉnh Vĩnh Long nhé,commercial,supermarket,Co.opmart Tiểu Cần ở tỉnh Vĩnh Long,osm_poi_way_1384056488,Vĩnh Long,,,,,,conversational,conversational_neutral_short_008,current+none+no_prefix+neutral,current,none,neutral,osm,31|commercial|conversational|neutral_short
5035feb0a38f4e1d,vọt qua Tú xuyên giúp mình,commercial,restaurant,Tú xuyên,osm_poi_node_12600836991,Vĩnh Long,,,,,,nav_command,nav_command_casual_short_010,current+none+no_prefix+casual,current,none,casual,osm,31|commercial|nav_command|casual_short
3dc6ff0c5365e069,chỉ giúp lối đi đến Cửa hàng xăng dầu Động Cao ở tỉnh Vĩnh Long,commercial,gas_station,Cửa hàng xăng dầu Động Cao ở tỉnh Vĩnh Long,osm_poi_way_1308964773,Vĩnh Long,,,,,,nav_command,nav_command_neutral_medium_010,current+none+no_prefix+neutral,current,none,neutral,osm,31|commercial|nav_command|neutral_medium
9af27c09496284ab,chỉ đường tới Tú xuyên,commercial,restaurant,Tú xuyên,osm_poi_node_12600836991,Vĩnh Long,,,,,,nav_command,nav_command_neutral_short_002,current+none+no_prefix+neutral,current,none,neutral,osm,31|commercial|nav_command|neutral_short
210cba59c8e424db,từ đây đến Quán Tô Châu bao xa,commercial,restaurant,Quán Tô Châu,osm_poi_node_12598710294,Vĩnh Long,,,,,,route_question,route_question_neutral_medium_010,current+none+no_prefix+neutral,current,none,neutral,osm,31|commercial|route_question|neutral_medium
26b09efc10666022,"Định thủy, Mỏ Cày Nam, Bến Tre ở tỉnh Trà Vinh đi hướng nào nhỉ",commercial,bank,"Định thủy, Mỏ Cày Nam, Bến Tre ở tỉnh Trà Vinh",osm_poi_node_4552272403,Vĩnh Long,Trà Vinh,,,,,route_question,route_question_neutral_short_006,legacy+none+no_prefix+neutral,legacy,none,neutral,osm,31|commercial|route_question|neutral_short
3263290cdefc9f9b,mò tìm Mekong Home,commercial,hotel,Mekong Home,osm_poi_node_6280007101,Vĩnh Long,,,,,,search,search_casual_short_010,current+none+no_prefix+casual,current,none,casual,osm,31|commercial|search|casual_short
5b14677e89795f9b,này tra giúp tôi vị trí Petrol VINA,commercial,gas_station,Petrol VINA,osm_poi_node_7112200088,Vĩnh Long,,,,,,search,search_neutral_medium_003,current+none+no_prefix+neutral,current,none,neutral,osm,31|commercial|search|neutral_medium
119a64f788cddfc3,tra giúp Quân Nhậu ở tỉnh Vĩnh Long được không,commercial,restaurant,Quân Nhậu ở tỉnh Vĩnh Long,osm_poi_node_12600770655,Vĩnh Long,,,,,,search,search_neutral_short_004,current+none+no_prefix+neutral,current,none,neutral,osm,31|commercial|search|neutral_short
b7655d59d97444ca,cho hỏi chỉ mình đường tới huyện mười lăm ở tỉnh Vĩnh Long,street,street,huyện mười lăm ở tỉnh Vĩnh Long,osm_street_way_266163514,Vĩnh Long,,,,Đường huyện 15,,conversational,conversational_neutral_medium_005,current+cardinal+no_prefix+neutral,current,cardinal,neutral,osm,31|street|conversational|neutral_medium
0628a88cf042bb23,cho hỏi hướng phố Cầu Vĩnh Xuân ở tỉnh Vĩnh Long với,street,highway,phố Cầu Vĩnh Xuân ở tỉnh Vĩnh Long,osm_street_way_954808684,Vĩnh Long,,,,Cầu Vĩnh Xuân,,conversational,conversational_neutral_short_005,current+none+prefix+neutral,current,none,neutral,osm,31|street|conversational|neutral_short
613a0ef65cb3dea4,dẫn tới Lộ Nhà Thờ La Mã giúp mình,street,street,Lộ Nhà Thờ La Mã,osm_street_way_251579335,Vĩnh Long,,,,Lộ Nhà Thờ La Mã,,nav_command,nav_command_casual_short_005,current+none+no_prefix+casual,current,none,casual,osm,31|street|nav_command|casual_short
3e910beca28e15b0,cho tôi đường đi đến Cầu Hiệp Hưng giúp tôi,street,street,Cầu Hiệp Hưng,osm_street_way_753109497,Vĩnh Long,,,,Cầu Hiệp Hưng,,nav_command,nav_command_neutral_medium_002,current+none+no_prefix+neutral,current,none,neutral,osm,31|street|nav_command|neutral_medium
7476674aee10e2ce,cho đường đến đường huyện mười,street,street,đường huyện mười,osm_street_way_758503233,Vĩnh Long,,,,Đường huyện 10,,nav_command,nav_command_neutral_short_005,current+cardinal+prefix+neutral,current,cardinal,neutral,osm,31|street|nav_command|neutral_short
f2ad05c0682e2f13,này từ đây đến đường hai mươi sáu xuyệt ba đi thế nào,street,street,đường hai mươi sáu xuyệt ba,osm_street_way_497087446,Vĩnh Long,,,,Đường 26/3,,route_question,route_question_neutral_medium_001,current+cardinal+prefix+neutral,current,cardinal,neutral,osm,31|street|route_question|neutral_medium
7d8ed75f7abc9180,Trung Trị đi hướng nào,street,street,Trung Trị,osm_street_way_780609887,Vĩnh Long,,,,Đường Trung Trị,,route_question,route_question_neutral_short_006,current+none+no_prefix+neutral,current,none,neutral,osm,31|street|route_question|neutral_short
35a40c5399b0b663,kiếm giùm tỉnh chín trăm mười hai bê đi mà,street,highway,tỉnh chín trăm mười hai bê,osm_street_way_251150839,Vĩnh Long,,,,Đường tỉnh 912B,,search,search_casual_short_007,current+cardinal+no_prefix+casual,current,cardinal,casual,osm,31|street|search|casual_short
c1d4acc84bf6d983,này kiếm hộ tôi đường Cầu Đa Hoa hai giúp tôi,street,street,đường Cầu Đa Hoa hai,osm_street_way_1163533322,Vĩnh Long,,,,Cầu Đa Hoa 2,,search,search_neutral_medium_005,current+cardinal+prefix+neutral,current,cardinal,neutral,osm,31|street|search|neutral_medium
93d50c4f9f14c9d2,tìm thử Cầu Vũng Liêm ở tỉnh Vĩnh Long với,street,highway,Cầu Vũng Liêm ở tỉnh Vĩnh Long,osm_street_way_489558605,Vĩnh Long,,,,Cầu Vũng Liêm,,search,search_neutral_short_008,current+none+no_prefix+neutral,current,none,neutral,osm,31|street|search|neutral_short
f58f34c6c4b4f320,đi thẳng tới Phan Thanh Giản ở tỉnh Vĩnh Long,street,street,Phan Thanh Giản ở tỉnh Vĩnh Long,osm_street_way_712510854,Vĩnh Long,,,,Phan Thanh Giản,,short_command,short_command_neutral_medium_009,current+none+no_prefix+neutral,current,none,neutral,osm,31|street|short_command|neutral_medium
397f978d8c7f54a9,đến đường tỉnh chín ba bốn bê ở tỉnh Vĩnh Long,street,highway,đường tỉnh chín ba bốn bê ở tỉnh Vĩnh Long,osm_street_way_669691742,Vĩnh Long,,,,Đường tỉnh 934B,,short_command,short_command_neutral_short_004,current+digit_by_digit+prefix+neutral,current,digit_by_digit,neutral,osm,31|street|short_command|neutral_short
609f82f2fc8f7825,này ờ mở giúp đường đi đến xã Gò Công Đông giúp tôi,admin_unit,ward,xã Gò Công Đông,osm_ward_13568839,Đồng Tháp,,,Gò Công Đông,,,nav_command,nav_command_neutral_medium_008,current+none+prefix+neutral,current,none,neutral,manual,32|admin_unit|nav_command|neutral_medium
98875e3b44b892fe,tìm đường đến xã Hiệp Đức ở tỉnh Đồng Tháp,admin_unit,ward,xã Hiệp Đức ở tỉnh Đồng Tháp,osm_ward_15012708,Đồng Tháp,,,Hiệp Đức,,,nav_command,nav_command_neutral_short_004,current+none+prefix+neutral,current,none,neutral,manual,32|admin_unit|nav_command|neutral_short
619a5108ab2081ed,tôi đang cần tìm đường đến Bội ở tỉnh Tiền Giang cũ với,commercial,restaurant,Bội ở tỉnh Tiền Giang cũ,osm_poi_node_8957848617,Đồng Tháp,Tiền Giang,,,,,conversational,conversational_neutral_medium_002,legacy+none+no_prefix+neutral,legacy,none,neutral,osm,32|commercial|conversational|neutral_medium
e16a66ef2d51a3e0,cho hỏi hướng Ngân hàng Vietinbank được không,commercial,bank,Ngân hàng Vietinbank,osm_poi_node_1798919829,Đồng Tháp,,,,,,conversational,conversational_neutral_short_005,current+none+no_prefix+neutral,current,none,neutral,osm,32|commercial|conversational|neutral_short
54aaf7d607ba3615,đi đại Lý phân phối phân hưu cơ NaNo Đức & Israel đi,commercial,supermarket,đại Lý phân phối phân hưu cơ NaNo Đức & Israel,osm_poi_node_5274894721,Đồng Tháp,,,,,,nav_command,nav_command_casual_short_001,current+none+no_prefix+casual,current,none,casual,osm,32|commercial|nav_command|casual_short
147e0f09d007f4e0,này dẫn giúp đường tới Mì Vịt Tiềm được không,commercial,restaurant,Mì Vịt Tiềm,osm_poi_node_4314127690,Đồng Tháp,,,,,,nav_command,nav_command_neutral_medium_006,current+none+no_prefix+neutral,current,none,neutral,osm,32|commercial|nav_command|neutral_medium
e6bebf5926eb4435,chỉ lối đến Ngân Hàng Tmcp Đông Á - Cn Bến Tre ở tỉnh Đồng Tháp nhé,commercial,bank,Ngân Hàng Tmcp Đông Á - Cn Bến Tre ở tỉnh Đồng Tháp,osm_poi_node_10799461464,Đồng Tháp,,,,,,nav_command,nav_command_neutral_short_006,current+none+no_prefix+neutral,current,none,neutral,osm,32|commercial|nav_command|neutral_short
9833dcab3849bed9,muốn tới QTD nhân dân Tân Hội Đông ở tỉnh Đồng Tháp thì đi đường nào,commercial,bank,QTD nhân dân Tân Hội Đông ở tỉnh Đồng Tháp,osm_poi_node_4737402723,Đồng Tháp,,,,,,route_question,route_question_neutral_medium_003,current+none+no_prefix+neutral,current,none,neutral,osm,32|commercial|route_question|neutral_medium
766a935c505c744a,đến Chợ Nông Sản Thanh Bình ở tỉnh Đồng Tháp đi đường nào vậy,commercial,supermarket,Chợ Nông Sản Thanh Bình ở tỉnh Đồng Tháp,osm_poi_node_3763489447,Đồng Tháp,,,,,,route_question,route_question_neutral_short_001,current+none+no_prefix+neutral,current,none,neutral,osm,32|commercial|route_question|neutral_short
a90e7e15e7c96b75,lục tìm Ốc Lá với,commercial,restaurant,Ốc Lá,osm_poi_node_12298423693,Đồng Tháp,,,,,,search,search_casual_short_009,current+none+no_prefix+casual,current,none,casual,osm,32|commercial|search|casual_short
d7244ee915506ab5,cho hỏi tìm hộ tôi vị trí Chợ Đất Sét với,commercial,supermarket,Chợ Đất Sét,osm_poi_node_3775978165,Đồng Tháp,,,,,,search,search_neutral_medium_006,current+none+no_prefix+neutral,current,none,neutral,osm,32|commercial|search|neutral_medium
10d3b7d3bd11f96d,tìm giúp tôi Com Tam Kieu Giang ở tỉnh Đồng Tháp nhé,commercial,restaurant,Com Tam Kieu Giang ở tỉnh Đồng Tháp,osm_poi_node_4812716021,Đồng Tháp,,,,,,search,search_neutral_short_001,current+none+no_prefix+neutral,current,none,neutral,osm,32|commercial|search|neutral_short
d7211cac6f627295,tôi đang cần tìm đường đến Cầu Cống Song Thuận nhé,street,highway,Cầu Cống Song Thuận,osm_street_way_1158889361,Đồng Tháp,,,,Cầu Cống Song Thuận,,conversational,conversational_neutral_medium_002,current+none+no_prefix+neutral,current,none,neutral,osm,32|street|conversational|neutral_medium
90ee83473169ecd8,cho hỏi đường phố Cầu Cây Dông ở tỉnh Đồng Tháp được không,street,highway,phố Cầu Cây Dông ở tỉnh Đồng Tháp,osm_street_way_901143910,Đồng Tháp,,,,Cầu Cây Dông,,conversational,conversational_neutral_short_007,current+none+prefix+neutral,current,none,neutral,osm,32|street|conversational|neutral_short
fe1c29185be821b6,chạy đến đường Cầu Kênh nờ hai ở tỉnh Đồng Tháp đi mà,street,street,đường Cầu Kênh nờ hai ở tỉnh Đồng Tháp,osm_street_way_1534184152,Đồng Tháp,,,,Cầu Kênh N2,,nav_command,nav_command_casual_short_009,current+cardinal+prefix+casual,current,cardinal,casual,osm,32|street|nav_command|casual_short
c6798c7e83c620b6,cho hỏi tìm giúp đường đến phố Cầu Cần Xây giúp tôi,street,highway,phố Cầu Cần Xây,osm_street_way_142093469,Đồng Tháp,,,,Cầu Cần Xây,,nav_command,nav_command_neutral_medium_003,current+none+prefix+neutral,current,none,neutral,osm,32|street|nav_command|neutral_medium
0d8c67c191e462bd,chỉ hướng đến Phan Huy Ích ở tỉnh Đồng Tháp với,street,street,Phan Huy Ích ở tỉnh Đồng Tháp,osm_street_way_767613941,Đồng Tháp,,,,Phan Huy Ích,,nav_command,nav_command_neutral_short_009,current+none+no_prefix+neutral,current,none,neutral,osm,32|street|nav_command|neutral_short
55d1d2b59f00e0fe,muốn tới phố Hồ Bá Kiện thì đi đường nào,street,street,phố Hồ Bá Kiện,osm_street_way_767617367,Đồng Tháp,,,,Hồ Bá Kiện,,route_question,route_question_neutral_medium_003,current+none+prefix+neutral,current,none,neutral,osm,32|street|route_question|neutral_medium
d3df819db104fdbb,đường Lộ Bình Phước đi kiểu gì,street,street,đường Lộ Bình Phước,osm_street_way_844310515,Đồng Tháp,,,,Lộ Bình Phước,,route_question,route_question_neutral_short_009,current+none+prefix+neutral,current,none,neutral,osm,32|street|route_question|neutral_short
24b07e684dd442ae,lục tìm phố Cầu Ấp Tân Hưng,street,highway,phố Cầu Ấp Tân Hưng,osm_street_way_146588805,Đồng Tháp,,,,Cầu Ấp Tân Hưng,,search,search_casual_short_009,current+none+prefix+casual,current,none,casual,osm,32|street|search|casual_short
556bc2ce1c057276,cho hỏi tìm hộ tôi vị trí An Ninh ở tỉnh Tiền Giang giúp tôi,street,street,An Ninh ở tỉnh Tiền Giang,osm_street_way_768651548,Đồng Tháp,Tiền Giang,,,Đường An Ninh,,search,search_neutral_medium_006,legacy+none+no_prefix+neutral,legacy,none,neutral,osm,32|street|search|neutral_medium
8ef6a1b768b2c640,kiếm giúp Xẻo Mây,street,street,Xẻo Mây,osm_street_way_680670192,Đồng Tháp,,,,Xẻo Mây,,search,search_neutral_short_003,current+none+no_prefix+neutral,current,none,neutral,osm,32|street|search|neutral_short
2646308875f1d440,này chạy thẳng đến đường Đào Tông Nguyên ở tỉnh Đồng Tháp,street,street,đường Đào Tông Nguyên ở tỉnh Đồng Tháp,osm_street_way_32586306,Đồng Tháp,,,,Đường Đào Tông Nguyên,,short_command,short_command_neutral_medium_003,current+none+prefix+neutral,current,none,neutral,osm,32|street|short_command|neutral_medium
d3c0d840a9b487e6,đường Phú Hòa,street,street,đường Phú Hòa,osm_street_way_826613448,Đồng Tháp,,,,Đường Phú Hòa,,short_command,short_command_neutral_short_001,current+none+prefix+neutral,current,none,neutral,osm,32|street|short_command|neutral_short
9427d2d059327252,cho mình hỏi tìm hộ đường đến Tân Thành,admin_unit,ward,Tân Thành,osm_ward_10623732,Cà Mau,,,Tân Thành,,,nav_command,nav_command_neutral_medium_009,current+none+no_prefix+neutral,current,none,neutral,manual,33|admin_unit|nav_command|neutral_medium
8b82b10db7f1552b,đưa đường đến xã Phong Hiệp ở tỉnh Bạc Liêu,admin_unit,ward,xã Phong Hiệp ở tỉnh Bạc Liêu,osm_ward_15682115,Cà Mau,Bạc Liêu,,Phong Hiệp,,,nav_command,nav_command_neutral_short_008,legacy+none+prefix+neutral,legacy,none,neutral,manual,33|admin_unit|nav_command|neutral_short
9b90db3675e34feb,cho tôi hỏi đường đến Quán Ăn Rợ,commercial,restaurant,Quán Ăn Rợ,osm_poi_node_10928131013,Cà Mau,,,,,,conversational,conversational_neutral_medium_001,current+none+no_prefix+neutral,current,none,neutral,osm,33|commercial|conversational|neutral_medium
871ff669b9e4f46e,hỏi đường tới Thiên Lộc ở tỉnh Cà Mau được không,commercial,hotel,Thiên Lộc ở tỉnh Cà Mau,osm_poi_node_12603973330,Cà Mau,,,,,,conversational,conversational_neutral_short_002,current+none+no_prefix+neutral,current,none,neutral,osm,33|commercial|conversational|neutral_short
7d178e97649410c5,qua Khách sạn Hòn Đá Bạc ở tỉnh Bạc Liêu cũ đi,commercial,hotel,Khách sạn Hòn Đá Bạc ở tỉnh Bạc Liêu cũ,osm_poi_way_243516739,Cà Mau,Bạc Liêu,,,,,nav_command,nav_command_casual_short_003,legacy+none+no_prefix+casual,legacy,none,casual,osm,33|commercial|nav_command|casual_short
40502ca5d70a0a7d,chỉ giúp lối đi đến Anh Nguyet hotel ở tỉnh Cà Mau với,commercial,hotel,Anh Nguyet hotel ở tỉnh Cà Mau,osm_poi_node_4575383376,Cà Mau,,,,,,nav_command,nav_command_neutral_medium_010,current+none+no_prefix+neutral,current,none,neutral,osm,33|commercial|nav_command|neutral_medium
37a86225b754289f,chỉ hướng đến Hoàng Hôn ở tỉnh Cà Mau,commercial,restaurant,Hoàng Hôn ở tỉnh Cà Mau,osm_poi_node_7983371618,Cà Mau,,,,,,nav_command,nav_command_neutral_short_009,current+none+no_prefix+neutral,current,none,neutral,osm,33|commercial|nav_command|neutral_short
e52a697b289f76cf,đi Triều Phát đường nào nhanh nhất giúp tôi,commercial,restaurant,Triều Phát,osm_poi_node_4184997390,Cà Mau,,,,,,route_question,route_question_neutral_medium_005,current+none+no_prefix+neutral,current,none,neutral,osm,33|commercial|route_question|neutral_medium
15c0642a88866acc,đến Khách sạn Hòn Đá Bạc đi đường nào,commercial,hotel,Khách sạn Hòn Đá Bạc,osm_poi_way_243516739,Cà Mau,,,,,,route_question,route_question_neutral_short_001,current+none+no_prefix+neutral,current,none,neutral,osm,33|commercial|route_question|neutral_short
9c164e834dbc8e98,kiếm Căn Tin Restaurant ở tỉnh Cà Mau đi mà,commercial,restaurant,Căn Tin Restaurant ở tỉnh Cà Mau,osm_poi_way_1228794107,Cà Mau,,,,,,search,search_casual_short_002,current+none+no_prefix+casual,current,none,casual,osm,33|commercial|search|casual_short
713cae81644f2714,này tra cứu giúp tôi Khách Sạn Quốc Tế ở tỉnh Cà Mau,commercial,hotel,Khách Sạn Quốc Tế ở tỉnh Cà Mau,osm_poi_node_4575374297,Cà Mau,,,,,,search,search_neutral_medium_008,current+none+no_prefix+neutral,current,none,neutral,osm,33|commercial|search|neutral_medium
6c57c7c605e73e4e,kiếm chỗ Tiệm bánh An's Cake,commercial,restaurant,Tiệm bánh An's Cake,osm_poi_node_8783903154,Cà Mau,,,,,,search,search_neutral_short_006,current+none+no_prefix+neutral,current,none,neutral,osm,33|commercial|search|neutral_short
c7ec255276f21517,cho hỏi cho tôi xin đường đi đường Thế Lữ với,street,street,đường Thế Lữ,osm_street_way_565592877,Cà Mau,,,,Thế Lữ,,conversational,conversational_neutral_medium_008,current+none+prefix+neutral,current,none,neutral,osm,33|street|conversational|neutral_medium
016af613565b0b63,cho hỏi đường đến phố Trịnh Hoài Đức được không,street,street,phố Trịnh Hoài Đức,osm_street_way_798520342,Cà Mau,,,,Trịnh Hoài Đức,,conversational,conversational_neutral_short_001,current+none+prefix+neutral,current,none,neutral,osm,33|street|conversational|neutral_short
471fc56e6dcb29e9,đi đường Phạm Thế Hiển ở tỉnh Cà Mau,street,street,đường Phạm Thế Hiển ở tỉnh Cà Mau,osm_street_way_565584218,Cà Mau,,,,Đường Phạm Thế Hiển,,nav_command,nav_command_casual_short_001,current+none+prefix+casual,current,none,casual,osm,33|street|nav_command|casual_short
dcf85a73a399225f,cho tôi hỏi chỉ tuyến đường đến đường huyện Vân Khánh Tây ở tỉnh Cà Mau với,street,street,đường huyện Vân Khánh Tây ở tỉnh Cà Mau,osm_street_way_767929905,Cà Mau,,,,Đường huyện Vân Khánh Tây,,nav_command,nav_command_neutral_medium_007,current+none+prefix+neutral,current,none,neutral,osm,33|street|nav_command|neutral_medium
e8af17f2a8a05720,mở đường đến Huỳnh Ngọc Diệp được không,street,street,Huỳnh Ngọc Diệp,osm_street_way_567092520,Cà Mau,,,,Huỳnh Ngọc Diệp,,nav_command,nav_command_neutral_short_007,current+none+no_prefix+neutral,current,none,neutral,osm,33|street|nav_command|neutral_short
3d39ee0edf209ca0,cho tôi hỏi đến phố ĐT. chín tám hai ở tỉnh Cà Mau đi lối nào,street,highway,phố ĐT. chín tám hai ở tỉnh Cà Mau,osm_street_way_765870837,Cà Mau,,,,ĐT. 982,,route_question,route_question_neutral_medium_006,current+digit_by_digit+prefix+neutral,current,digit_by_digit,neutral,osm,33|street|route_question|neutral_medium
a1f9e4f3a991255b,tới ĐT. chín sáu năm ở tỉnh Cà Mau đi lối nào vậy,street,highway,ĐT. chín sáu năm ở tỉnh Cà Mau,osm_street_way_814286638,Cà Mau,,,,ĐT. 965,,route_question,route_question_neutral_short_002,current+digit_by_digit+no_prefix+neutral,current,digit_by_digit,neutral,osm,33|street|route_question|neutral_short
736f0cc37b91f8bd,dò Phù Kim Liên được không,street,street,Phù Kim Liên,osm_street_way_565584221,Cà Mau,,,,Phù Kim Liên,,search,search_casual_short_004,current+none+no_prefix+casual,current,none,casual,osm,33|street|search|casual_short
93dc745270e6d119,cho mình hỏi kiếm giúp tôi chỗ Cây Gừa ở tỉnh Cà Mau được không,street,street,Cây Gừa ở tỉnh Cà Mau,osm_street_way_548514981,Cà Mau,,,,Cây Gừa,,search,search_neutral_medium_010,current+none+no_prefix+neutral,current,none,neutral,osm,33|street|search|neutral_medium
d1f75b36ddebd99b,tìm vị trí phố Cầu Cái Tắc ở tỉnh Cà Mau,street,highway,phố Cầu Cái Tắc ở tỉnh Cà Mau,osm_street_way_304390041,Cà Mau,,,,Cầu Cái Tắc,,search,search_neutral_short_007,current+none+prefix+neutral,current,none,neutral,osm,33|street|search|neutral_short
2dd4237c667a07c4,dừng lại ở đường Quang Trung,street,street,đường Quang Trung,osm_street_way_146172362,Cà Mau,,,,Quang Trung,,short_command,short_command_neutral_medium_005,current+none+prefix+neutral,current,none,neutral,osm,33|street|short_command|neutral_medium
b7c41b388f275509,vào đường ĐT. chín sáu năm với,street,highway,đường ĐT. chín sáu năm,osm_street_way_814286638,Cà Mau,,,,ĐT. 965,,short_command,short_command_neutral_short_008,current+digit_by_digit+prefix+neutral,current,digit_by_digit,neutral,osm,33|street|short_command|neutral_short
ee72f0622c6b3c96,này chỉ giúp lối đi đến xã Bình Thạnh Đông,admin_unit,ward,xã Bình Thạnh Đông,osm_ward_14676462,An Giang,,,Bình Thạnh Đông,,,nav_command,nav_command_neutral_medium_010,current+none+prefix+neutral,current,none,neutral,manual,34|admin_unit|nav_command|neutral_medium
d13be314f0f14101,chỉ lối đến Thạnh Đông ở tỉnh An Giang,admin_unit,ward,Thạnh Đông ở tỉnh An Giang,osm_ward_15449915,An Giang,,,Thạnh Đông,,,nav_command,nav_command_neutral_short_006,current+none+no_prefix+neutral,current,none,neutral,manual,34|admin_unit|nav_command|neutral_short
7b25f082aaf84b9f,này chỉ mình đường tới Nhà Hàng Gành Dầu Cảng ở tỉnh An Giang được không,commercial,restaurant,Nhà Hàng Gành Dầu Cảng ở tỉnh An Giang,osm_poi_node_11843666061,An Giang,,,,,,conversational,conversational_neutral_medium_005,current+none+no_prefix+neutral,current,none,neutral,osm,34|commercial|conversational|neutral_medium
7cf0366e598f0bca,cho hỏi ngả tới Bò Tơ Quán ở tỉnh An Giang giúp tôi,commercial,restaurant,Bò Tơ Quán ở tỉnh An Giang,osm_poi_node_5930573886,An Giang,,,,,,conversational,conversational_neutral_short_009,current+none+no_prefix+neutral,current,none,neutral,osm,34|commercial|conversational|neutral_short
4243e87615208735,vọt qua Phu Quoc Valley Resort ở tỉnh An Giang cái nhé,commercial,hotel,Phu Quoc Valley Resort ở tỉnh An Giang,osm_poi_node_5290673737,An Giang,,,,,,nav_command,nav_command_casual_short_010,current+none+no_prefix+casual,current,none,casual,osm,34|commercial|nav_command|casual_short
a143ff4990643481,cho mình hỏi chỉ tuyến đường đến Quán Tám Thuận - Phở Bò Hà Nội,commercial,restaurant,Quán Tám Thuận - Phở Bò Hà Nội,osm_poi_node_11873236305,An Giang,,,,,,nav_command,nav_command_neutral_medium_007,current+none+no_prefix+neutral,current,none,neutral,osm,34|commercial|nav_command|neutral_medium
2f80862b059cbc42,chỉ đường tới Trung nguyen hotel,commercial,hotel,Trung nguyen hotel,osm_poi_node_1316465835,An Giang,,,,,,nav_command,nav_command_neutral_short_002,current+none+no_prefix+neutral,current,none,neutral,osm,34|commercial|nav_command|neutral_short
b20802b8665f198d,này từ đây tới Kim Co Hotel đi kiểu gì nhỉ,commercial,hotel,Kim Co Hotel,osm_poi_node_4968881226,An Giang,,,,,,route_question,route_question_neutral_medium_002,current+none+no_prefix+neutral,current,none,neutral,osm,34|commercial|route_question|neutral_medium
b8f504e77632e5b6,đến Com chay lối nào,commercial,restaurant,Com chay,osm_poi_node_6282467319,An Giang,,,,,,route_question,route_question_neutral_short_008,current+none+no_prefix+neutral,current,none,neutral,osm,34|commercial|route_question|neutral_short
04aac83d3cd25dd4,dò Bao Tam Lau ở tỉnh An Giang được không,commercial,hotel,Bao Tam Lau ở tỉnh An Giang,osm_poi_node_4882604225,An Giang,,,,,,search,search_casual_short_004,current+none+no_prefix+casual,current,none,casual,osm,34|commercial|search|casual_short
26d1b3e11c1dff5d,này tra cứu giúp tôi Phu Quoc Oi ở tỉnh An Giang,commercial,restaurant,Phu Quoc Oi ở tỉnh An Giang,osm_poi_node_6134720094,An Giang,,,,,,search,search_neutral_medium_008,current+none+no_prefix+neutral,current,none,neutral,osm,34|commercial|search|neutral_medium
2b55e9c601374b9f,tra giúp Hải Sản Phượng giúp tôi,commercial,restaurant,Hải Sản Phượng,osm_poi_node_5350278722,An Giang,,,,,,search,search_neutral_short_004,current+none+no_prefix+neutral,current,none,neutral,osm,34|commercial|search|neutral_short
ab17c66bfa3fb18d,cho tôi hỏi đường đến Lâm Thị Chi,street,street,Lâm Thị Chi,osm_street_way_1119995453,An Giang,,,,Lâm Thị Chi,,conversational,conversational_neutral_medium_001,current+none+no_prefix+neutral,current,none,neutral,osm,34|street|conversational|neutral_medium
ba65b551e0d087e5,hỏi đường đi phố Nguyễn Văn Tố,street,street,phố Nguyễn Văn Tố,osm_street_way_565205170,An Giang,,,,Nguyễn Văn Tố,,conversational,conversational_neutral_short_004,current+none+prefix+neutral,current,none,neutral,osm,34|street|conversational|neutral_short
8efbd5df3d80cbef,ghé đường Cầm Bá Thước,street,street,đường Cầm Bá Thước,osm_street_way_685664866,An Giang,,,,Cầm Bá Thước,,nav_command,nav_command_casual_short_007,current+none+prefix+casual,current,none,casual,osm,34|street|nav_command|casual_short
cd4d8b95ac411595,chỉ giúp tôi đường đến đường Trần Thanh Lạc nhé,street,street,đường Trần Thanh Lạc,osm_street_way_967513913,An Giang,,,,Trần Thanh Lạc,,nav_command,nav_command_neutral_medium_001,current+none+prefix+neutral,current,none,neutral,osm,34|street|nav_command|neutral_medium
89c6273bd902558e,đưa đường đến đường Bà Huyện Thanh Quan nhé,street,street,đường Bà Huyện Thanh Quan,osm_street_way_685444921,An Giang,,,,Bà Huyện Thanh Quan,,nav_command,nav_command_neutral_short_008,current+none+prefix+neutral,current,none,neutral,osm,34|street|nav_command|neutral_short
e0a46689b16a1b06,từ chỗ này đến phố Văn Tiến Dũng đi hướng nào nhỉ,street,street,phố Văn Tiến Dũng,osm_street_way_494472410,An Giang,,,,Văn Tiến Dũng,,route_question,route_question_neutral_medium_009,current+none+prefix+neutral,current,none,neutral,osm,34|street|route_question|neutral_medium
f3a2b32328d58cd6,đường Tôn Thất Tùng đi đường nào vậy,street,street,đường Tôn Thất Tùng,osm_street_way_142664350,An Giang,,,,Tôn Thất Tùng,,route_question,route_question_neutral_short_003,current+none+prefix+neutral,current,none,neutral,osm,34|street|route_question|neutral_short
c9e326c2d91f26a7,tìm Cầu Thứ Tư nha,street,street,Cầu Thứ Tư,osm_street_way_792268459,An Giang,,,,Cầu Thứ Tư,,search,search_casual_short_001,current+none+no_prefix+casual,current,none,casual,osm,34|street|search|casual_short
7ec8cce0a47e959d,cho hỏi tra giúp tôi vị trí phố Cầu Cả Cầm,street,highway,phố Cầu Cả Cầm,osm_street_way_771885151,An Giang,,,,Cầu Cả Cầm,,search,search_neutral_medium_003,current+none+prefix+neutral,current,none,neutral,osm,34|street|search|neutral_medium
c739868569f98fbf,dò giúp phố Minh Mạng,street,street,phố Minh Mạng,osm_street_way_766326319,An Giang,,,,Minh Mạng,,search,search_neutral_short_010,current+none+prefix+neutral,current,none,neutral,osm,34|street|search|neutral_short
f204e7d0143b69b7,à dừng lại ở đường Lâm Vồ ở tỉnh An Giang,street,street,đường Lâm Vồ ở tỉnh An Giang,osm_street_way_142178527,An Giang,,,,Đường Lâm Vồ,,short_command,short_command_neutral_medium_005,current+none+prefix+neutral,current,none,neutral,osm,34|street|short_command|neutral_medium
e711fe71e7937183,về Dương Thị Sen ở tỉnh Kiên Giang được không,street,street,Dương Thị Sen ở tỉnh Kiên Giang,osm_street_way_565200108,An Giang,Kiên Giang,,,Dương Thị Sen,,short_command,short_command_neutral_short_007,legacy+none+no_prefix+neutral,legacy,none,neutral,osm,34|street|short_command|neutral_short
